recomb_multiplier	k_adapt	gamma_shape	replicate	seed
0.5	1000	0.1	1	361981876297608450
0.5	1000	0.2	1	2042786418164905500
0.5	1000	0.4	1	2194141184471892500
0.5	10000	0.1	1	2247349877582155800
0.5	10000	0.2	1	260339929822941820
0.5	10000	0.4	1	761284027991050200
1	1000	0.1	1	1507942673954314800
1	1000	0.2	1	572075874352044860
1	1000	0.4	1	987223455954396900
1	10000	0.1	1	1791258998928079e3
1	10000	0.2	1	2267183837699194600
1	10000	0.4	1	2087182358768428800
2	1000	0.1	1	451879078486053200
2	1000	0.2	1	706456447711742600
2	1000	0.4	1	2040994459796439e3
2	10000	0.1	1	1043425897442768900
2	10000	0.2	1	2021557664865314600
2	10000	0.4	1	1308071458758439700
4	1000	0.1	1	2220904715379386600
4	1000	0.2	1	1541752419316732400
4	1000	0.4	1	1232808506122668300
4	10000	0.1	1	500395933665508160
4	10000	0.2	1	195634890036073e4
4	10000	0.4	1	1230074365582394400
0.5	1000	0.1	2	1401494770751843300
0.5	1000	0.2	2	1936513827799743500
0.5	1000	0.4	2	1145756528067942700
0.5	10000	0.1	2	522382383294888960
0.5	10000	0.2	2	969903858891864700
0.5	10000	0.4	2	516092094787156740
1	1000	0.1	2	662766107190936400
1	1000	0.2	2	2229653540057376e3
1	1000	0.4	2	1606591524709869600
1	10000	0.1	2	1097886752476602600
1	10000	0.2	2	1450121569342329300
1	10000	0.4	2	845468674622980100
2	1000	0.1	2	349469606037527400
2	1000	0.2	2	1471224052403311e3
2	1000	0.4	2	150498757030351870
2	10000	0.1	2	1781383810697957e3
2	10000	0.2	2	578942992328127500
2	10000	0.4	2	2128537365405072400
4	1000	0.1	2	516808370019790850
4	1000	0.2	2	930238790873997600
4	1000	0.4	2	1169154477460799e3
4	10000	0.1	2	480783517197522750
4	10000	0.2	2	760843755450245200
4	10000	0.4	2	2229533332350454300
0.5	1000	0.1	3	20033458968783644
0.5	1000	0.2	3	1717869523402222e3
0.5	1000	0.4	3	1125133375822682800
0.5	10000	0.1	3	1469097257638652200
0.5	10000	0.2	3	785910355418781800
0.5	10000	0.4	3	1845301447117982200
1	1000	0.1	3	465749916642284400
1	1000	0.2	3	1362466554315699e3
1	1000	0.4	3	1241129976199721500
1	10000	0.1	3	380226567962609900
1	10000	0.2	3	720004640018139500
1	10000	0.4	3	86039707715544460
2	1000	0.1	3	2292266218249546e3
2	1000	0.2	3	759482509957029600
2	1000	0.4	3	1287853922939412e3
2	10000	0.1	3	1754353643733059800
2	10000	0.2	3	1304818676589560600
2	10000	0.4	3	1545621340733264400
4	1000	0.1	3	1948262931945055e3
4	1000	0.2	3	265247798037083040
4	1000	0.4	3	51499470387781784
4	10000	0.1	3	1236663149619375e3
4	10000	0.2	3	622964286543571600
4	10000	0.4	3	690584995032543500
0.5	1000	0.1	4	1815229650853320200
0.5	1000	0.2	4	1904225645403202600
0.5	1000	0.4	4	298987525786830340
0.5	10000	0.1	4	1301022102613250600
0.5	10000	0.2	4	1312150251771311600
0.5	10000	0.4	4	290706245623482100
1	1000	0.1	4	2171062644147312600
1	1000	0.2	4	661215092954127200
1	1000	0.4	4	1161804278767223800
1	10000	0.1	4	1429018952850467600
1	10000	0.2	4	97892815366408640
1	10000	0.4	4	436718119740469300
2	1000	0.1	4	1240528543679506200
2	1000	0.2	4	29964653526561072
2	1000	0.4	4	1722829511928855e3
2	10000	0.1	4	2181736305796277200
2	10000	0.2	4	65997377147506870
2	10000	0.4	4	683169076643291100
4	1000	0.1	4	1068605942848231700
4	1000	0.2	4	57506793547315450
4	1000	0.4	4	1007313339548773400
4	10000	0.1	4	2058829235845728e3
4	10000	0.2	4	360636783625935900
4	10000	0.4	4	1938711663083998200
0.5	1000	0.1	5	1613113763868055300
0.5	1000	0.2	5	1504972613052178400
0.5	1000	0.4	5	983202803138425300
0.5	10000	0.1	5	276762406586343460
0.5	10000	0.2	5	664328539630834300
0.5	10000	0.4	5	206486164706538200
1	1000	0.1	5	1081692757272583800
1	1000	0.2	5	9639257029436880
1	1000	0.4	5	1655550718495982600
1	10000	0.1	5	1837517593976565800
1	10000	0.2	5	1017686850738928400
1	10000	0.4	5	998763918901963100
2	1000	0.1	5	1666580622740881400
2	1000	0.2	5	518335114385952640
2	1000	0.4	5	22375781689572452
2	10000	0.1	5	511552030796502800
2	10000	0.2	5	1668178844862407400
2	10000	0.4	5	2270750579544177e3
4	1000	0.1	5	1992487828997556700
4	1000	0.2	5	2066294646220287700
4	1000	0.4	5	1849857844594844400
4	10000	0.1	5	895475356752215200
4	10000	0.2	5	288514912727911360
4	10000	0.4	5	1996852882610632700
0.5	1000	0.1	6	1063684931100374300
0.5	1000	0.2	6	1513263478884293600
0.5	1000	0.4	6	2.1970514788456161e+18
0.5	10000	0.1	6	864615043156879400
0.5	10000	0.2	6	2220574497213334e3
0.5	10000	0.4	6	1620416882376751600
1	1000	0.1	6	1975547912966774800
1	1000	0.2	6	204451052117916e4
1	1000	0.4	6	1140863724458539600
1	10000	0.1	6	2271575287009715500
1	10000	0.2	6	1951041061414238700
1	10000	0.4	6	2235727238627641300
2	1000	0.1	6	1688856062293186300
2	1000	0.2	6	1454464834960302300
2	1000	0.4	6	1522999217400790800
2	10000	0.1	6	826371503433876e3
2	10000	0.2	6	1581992789370288600
2	10000	0.4	6	615798523113398800
4	1000	0.1	6	2131583474164993500
4	1000	0.2	6	2.3501275040739722e+17
4	1000	0.4	6	1952002326876227800
4	10000	0.1	6	1912448311949238e3
4	10000	0.2	6	1226143618990346800
4	10000	0.4	6	210082340400162e4
0.5	1000	0.1	7	1582795617575531500
0.5	1000	0.2	7	2030089754080946200
0.5	1000	0.4	7	2061709183015670300
0.5	10000	0.1	7	801957164326368100
0.5	10000	0.2	7	1118989527646748400
0.5	10000	0.4	7	1079064434809674500
1	1000	0.1	7	1749522160174903800
1	1000	0.2	7	1166737641096212700
1	1000	0.4	7	1967940348760501800
1	10000	0.1	7	1599851224126461400
1	10000	0.2	7	526228317569673900
1	10000	0.4	7	249885663941981280
2	1000	0.1	7	1645179173770042400
2	1000	0.2	7	78053437275933140
2	1000	0.4	7	2162381482292034600
2	10000	0.1	7	1083336905571715800
2	10000	0.2	7	1673332571270446600
2	10000	0.4	7	1388418153654098700
4	1000	0.1	7	947191783844722200
4	1000	0.2	7	85794174191288460
4	1000	0.4	7	172924541453099260
4	10000	0.1	7	1792290812699927600
4	10000	0.2	7	1782626848910713300
4	10000	0.4	7	780478082469250200
0.5	1000	0.1	8	1009988980718176500
0.5	1000	0.2	8	305432719897822460
0.5	1000	0.4	8	828259452543241700
0.5	10000	0.1	8	1568931234181880800
0.5	10000	0.2	8	828827294432358100
0.5	10000	0.4	8	1239206100288492800
1	1000	0.1	8	204912121502875260
1	1000	0.2	8	1315203736974807800
1	1000	0.4	8	295670583612048300
1	10000	0.1	8	1401867413517471e3
1	10000	0.2	8	1492500501749337600
1	10000	0.4	8	1629711047514463e3
2	1000	0.1	8	1610955038140126700
2	1000	0.2	8	1.6723038526297722e+17
2	1000	0.4	8	5.1816098153085357e+17
2	10000	0.1	8	1683891911923197e3
2	10000	0.2	8	2195411635340072700
2	10000	0.4	8	1988886745112366600
4	1000	0.1	8	801000400718951600
4	1000	0.2	8	757682516922698800
4	1000	0.4	8	1224858325087504400
4	10000	0.1	8	1699495662965262300
4	10000	0.2	8	165267630370854140
4	10000	0.4	8	452308080496901440
0.5	1000	0.1	9	101404756614360880
0.5	1000	0.2	9	1168615938031073e3
0.5	1000	0.4	9	922554570129978500
0.5	10000	0.1	9	744025354487362200
0.5	10000	0.2	9	636147001040947700
0.5	10000	0.4	9	1763544253002503700
1	1000	0.1	9	37764620323361336
1	1000	0.2	9	574492906870448960
1	1000	0.4	9	369946700997954700
1	10000	0.1	9	2300871430161943600
1	10000	0.2	9	1997115294602283800
1	10000	0.4	9	948929243182272600
2	1000	0.1	9	1089482436564804500
2	1000	0.2	9	92670867908952260
2	1000	0.4	9	1634281583994982100
2	10000	0.1	9	44528217273783030
2	10000	0.2	9	1.2530434005157921e+18
2	10000	0.4	9	30717925770629448
4	1000	0.1	9	1017482199762901800
4	1000	0.2	9	2044202603395936e3
4	1000	0.4	9	710869218322730100
4	10000	0.1	9	695869363785664500
4	10000	0.2	9	1006963868754016300
4	10000	0.4	9	1608011305726762500
0.5	1000	0.1	10	1395826831395723e3
0.5	1000	0.2	10	235132392078582900
0.5	1000	0.4	10	2003625343303919e3
0.5	10000	0.1	10	1516727581164051200
0.5	10000	0.2	10	546815489041513100
0.5	10000	0.4	10	1901253540866595300
1	1000	0.1	10	1787684605853830700
1	1000	0.2	10	659848332255936e3
1	1000	0.4	10	1248891344192907800
1	10000	0.1	10	918949284207985900
1	10000	0.2	10	1329412888082004700
1	10000	0.4	10	115742893817780900
2	1000	0.1	10	2170845247606996e3
2	1000	0.2	10	1766871880535387100
2	1000	0.4	10	1047876151180109400
2	10000	0.1	10	1112404940426960400
2	10000	0.2	10	1469345489292883500
2	10000	0.4	10	1071629247585576400
4	1000	0.1	10	366484794652681860
4	1000	0.2	10	2287552491627275500
4	1000	0.4	10	1916702021619464200
4	10000	0.1	10	1939223154305530600
4	10000	0.2	10	2166560664531529200
4	10000	0.4	10	491003867565565800
0.5	1000	0.1	11	595572808149653900
0.5	1000	0.2	11	1243234334248831500
0.5	1000	0.4	11	1571839473660355e3
0.5	10000	0.1	11	1710475422248689e3
0.5	10000	0.2	11	922461593335799e3
0.5	10000	0.4	11	1927090960780432400
1	1000	0.1	11	933935199042929900
1	1000	0.2	11	3.0932995238393683e+17
1	1000	0.4	11	1239541396691218200
1	10000	0.1	11	2298901352340211200
1	10000	0.2	11	937084892668086900
1	10000	0.4	11	1.7581492391703199e+18
2	1000	0.1	11	1145709363280610700
2	1000	0.2	11	362784832584531100
2	1000	0.4	11	1557602583174827e3
2	10000	0.1	11	1722955788131772200
2	10000	0.2	11	972958835314949800
2	10000	0.4	11	2053467108822944800
4	1000	0.1	11	2126847642279565300
4	1000	0.2	11	355207286769433700
4	1000	0.4	11	421667409875075300
4	10000	0.1	11	548243878731100700
4	10000	0.2	11	1714949700006832400
4	10000	0.4	11	1775797356028902e3
0.5	1000	0.1	12	221754641341927360
0.5	1000	0.2	12	1691292036866085400
0.5	1000	0.4	12	1064750546051173100
0.5	10000	0.1	12	723305114227571e3
0.5	10000	0.2	12	8.3270851677939994e+17
0.5	10000	0.4	12	1703630888352458e3
1	1000	0.1	12	1774577611721619e3
1	1000	0.2	12	1281673464081833200
1	1000	0.4	12	5.4318191607060557e+17
1	10000	0.1	12	529037531565419100
1	10000	0.2	12	2103271774543014100
1	10000	0.4	12	1750323566130783200
2	1000	0.1	12	1217331656878062e3
2	1000	0.2	12	2293766782792638e3
2	1000	0.4	12	1233458541255923500
2	10000	0.1	12	1976160144816401e3
2	10000	0.2	12	219256115673452060
2	10000	0.4	12	1230968123018007300
4	1000	0.1	12	1860705742901734100
4	1000	0.2	12	1765266105164146e3
4	1000	0.4	12	1930705565677383400
4	10000	0.1	12	2186731334597551e3
4	10000	0.2	12	175267939006075200
4	10000	0.4	12	15181814983187096
0.5	1000	0.1	13	1758192120633813800
0.5	1000	0.2	13	8.5652070274427994e+17
0.5	1000	0.4	13	721809740552047600
0.5	10000	0.1	13	2122691732710774e3
0.5	10000	0.2	13	2200978422208563e3
0.5	10000	0.4	13	2218466830626958300
1	1000	0.1	13	1199408840938903600
1	1000	0.2	13	540898769642483460
1	1000	0.4	13	1818575364948444e3
1	10000	0.1	13	1535155764073425700
1	10000	0.2	13	387252978577498240
1	10000	0.4	13	1260863636577879800
2	1000	0.1	13	144339173203318900
2	1000	0.2	13	292657238840417700
2	1000	0.4	13	309822535627003100
2	10000	0.1	13	925089549036015700
2	10000	0.2	13	104610376984646690
2	10000	0.4	13	1194892981102079e3
4	1000	0.1	13	2168405009849484800
4	1000	0.2	13	274613860984987870
4	1000	0.4	13	1098829405104999800
4	10000	0.1	13	1796339175422903800
4	10000	0.2	13	81591650619767860
4	10000	0.4	13	1445900962077217800
0.5	1000	0.1	14	1903375529398494700
0.5	1000	0.2	14	1122718050441206500
0.5	1000	0.4	14	2.0572891051310561e+18
0.5	10000	0.1	14	100426522830229020
0.5	10000	0.2	14	1018386240194389500
0.5	10000	0.4	14	1402627948341946400
1	1000	0.1	14	1256142434908299800
1	1000	0.2	14	774944532080513800
1	1000	0.4	14	1369002675533498400
1	10000	0.1	14	134291367081709360
1	10000	0.2	14	1657177264161957400
1	10000	0.4	14	2120860114620835800
2	1000	0.1	14	2240704034905563600
2	1000	0.2	14	587764368553962600
2	1000	0.4	14	908570713139410600
2	10000	0.1	14	1787511523045132300
2	10000	0.2	14	2222691135057413400
2	10000	0.4	14	61595131805074896
4	1000	0.1	14	234033050269409700
4	1000	0.2	14	1757857082189161e3
4	1000	0.4	14	1599341307411537e3
4	10000	0.1	14	4.6934846451875917e+17
4	10000	0.2	14	1838547175262740500
4	10000	0.4	14	199573402903395070
0.5	1000	0.1	15	833109114214294400
0.5	1000	0.2	15	875534893985409900
0.5	1000	0.4	15	148575972898859070
0.5	10000	0.1	15	347379104256868600
0.5	10000	0.2	15	163578644235773660
0.5	10000	0.4	15	40166763052392896
1	1000	0.1	15	585832621131214e3
1	1000	0.2	15	260040257525810080
1	1000	0.4	15	403592595040939140
1	10000	0.1	15	1526088047366095e3
1	10000	0.2	15	916543238948036e3
1	10000	0.4	15	2231416132845319200
2	1000	0.1	15	1966893096444564500
2	1000	0.2	15	1627935112357249500
2	1000	0.4	15	1455183165424828400
2	10000	0.1	15	970092111534131600
2	10000	0.2	15	1019619841141142300
2	10000	0.4	15	693869511341591700
4	1000	0.1	15	1698622512764870100
4	1000	0.2	15	2044423253443320800
4	1000	0.4	15	710001970963641300
4	10000	0.1	15	650638928848133200
4	10000	0.2	15	2179182204797250800
4	10000	0.4	15	50453377200814584
0.5	1000	0.1	16	1586855460244769e3
0.5	1000	0.2	16	872954202100124800
0.5	1000	0.4	16	828635144716199600
0.5	10000	0.1	16	319318483186995800
0.5	10000	0.2	16	220524816699962430
0.5	10000	0.4	16	425809899014740500
1	1000	0.1	16	2116569323504541200
1	1000	0.2	16	2209454749218101200
1	1000	0.4	16	1010240668289069800
1	10000	0.1	16	1407922150059460900
1	10000	0.2	16	355522811578434900
1	10000	0.4	16	1671601200508077800
2	1000	0.1	16	627709885776294900
2	1000	0.2	16	1867376039534759700
2	1000	0.4	16	899702551155992600
2	10000	0.1	16	1987258213269110800
2	10000	0.2	16	1553624634084355800
2	10000	0.4	16	2034405926760516e3
4	1000	0.1	16	1404292041199110700
4	1000	0.2	16	1400090825837160700
4	1000	0.4	16	445777527742104060
4	10000	0.1	16	261883354900492350
4	10000	0.2	16	1545274373720565200
4	10000	0.4	16	754472362043518e3
0.5	1000	0.1	17	1627324267736415700
0.5	1000	0.2	17	1551086825893669e3
0.5	1000	0.4	17	1727852341035405300
0.5	10000	0.1	17	496610318869604900
0.5	10000	0.2	17	2266777304936927700
0.5	10000	0.4	17	1801722371614112800
1	1000	0.1	17	661774348183560800
1	1000	0.2	17	1315851089082057200
1	1000	0.4	17	2242622434186866700
1	10000	0.1	17	195505465070142400
1	10000	0.2	17	1752497472182225400
1	10000	0.4	17	1782863138982129700
2	1000	0.1	17	1434849971414280700
2	1000	0.2	17	1632891403751816e3
2	1000	0.4	17	968532028124668400
2	10000	0.1	17	2174984208529011700
2	10000	0.2	17	116129405549489570
2	10000	0.4	17	301836922553446140
4	1000	0.1	17	597761686312359200
4	1000	0.2	17	1935624118677596200
4	1000	0.4	17	120720638809026300
4	10000	0.1	17	2287372867127919e3
4	10000	0.2	17	1287439834388297500
4	10000	0.4	17	722046280029221200
0.5	1000	0.1	18	210203601284085060
0.5	1000	0.2	18	766747020713458700
0.5	1000	0.4	18	573987919800614900
0.5	10000	0.1	18	1056322531658768400
0.5	10000	0.2	18	499396388586046800
0.5	10000	0.4	18	2051219930744564500
1	1000	0.1	18	1656274624373765e3
1	1000	0.2	18	16773342545042316
1	1000	0.4	18	718554053282059e3
1	10000	0.1	18	212218287703378940
1	10000	0.2	18	697030376405709200
1	10000	0.4	18	1204285633490906600
2	1000	0.1	18	1376080046572339e3
2	1000	0.2	18	81667592494699520
2	1000	0.4	18	1023894815699720200
2	10000	0.1	18	969785087905867900
2	10000	0.2	18	1168104205665160200
2	10000	0.4	18	1576412472921287200
4	1000	0.1	18	1379698575211730400
4	1000	0.2	18	1373214865528100900
4	1000	0.4	18	1827687673927924500
4	10000	0.1	18	1358162726289607200
4	10000	0.2	18	1669563024035446300
4	10000	0.4	18	866870317233002600
0.5	1000	0.1	19	1.4522047883568122e+17
0.5	1000	0.2	19	437358734759151800
0.5	1000	0.4	19	1085091426809938600
0.5	10000	0.1	19	1233813809940294e3
0.5	10000	0.2	19	1107567891659151900
0.5	10000	0.4	19	2231727114111955500
1	1000	0.1	19	199875330541127940
1	1000	0.2	19	643606069338701800
1	1000	0.4	19	2270189347561934300
1	10000	0.1	19	190511717555175780
1	10000	0.2	19	1398963288634046500
1	10000	0.4	19	84913447222391140
2	1000	0.1	19	959469903400868600
2	1000	0.2	19	2013086891138836200
2	1000	0.4	19	1562653104881688600
2	10000	0.1	19	1045877290418451100
2	10000	0.2	19	1692907158557439700
2	10000	0.4	19	198790827948630500
4	1000	0.1	19	1530698075366320400
4	1000	0.2	19	1035556679123793900
4	1000	0.4	19	604134289082564900
4	10000	0.1	19	421062960353038800
4	10000	0.2	19	53415484927520680
4	10000	0.4	19	716774696021434e3
0.5	1000	0.1	20	431251986228918400
0.5	1000	0.2	20	1173790303474351e3
0.5	1000	0.4	20	459077827851885500
0.5	10000	0.1	20	2240268572356690400
0.5	10000	0.2	20	2130829811080957e3
0.5	10000	0.4	20	572005464280525e3
1	1000	0.1	20	196681950628263360
1	1000	0.2	20	471338850375523400
1	1000	0.4	20	867238348869634700
1	10000	0.1	20	1752602840378924500
1	10000	0.2	20	278312617024492900
1	10000	0.4	20	1237083605229875700
2	1000	0.1	20	595664658022982800
2	1000	0.2	20	943313145890615300
2	1000	0.4	20	1.3157919107365279e+18
2	10000	0.1	20	89646518839398770
2	10000	0.2	20	1120312046940876e3
2	10000	0.4	20	1686138212586091800
4	1000	0.1	20	1690569655995528e3
4	1000	0.2	20	1279830334728892e3
4	1000	0.4	20	70049676062022824
4	10000	0.1	20	101253449190076980
4	10000	0.2	20	2230600246921827300
4	10000	0.4	20	1377853872599967700
0.5	1000	0.1	21	1528787563281965e3
0.5	1000	0.2	21	1.8629709753181482e+17
0.5	1000	0.4	21	2244142960814851600
0.5	10000	0.1	21	907063137830138900
0.5	10000	0.2	21	424602442399605200
0.5	10000	0.4	21	1411281079953460700
1	1000	0.1	21	1914638094108891100
1	1000	0.2	21	353601432956857860
1	1000	0.4	21	1976199312773769700
1	10000	0.1	21	216114897229907360
1	10000	0.2	21	1359600572038019e3
1	10000	0.4	21	2222141207312825300
2	1000	0.1	21	1925995192711450600
2	1000	0.2	21	3.6571582272603277e+17
2	1000	0.4	21	6.4758880879295194e+17
2	10000	0.1	21	352096845496302140
2	10000	0.2	21	2098204395659451400
2	10000	0.4	21	1084356816449139500
4	1000	0.1	21	2065054842778391e3
4	1000	0.2	21	1886853182230771500
4	1000	0.4	21	2118132447882317300
4	10000	0.1	21	943405954207811e3
4	10000	0.2	21	1029769672956614700
4	10000	0.4	21	345698706618702850
0.5	1000	0.1	22	1826945446338670600
0.5	1000	0.2	22	1446407495191823600
0.5	1000	0.4	22	1078787734265216e3
0.5	10000	0.1	22	772088075201534e3
0.5	10000	0.2	22	1087458759662885100
0.5	10000	0.4	22	205454582530628160
1	1000	0.1	22	2165058829921877500
1	1000	0.2	22	1207233345994876e3
1	1000	0.4	22	1463686182481858600
1	10000	0.1	22	161522213633672e3
1	10000	0.2	22	1.2151759542592479e+18
1	10000	0.4	22	1180320397000235e3
2	1000	0.1	22	855106998868678900
2	1000	0.2	22	1750630795138775300
2	1000	0.4	22	2049767047285057e3
2	10000	0.1	22	978528178134129300
2	10000	0.2	22	2107186957463749600
2	10000	0.4	22	1127442182921310500
4	1000	0.1	22	793301899688523500
4	1000	0.2	22	236404707556043260
4	1000	0.4	22	2058650400317589500
4	10000	0.1	22	428876436252799800
4	10000	0.2	22	1118195738148727300
4	10000	0.4	22	72313896241868430
0.5	1000	0.1	23	1562241977291815700
0.5	1000	0.2	23	1381084615879537700
0.5	1000	0.4	23	1392045659448785700
0.5	10000	0.1	23	620646498025805300
0.5	10000	0.2	23	1014965281179778800
0.5	10000	0.4	23	762174116248402200
1	1000	0.1	23	195686926316918620
1	1000	0.2	23	1247881378871459600
1	1000	0.4	23	1.9984228058852321e+18
1	10000	0.1	23	455874907967061700
1	10000	0.2	23	1611413252108564e3
1	10000	0.4	23	1.2321575407337439e+18
2	1000	0.1	23	1907095413062436400
2	1000	0.2	23	986977652060889100
2	1000	0.4	23	1621153190905440800
2	10000	0.1	23	63385964920424930
2	10000	0.2	23	1812860218374840300
2	10000	0.4	23	1347827762888966700
4	1000	0.1	23	194449696928124740
4	1000	0.2	23	1058535394676590300
4	1000	0.4	23	1547538357061678e3
4	10000	0.1	23	1838665581772752400
4	10000	0.2	23	1684364269893757200
4	10000	0.4	23	15260187732971010
0.5	1000	0.1	24	1880768925085969400
0.5	1000	0.2	24	878926253030941200
0.5	1000	0.4	24	73055319411393150
0.5	10000	0.1	24	1188046207347045400
0.5	10000	0.2	24	1806808210626382e3
0.5	10000	0.4	24	970833906238092300
1	1000	0.1	24	478704838955932500
1	1000	0.2	24	287149084225868800
1	1000	0.4	24	2190899522207980500
1	10000	0.1	24	859011355863106700
1	10000	0.2	24	1029466824472115700
1	10000	0.4	24	156060556642456700
2	1000	0.1	24	451399704542352100
2	1000	0.2	24	2185602081835490800
2	1000	0.4	24	193528637273730980
2	10000	0.1	24	220828869855275e4
2	10000	0.2	24	1313917816944276e3
2	10000	0.4	24	750552148394666900
4	1000	0.1	24	301990633811269440
4	1000	0.2	24	2006209652161861400
4	1000	0.4	24	616248227014095600
4	10000	0.1	24	1354237070923414e3
4	10000	0.2	24	1644608326890279700
4	10000	0.4	24	2123111422791005200
0.5	1000	0.1	25	2083214939285914e3
0.5	1000	0.2	25	199344191985651400
0.5	1000	0.4	25	708300757067206300
0.5	10000	0.1	25	756749064790226e3
0.5	10000	0.2	25	575267270198792600
0.5	10000	0.4	25	557781429169462850
1	1000	0.1	25	1999152711419562200
1	1000	0.2	25	1980481621739827200
1	1000	0.4	25	565763173177510100
1	10000	0.1	25	1435910890070022700
1	10000	0.2	25	625493150068215700
1	10000	0.4	25	276372553776093570
2	1000	0.1	25	1591187579650252800
2	1000	0.2	25	387812503328546700
2	1000	0.4	25	786140120686864900
2	10000	0.1	25	321492868483958800
2	10000	0.2	25	1897592309629279700
2	10000	0.4	25	1514680538523936e3
4	1000	0.1	25	690046229061689600
4	1000	0.2	25	1504195890920085e3
4	1000	0.4	25	519080549846663100
4	10000	0.1	25	1581497097318269400
4	10000	0.2	25	685992459474426200
4	10000	0.4	25	759838077215480200
0.5	1000	0.1	26	802878339231276400
0.5	1000	0.2	26	585678851762174300
0.5	1000	0.4	26	153825149777724700
0.5	10000	0.1	26	431332811830553e3
0.5	10000	0.2	26	1765953700025548500
0.5	10000	0.4	26	2134856812426359e3
1	1000	0.1	26	1178509222418874e3
1	1000	0.2	26	1595502432741674200
1	1000	0.4	26	1309047333011306500
1	10000	0.1	26	2092692753935618300
1	10000	0.2	26	1195761844904001300
1	10000	0.4	26	915256817594492900
2	1000	0.1	26	102806377039081660
2	1000	0.2	26	1425752055151264800
2	1000	0.4	26	428248210121295600
2	10000	0.1	26	1801876383988752600
2	10000	0.2	26	1612501519326794e3
2	10000	0.4	26	959590829741651100
4	1000	0.1	26	1301176810783546600
4	1000	0.2	26	290733120610629700
4	1000	0.4	26	1992598193045818400
4	10000	0.1	26	1732055894014333400
4	10000	0.2	26	477876128163659100
4	10000	0.4	26	2098551376566147600
0.5	1000	0.1	27	727646069992879500
0.5	1000	0.2	27	663923778335810800
0.5	1000	0.4	27	1413800036450461400
0.5	10000	0.1	27	709371039272192800
0.5	10000	0.2	27	265184274079778100
0.5	10000	0.4	27	268402699265713500
1	1000	0.1	27	1712094069675083300
1	1000	0.2	27	1228144539498632700
1	1000	0.4	27	538560607603279500
1	10000	0.1	27	1040375864834764900
1	10000	0.2	27	931584265806703600
1	10000	0.4	27	950808422584373600
2	1000	0.1	27	441265429330926e3
2	1000	0.2	27	247356011920431780
2	1000	0.4	27	1651278952758385200
2	10000	0.1	27	156616585790163300
2	10000	0.2	27	2051550845128157700
2	10000	0.4	27	779728599578495700
4	1000	0.1	27	574006983125137860
4	1000	0.2	27	1104164491147540600
4	1000	0.4	27	1118388184943248100
4	10000	0.1	27	1.3667572873700321e+18
4	10000	0.2	27	1589995551142324700
4	10000	0.4	27	1497508246002596900
0.5	1000	0.1	28	794941307004775600
0.5	1000	0.2	28	835379144507931400
0.5	1000	0.4	28	1726904932168405800
0.5	10000	0.1	28	1453524141786195500
0.5	10000	0.2	28	140602697530447730
0.5	10000	0.4	28	401894297415769660
1	1000	0.1	28	2159563306907745800
1	1000	0.2	28	640837340339349100
1	1000	0.4	28	497255767018262600
1	10000	0.1	28	906652156987232600
1	10000	0.2	28	1849588063770468900
1	10000	0.4	28	850762710651378e3
2	1000	0.1	28	1728202167383521300
2	1000	0.2	28	1872736039854679300
2	1000	0.4	28	408268293790086700
2	10000	0.1	28	499442957499775500
2	10000	0.2	28	1706115170900061700
2	10000	0.4	28	619349253645038e3
4	1000	0.1	28	1578280366235970600
4	1000	0.2	28	1181520877101744400
4	1000	0.4	28	1103675651335681200
4	10000	0.1	28	1904666673275814e3
4	10000	0.2	28	1481983162836356600
4	10000	0.4	28	1149282849921760800
0.5	1000	0.1	29	2242204010385973800
0.5	1000	0.2	29	1759561860349017600
0.5	1000	0.4	29	1503596235900419800
0.5	10000	0.1	29	894701446583525200
0.5	10000	0.2	29	2208164684759210200
0.5	10000	0.4	29	2268244471888372700
1	1000	0.1	29	2102947312602987e3
1	1000	0.2	29	839401732628718500
1	1000	0.4	29	1546959544668938200
1	10000	0.1	29	402992015518630800
1	10000	0.2	29	797701403227095800
1	10000	0.4	29	69853920149101150
2	1000	0.1	29	484845735793120900
2	1000	0.2	29	1222742471782045200
2	1000	0.4	29	1765396980617778700
2	10000	0.1	29	4.3602409678525683e+17
2	10000	0.2	29	1241452248550603300
2	10000	0.4	29	873977188018719200
4	1000	0.1	29	2028967671914146600
4	1000	0.2	29	1254712150497977900
4	1000	0.4	29	1009764462153152300
4	10000	0.1	29	774621452228576500
4	10000	0.2	29	1240351901800512800
4	10000	0.4	29	1034849417190348700
0.5	1000	0.1	30	1555059117492198e3
0.5	1000	0.2	30	116886784747535180
0.5	1000	0.4	30	262434620422671360
0.5	10000	0.1	30	983015219898352300
0.5	10000	0.2	30	771346151807787e3
0.5	10000	0.4	30	1091096054424906e3
1	1000	0.1	30	995516797400709200
1	1000	0.2	30	937416062049371900
1	1000	0.4	30	2055588447605765400
1	10000	0.1	30	1569852859026428e3
1	10000	0.2	30	2029294043168316400
1	10000	0.4	30	516931778145778700
2	1000	0.1	30	1675296865368178700
2	1000	0.2	30	197713201892772e4
2	1000	0.4	30	1425113992839697400
2	10000	0.1	30	1472162884824424400
2	10000	0.2	30	1477363600717900500
2	10000	0.4	30	1540517318733514200
4	1000	0.1	30	123346021601818510
4	1000	0.2	30	865746364716857e3
4	1000	0.4	30	1604994350676802e3
4	10000	0.1	30	654447690721780100
4	10000	0.2	30	2080494290596960300
4	10000	0.4	30	231721162478743680
0.5	1000	0.1	31	1825253697346880500
0.5	1000	0.2	31	1798195636463751400
0.5	1000	0.4	31	877213849396120400
0.5	10000	0.1	31	760230198643905700
0.5	10000	0.2	31	134910892929687460
0.5	10000	0.4	31	710382642936909300
1	1000	0.1	31	2264977138705203500
1	1000	0.2	31	360492641769188200
1	1000	0.4	31	1320901845099404500
1	10000	0.1	31	1439672835918978300
1	10000	0.2	31	1859709225730155e3
1	10000	0.4	31	1965085387406621700
2	1000	0.1	31	1898875977736660200
2	1000	0.2	31	339636641580798200
2	1000	0.4	31	1386041880011964400
2	10000	0.1	31	2117457616725544e3
2	10000	0.2	31	1891240331085103e3
2	10000	0.4	31	1126677067477329200
4	1000	0.1	31	1569869967320859100
4	1000	0.2	31	778776130920813800
4	1000	0.4	31	2181565784839752700
4	10000	0.1	31	1542800149199322600
4	10000	0.2	31	2303269406086888400
4	10000	0.4	31	1776182992030275600
0.5	1000	0.1	32	197089127795040800
0.5	1000	0.2	32	2233782857504213e3
0.5	1000	0.4	32	1451010537590996500
0.5	10000	0.1	32	34348746807435296
0.5	10000	0.2	32	457558955019737400
0.5	10000	0.4	32	1868130125085648600
1	1000	0.1	32	1426885619262931200
1	1000	0.2	32	829105301120848400
1	1000	0.4	32	2015742657332156400
1	10000	0.1	32	2165291509366298600
1	10000	0.2	32	106488356117730830
1	10000	0.4	32	1742323695090948e3
2	1000	0.1	32	1226953916686641700
2	1000	0.2	32	416071765888054460
2	1000	0.4	32	807877892019300600
2	10000	0.1	32	1105428865594066e3
2	10000	0.2	32	347084158277785660
2	10000	0.4	32	483496552475382300
4	1000	0.1	32	1112654925337616e3
4	1000	0.2	32	1866944532546618600
4	1000	0.4	32	7.7911184195325606e+17
4	10000	0.1	32	2025040765171912e3
4	10000	0.2	32	2121199044274115e3
4	10000	0.4	32	1628708022365325300
0.5	1000	0.1	33	2016313061343110400
0.5	1000	0.2	33	1561269836627534e3
0.5	1000	0.4	33	1482773261950368800
0.5	10000	0.1	33	1242584219284088600
0.5	10000	0.2	33	1238639465944614400
0.5	10000	0.4	33	1657764770767466200
1	1000	0.1	33	1102134597067902700
1	1000	0.2	33	1725217108547415e3
1	1000	0.4	33	2294884603886337300
1	10000	0.1	33	2170756578246143500
1	10000	0.2	33	2218433019169321200
1	10000	0.4	33	1850067574547970800
2	1000	0.1	33	419952062455738200
2	1000	0.2	33	2204421887219753e3
2	1000	0.4	33	2250178043904652300
2	10000	0.1	33	1654314238697427200
2	10000	0.2	33	294286635046244500
2	10000	0.4	33	337161643204591800
4	1000	0.1	33	713330646388434400
4	1000	0.2	33	634016939147173200
4	1000	0.4	33	881221922624454e3
4	10000	0.1	33	786901841146208600
4	10000	0.2	33	561248287995392260
4	10000	0.4	33	66879486373407e4
0.5	1000	0.1	34	801465589210079600
0.5	1000	0.2	34	141819328774380860
0.5	1000	0.4	34	1368521341426921500
0.5	10000	0.1	34	1870828620831612e3
0.5	10000	0.2	34	705883228202671700
0.5	10000	0.4	34	1597928775105854500
1	1000	0.1	34	1828652802367825700
1	1000	0.2	34	2108656011850669800
1	1000	0.4	34	1133663610867374800
1	10000	0.1	34	2144710647675079200
1	10000	0.2	34	1346890170211769300
1	10000	0.4	34	2304072849944747800
2	1000	0.1	34	1684408355006305e3
2	1000	0.2	34	249628768474718100
2	1000	0.4	34	1776453176561340400
2	10000	0.1	34	961335955310168800
2	10000	0.2	34	2227431437498178800
2	10000	0.4	34	980246581546573700
4	1000	0.1	34	315081087795410560
4	1000	0.2	34	1313009012583820500
4	1000	0.4	34	748927306600798500
4	10000	0.1	34	1873251712675218400
4	10000	0.2	34	1812688659937444900
4	10000	0.4	34	1491097866310710300
0.5	1000	0.1	35	1606482824920830500
0.5	1000	0.2	35	2.5418399901503642e+17
0.5	1000	0.4	35	232067134070105570
0.5	10000	0.1	35	84624037247819970
0.5	10000	0.2	35	869004793615932800
0.5	10000	0.4	35	590345557184485800
1	1000	0.1	35	366844756173612100
1	1000	0.2	35	669842170861886e3
1	1000	0.4	35	1.5727331977519201e+18
1	10000	0.1	35	1371365686188894200
1	10000	0.2	35	394450059368552960
1	10000	0.4	35	1584941964159276500
2	1000	0.1	35	1469926288269799e3
2	1000	0.2	35	1958682093637089300
2	1000	0.4	35	1434083868862968300
2	10000	0.1	35	2239296196655297500
2	10000	0.2	35	650169594457027700
2	10000	0.4	35	769016064207276700
4	1000	0.1	35	2132828520341297200
4	1000	0.2	35	1992866013833841200
4	1000	0.4	35	2051236623180045300
4	10000	0.1	35	152217032361128450
4	10000	0.2	35	1730876575742461e3
4	10000	0.4	35	1.8999809680754719e+18
0.5	1000	0.1	36	938944304266751900
0.5	1000	0.2	36	1374615117143681e3
0.5	1000	0.4	36	1524748199149845500
0.5	10000	0.1	36	326448469123682050
0.5	10000	0.2	36	1126071591110295e3
0.5	10000	0.4	36	1929642758279762400
1	1000	0.1	36	1895893333787602e3
1	1000	0.2	36	687471275594416800
1	1000	0.4	36	638239818518468e3
1	10000	0.1	36	126867826333209700
1	10000	0.2	36	216109208860422720
1	10000	0.4	36	334296938662065660
2	1000	0.1	36	1260046004146793500
2	1000	0.2	36	1697410456211889e3
2	1000	0.4	36	723735942931844900
2	10000	0.1	36	1225222986179496e3
2	10000	0.2	36	793694751892413600
2	10000	0.4	36	564788567347333760
4	1000	0.1	36	1724419857498752500
4	1000	0.2	36	671716019261367e3
4	1000	0.4	36	774607251975226800
4	10000	0.1	36	31423845195099660
4	10000	0.2	36	1414059397337319e3
4	10000	0.4	36	1488798910852178e3
0.5	1000	0.1	37	37174039268657570
0.5	1000	0.2	37	2231135857333628200
0.5	1000	0.4	37	1813386159631810300
0.5	10000	0.1	37	510567018031310660
0.5	10000	0.2	37	789273576100180500
0.5	10000	0.4	37	269438043525387650
1	1000	0.1	37	2.2861187556346038e+17
1	1000	0.2	37	482026024489122800
1	1000	0.4	37	1564916298037140700
1	10000	0.1	37	91201417112151e4
1	10000	0.2	37	1256389842530001200
1	10000	0.4	37	84514280261822940
2	1000	0.1	37	1745305104876034e3
2	1000	0.2	37	1252380842845553400
2	1000	0.4	37	675298126140554e3
2	10000	0.1	37	431383665379328300
2	10000	0.2	37	2125558614525593600
2	10000	0.4	37	1330146160063503600
4	1000	0.1	37	121332392864051150
4	1000	0.2	37	2185330855661529300
4	1000	0.4	37	1825813978241944300
4	10000	0.1	37	2195197372045160700
4	10000	0.2	37	2154703344018396400
4	10000	0.4	37	1865946778797765600
0.5	1000	0.1	38	1009178457582209800
0.5	1000	0.2	38	782864960788275500
0.5	1000	0.4	38	2108582303106022100
0.5	10000	0.1	38	1138247117619721600
0.5	10000	0.2	38	2059294775078767e3
0.5	10000	0.4	38	608727907032367e3
1	1000	0.1	38	1630130905372704300
1	1000	0.2	38	875447883123202300
1	1000	0.4	38	2222184074547721200
1	10000	0.1	38	987490941274813600
1	10000	0.2	38	426133554525416900
1	10000	0.4	38	169097241614249440
2	1000	0.1	38	1161569424530496500
2	1000	0.2	38	2186992065931788500
2	1000	0.4	38	1570934292156542700
2	10000	0.1	38	755192069665089500
2	10000	0.2	38	425549205467405800
2	10000	0.4	38	1468055150365242600
4	1000	0.1	38	1522720957385218800
4	1000	0.2	38	1213647209229821200
4	1000	0.4	38	1837140885207512300
4	10000	0.1	38	328182387805927100
4	10000	0.2	38	2046277731920472e3
4	10000	0.4	38	559307526971847900
0.5	1000	0.1	39	890076185470160400
0.5	1000	0.2	39	1667886111646487e3
0.5	1000	0.4	39	1625851066323227e3
0.5	10000	0.1	39	1476438855201522200
0.5	10000	0.2	39	141009688143265e4
0.5	10000	0.4	39	705352039919194800
1	1000	0.1	39	2097483490172714500
1	1000	0.2	39	1311272642748555800
1	1000	0.4	39	642615173078971400
1	10000	0.1	39	422054010544135300
1	10000	0.2	39	1947355083127097900
1	10000	0.4	39	555041970818922700
2	1000	0.1	39	1650665558294802400
2	1000	0.2	39	1308948553102761200
2	1000	0.4	39	1260342493787234600
2	10000	0.1	39	742544549812878200
2	10000	0.2	39	1657162566291621400
2	10000	0.4	39	695537294662921500
4	1000	0.1	39	104040347879823060
4	1000	0.2	39	198110473408132e4
4	1000	0.4	39	515889639648440700
4	10000	0.1	39	1381970242779191800
4	10000	0.2	39	3.7421956706830637e+17
4	10000	0.4	39	1957444351533442800
0.5	1000	0.1	40	378276028192825700
0.5	1000	0.2	40	141126354690873860
0.5	1000	0.4	40	1898356846376106500
0.5	10000	0.1	40	1238338347487144700
0.5	10000	0.2	40	1808728030211904300
0.5	10000	0.4	40	1961405754836684500
1	1000	0.1	40	326662086609710460
1	1000	0.2	40	1054291353496821100
1	1000	0.4	40	848633402736974300
1	10000	0.1	40	2259896293899990800
1	10000	0.2	40	1992675204459080700
1	10000	0.4	40	162499180856175e4
2	1000	0.1	40	2030392062531365e3
2	1000	0.2	40	1210839523098150100
2	1000	0.4	40	661000197311375900
2	10000	0.1	40	122366078070806e4
2	10000	0.2	40	91298362397133e4
2	10000	0.4	40	1497371600125775e3
4	1000	0.1	40	1833008410626751500
4	1000	0.2	40	1929584178253922800
4	1000	0.4	40	1046568431112942800
4	10000	0.1	40	933246137465438800
4	10000	0.2	40	2140350730446845700
4	10000	0.4	40	101382619718928540
0.5	1000	0.1	41	932399232201446800
0.5	1000	0.2	41	1855205678891099100
0.5	1000	0.4	41	1760255383981165e3
0.5	10000	0.1	41	2132273540650877700
0.5	10000	0.2	41	2185072565799236900
0.5	10000	0.4	41	2005829908930581500
1	1000	0.1	41	1054361680772898700
1	1000	0.2	41	184794247931073540
1	1000	0.4	41	186254379473647500
1	10000	0.1	41	159430106350514600
1	10000	0.2	41	885552782939085300
1	10000	0.4	41	167463654115345060
2	1000	0.1	41	1898908331085410800
2	1000	0.2	41	1907603000994197800
2	1000	0.4	41	2064123866106488800
2	10000	0.1	41	2014008316965416e3
2	10000	0.2	41	1653406216275906600
2	10000	0.4	41	1263924943275593700
4	1000	0.1	41	711900810630156300
4	1000	0.2	41	1662297059313284e3
4	1000	0.4	41	1477844673327126500
4	10000	0.1	41	1348297051920874500
4	10000	0.2	41	492877657345431500
4	10000	0.4	41	103695976536967140
0.5	1000	0.1	42	107883121050584020
0.5	1000	0.2	42	207187442609989920
0.5	1000	0.4	42	1247578974353485e3
0.5	10000	0.1	42	1763021479688810200
0.5	10000	0.2	42	283259734750445150
0.5	10000	0.4	42	1389920808769243100
1	1000	0.1	42	1963680498331195400
1	1000	0.2	42	515832219943833200
1	1000	0.4	42	1870920172120619800
1	10000	0.1	42	11826574409728462
1	10000	0.2	42	2009508544334588e3
1	10000	0.4	42	2034733211938739700
2	1000	0.1	42	1922054103237537e3
2	1000	0.2	42	432841705423843650
2	1000	0.4	42	1344849600344930600
2	10000	0.1	42	1391311038066315800
2	10000	0.2	42	157450949676562080
2	10000	0.4	42	1275056664897084e3
4	1000	0.1	42	1817061432045544e3
4	1000	0.2	42	1906097064956209700
4	1000	0.4	42	15110337275142966
4	10000	0.1	42	202277562587517e3
4	10000	0.2	42	1211265958051344400
4	10000	0.4	42	1374117815442001700
0.5	1000	0.1	43	1.6138755124775839e+18
0.5	1000	0.2	43	973325328927526500
0.5	1000	0.4	43	270051625292075870
0.5	10000	0.1	43	462733521924193400
0.5	10000	0.2	43	1872536629965596400
0.5	10000	0.4	43	248378035980480600
1	1000	0.1	43	1007820288857653500
1	1000	0.2	43	75589033950386270
1	1000	0.4	43	967794637306639500
1	10000	0.1	43	53936259348497290
1	10000	0.2	43	149796836308001630
1	10000	0.4	43	1894822207219511e3
2	1000	0.1	43	2130011362978454800
2	1000	0.2	43	950520166435649e3
2	1000	0.4	43	1227653760885016e3
2	10000	0.1	43	2172677756266065700
2	10000	0.2	43	118714165974775e4
2	10000	0.4	43	1351204682926324700
4	1000	0.1	43	45489690975464440
4	1000	0.2	43	1562277908820732400
4	1000	0.4	43	329928034529873800
4	10000	0.1	43	1142083668977093400
4	10000	0.2	43	383487445807371140
4	10000	0.4	43	577241752655795e3
0.5	1000	0.1	44	1689604954437677e3
0.5	1000	0.2	44	1133384922634597800
0.5	1000	0.4	44	304408193259318340
0.5	10000	0.1	44	837327793999070300
0.5	10000	0.2	44	93779364378126060
0.5	10000	0.4	44	777460985227808600
1	1000	0.1	44	1266979544553203500
1	1000	0.2	44	1938634612024922600
1	1000	0.4	44	634561792049312800
1	10000	0.1	44	1645705256803860200
1	10000	0.2	44	2055555343551259600
1	10000	0.4	44	2182180562219817200
2	1000	0.1	44	2114599249544286700
2	1000	0.2	44	88454671451950960
2	1000	0.4	44	1294181669097134800
2	10000	0.1	44	1110480304318862700
2	10000	0.2	44	1493681026224475e3
2	10000	0.4	44	1298266406774977500
4	1000	0.1	44	503143128705429500
4	1000	0.2	44	764592988653010200
4	1000	0.4	44	1445978472870208e3
4	10000	0.1	44	414304568006338500
4	10000	0.2	44	917302865241511600
4	10000	0.4	44	402936372047039700
0.5	1000	0.1	45	97108803464994030
0.5	1000	0.2	45	1297765952048617500
0.5	1000	0.4	45	52235472401979270
0.5	10000	0.1	45	1052237554753033e3
0.5	10000	0.2	45	838933422200826900
0.5	10000	0.4	45	1716110351295268e3
1	1000	0.1	45	2193646130965495800
1	1000	0.2	45	795239389137260800
1	1000	0.4	45	214673214951786700
1	10000	0.1	45	1754523329939143700
1	10000	0.2	45	3.6103777175038957e+17
1	10000	0.4	45	1522838579976408300
2	1000	0.1	45	2033412959952219e3
2	1000	0.2	45	2013937404446831400
2	1000	0.4	45	2056493573920406e3
2	10000	0.1	45	1411117648585535500
2	10000	0.2	45	1915281589139473e3
2	10000	0.4	45	2151026079579416600
4	1000	0.1	45	2236565342287813e3
4	1000	0.2	45	267246511102809280
4	1000	0.4	45	2055865697135458600
4	10000	0.1	45	879508348688167600
4	10000	0.2	45	1760951805464065300
4	10000	0.4	45	2203998324942899200
0.5	1000	0.1	46	1181675961937433300
0.5	1000	0.2	46	1595974071982240300
0.5	1000	0.4	46	2022493299538312700
0.5	10000	0.1	46	971979191459154e3
0.5	10000	0.2	46	159047762852871500
0.5	10000	0.4	46	2185287427332366300
1	1000	0.1	46	1445799189105528800
1	1000	0.2	46	512264762287417600
1	1000	0.4	46	824423683627044600
1	10000	0.1	46	1374364048365074700
1	10000	0.2	46	1517601648585832e3
1	10000	0.4	46	883683168217975800
2	1000	0.1	46	1681073670339625200
2	1000	0.2	46	1903985843978870300
2	1000	0.4	46	1.3032263082931681e+18
2	10000	0.1	46	2206731022282737200
2	10000	0.2	46	2190387431235169800
2	10000	0.4	46	660508526128793e3
4	1000	0.1	46	339142685201059100
4	1000	0.2	46	953369986055578600
4	1000	0.4	46	1875437771225819100
4	10000	0.1	46	1063873414464985e3
4	10000	0.2	46	1676533119039280600
4	10000	0.4	46	396669505152118460
0.5	1000	0.1	47	2030649186678311e3
0.5	1000	0.2	47	1237892536237543700
0.5	1000	0.4	47	232483951982815e3
0.5	10000	0.1	47	1136918413699660300
0.5	10000	0.2	47	823082393136677100
0.5	10000	0.4	47	1722542347334231300
1	1000	0.1	47	324461767560261200
1	1000	0.2	47	1107954525185573200
1	1000	0.4	47	2162189956017730600
1	10000	0.1	47	425830637384606460
1	10000	0.2	47	2010817511220447200
1	10000	0.4	47	1102999335323243e3
2	1000	0.1	47	406898043672419400
2	1000	0.2	47	61578284129141464
2	1000	0.4	47	403600070210569300
2	10000	0.1	47	1227740007111467300
2	10000	0.2	47	2022676224095200800
2	10000	0.4	47	1726294860546565e3
4	1000	0.1	47	1416018533761629e3
4	1000	0.2	47	2238725237468865e3
4	1000	0.4	47	2129097549087935e3
4	10000	0.1	47	654468332995414100
4	10000	0.2	47	631130536295319400
4	10000	0.4	47	1758207409088696800
0.5	1000	0.1	48	485262299783153660
0.5	1000	0.2	48	76223254896919700
0.5	1000	0.4	48	2211609070118449200
0.5	10000	0.1	48	754134694723769500
0.5	10000	0.2	48	1833516443171397600
0.5	10000	0.4	48	2028814204045493800
1	1000	0.1	48	397695393449241e3
1	1000	0.2	48	447366400280671700
1	1000	0.4	48	465367258576538e3
1	10000	0.1	48	931440208883016400
1	10000	0.2	48	1361403049464639500
1	10000	0.4	48	1316052153928721200
2	1000	0.1	48	775101213538508800
2	1000	0.2	48	422051113178740300
2	1000	0.4	48	1843409013600447700
2	10000	0.1	48	428359566337571800
2	10000	0.2	48	1453538623974225400
2	10000	0.4	48	1426286976425571600
4	1000	0.1	48	24260151816058764
4	1000	0.2	48	248500926920882980
4	1000	0.4	48	333984124990338800
4	10000	0.1	48	454510071604872060
4	10000	0.2	48	1326375020729735200
4	10000	0.4	48	1291986273270044e3
0.5	1000	0.1	49	895607320376982100
0.5	1000	0.2	49	525603077742304450
0.5	1000	0.4	49	2080185583478319400
0.5	10000	0.1	49	1283668153099844e3
0.5	10000	0.2	49	1720711130641415400
0.5	10000	0.4	49	827348830062351900
1	1000	0.1	49	1927595525894289700
1	1000	0.2	49	89848029114149920
1	1000	0.4	49	1816928143491129300
1	10000	0.1	49	671453391654022700
1	10000	0.2	49	1753555434664588500
1	10000	0.4	49	1574043011144749800
2	1000	0.1	49	552165826364335900
2	1000	0.2	49	1142889749944977200
2	1000	0.4	49	1746101190225261e3
2	10000	0.1	49	1359685704453601800
2	10000	0.2	49	927623627606497500
2	10000	0.4	49	219810702899223e4
4	1000	0.1	49	285490222682791840
4	1000	0.2	49	1906989698680938200
4	1000	0.4	49	236617489281765060
4	10000	0.1	49	2121076798795824400
4	10000	0.2	49	184533744712817100
4	10000	0.4	49	1818287113273292300
0.5	1000	0.1	50	140709010343153570
0.5	1000	0.2	50	746761691394507400
0.5	1000	0.4	50	1823742408367404e3
0.5	10000	0.1	50	1426947487062682600
0.5	10000	0.2	50	1126560203715673500
0.5	10000	0.4	50	197665046624885540
1	1000	0.1	50	2171339102179170300
1	1000	0.2	50	65129880334814376
1	1000	0.4	50	1452040262501480700
1	10000	0.1	50	2221440617235738e3
1	10000	0.2	50	1069789554667661600
1	10000	0.4	50	1077964737360432800
2	1000	0.1	50	1003202034355754100
2	1000	0.2	50	1374914636361439e3
2	1000	0.4	50	89500722464861e4
2	10000	0.1	50	431092547971310140
2	10000	0.2	50	2302452378794687e3
2	10000	0.4	50	1.7724161073554998e+17
4	1000	0.1	50	1122159224909283800
4	1000	0.2	50	1207001718994946e3
4	1000	0.4	50	2140842182938916400
4	10000	0.1	50	1625347585867621400
4	10000	0.2	50	2086024358070186500
4	10000	0.4	50	62174010302364250
0.5	1000	0.1	51	2175416516058758700
0.5	1000	0.2	51	159345137305232e4
0.5	1000	0.4	51	645965695058411900
0.5	10000	0.1	51	1880740861792576500
0.5	10000	0.2	51	5894698974963612
0.5	10000	0.4	51	348078290772119040
1	1000	0.1	51	2058235114575598e3
1	1000	0.2	51	2117843745670639400
1	1000	0.4	51	2011975677955088400
1	10000	0.1	51	632404374124561500
1	10000	0.2	51	421437878555239800
1	10000	0.4	51	693295145821030700
2	1000	0.1	51	256949143143408480
2	1000	0.2	51	937254279949669100
2	1000	0.4	51	715333572732473500
2	10000	0.1	51	501713099635834700
2	10000	0.2	51	2145853959767618e3
2	10000	0.4	51	2082859995210065400
4	1000	0.1	51	1213777810630578e3
4	1000	0.2	51	1806812233867965e3
4	1000	0.4	51	2134998595043929300
4	10000	0.1	51	768464334955320800
4	10000	0.2	51	1674617505036933600
4	10000	0.4	51	1835210625144371500
0.5	1000	0.1	52	1146154387635506200
0.5	1000	0.2	52	2165073665866498800
0.5	1000	0.4	52	1085306075598706600
0.5	10000	0.1	52	1550216979531182600
0.5	10000	0.2	52	1001306688732465800
0.5	10000	0.4	52	1202042855639704e3
1	1000	0.1	52	1816599579550788900
1	1000	0.2	52	1483941867693057500
1	1000	0.4	52	2060916612457633e3
1	10000	0.1	52	414017107596050700
1	10000	0.2	52	993807645992439700
1	10000	0.4	52	1.1380657064936241e+18
2	1000	0.1	52	941594603898400900
2	1000	0.2	52	1627403928768745200
2	1000	0.4	52	1185726609943797800
2	10000	0.1	52	1668566252112753200
2	10000	0.2	52	13212701739785496
2	10000	0.4	52	1634382793896466e3
4	1000	0.1	52	1709512947625411600
4	1000	0.2	52	311240257121366600
4	1000	0.4	52	86558032897602050
4	10000	0.1	52	1625058055322967600
4	10000	0.2	52	339790206173705e3
4	10000	0.4	52	91752503858049490
0.5	1000	0.1	53	616748019052619e3
0.5	1000	0.2	53	1666521150257709600
0.5	1000	0.4	53	2018281605296317400
0.5	10000	0.1	53	767290137021553800
0.5	10000	0.2	53	1530072525741034e3
0.5	10000	0.4	53	137140448277435440
1	1000	0.1	53	1589365816253074200
1	1000	0.2	53	1468890694545505800
1	1000	0.4	53	1974110558282401500
1	10000	0.1	53	1584509383542294e3
1	10000	0.2	53	2211309796218089500
1	10000	0.4	53	5.6002836243329517e+17
2	1000	0.1	53	1744523408793071400
2	1000	0.2	53	2181369036874316800
2	1000	0.4	53	863057871043151700
2	10000	0.1	53	852484875656060700
2	10000	0.2	53	427335146157657500
2	10000	0.4	53	545252781371014340
4	1000	0.1	53	1791892601211948500
4	1000	0.2	53	1252772662738673700
4	1000	0.4	53	1335921258248969200
4	10000	0.1	53	2118281469720735700
4	10000	0.2	53	1067959711760615800
4	10000	0.4	53	1125667527805783200
0.5	1000	0.1	54	630507466729100200
0.5	1000	0.2	54	1041018916851939800
0.5	1000	0.4	54	966438025795200600
0.5	10000	0.1	54	1865467389688153600
0.5	10000	0.2	54	336029715520047300
0.5	10000	0.4	54	1295611511979835e3
1	1000	0.1	54	2053263224087206100
1	1000	0.2	54	1492525047398713900
1	1000	0.4	54	603691585147803900
1	10000	0.1	54	1159159839062792e3
1	10000	0.2	54	1771502434450094600
1	10000	0.4	54	1857663686230964200
2	1000	0.1	54	1713175079944157700
2	1000	0.2	54	1940880314703797500
2	1000	0.4	54	1218738818864413400
2	10000	0.1	54	1531157950753372200
2	10000	0.2	54	519020092653893100
2	10000	0.4	54	734628146518272300
4	1000	0.1	54	1502163823332000800
4	1000	0.2	54	991004051499072600
4	1000	0.4	54	251755137503701060
4	10000	0.1	54	868199204411390700
4	10000	0.2	54	205746596236341e4
4	10000	0.4	54	1222901507314294300
0.5	1000	0.1	55	1993126632038338600
0.5	1000	0.2	55	2194799162811611600
0.5	1000	0.4	55	1529192580643005700
0.5	10000	0.1	55	1673411221474108400
0.5	10000	0.2	55	1604503233956180200
0.5	10000	0.4	55	707271440297952400
1	1000	0.1	55	1256175324864910800
1	1000	0.2	55	1739983183496959e3
1	1000	0.4	55	1400128247235021300
1	10000	0.1	55	156167879753364e4
1	10000	0.2	55	2042483320016884700
1	10000	0.4	55	1297721852844096e3
2	1000	0.1	55	905409099680616400
2	1000	0.2	55	2186703459487155e3
2	1000	0.4	55	729475509637895400
2	10000	0.1	55	2188109013645034e3
2	10000	0.2	55	1173275314285966600
2	10000	0.4	55	2247578805563282400
4	1000	0.1	55	533947304493811200
4	1000	0.2	55	1849137676866203600
4	1000	0.4	55	1976896450405115400
4	10000	0.1	55	2106374888148328e3
4	10000	0.2	55	4.7424326106741843e+17
4	10000	0.4	55	282975536704087500
0.5	1000	0.1	56	2049143877213793300
0.5	1000	0.2	56	1823136751382029800
0.5	1000	0.4	56	791809955823868200
0.5	10000	0.1	56	304070767465936960
0.5	10000	0.2	56	1235155940762495700
0.5	10000	0.4	56	2073535022302063e3
1	1000	0.1	56	144196953940853340
1	1000	0.2	56	1511222166364408600
1	1000	0.4	56	1878377404740437800
1	10000	0.1	56	1188225575273021e3
1	10000	0.2	56	787481273557903e3
1	10000	0.4	56	1468995937132457200
2	1000	0.1	56	1955494981678615600
2	1000	0.2	56	1632401015179069200
2	1000	0.4	56	995055318883661300
2	10000	0.1	56	2153122063854236400
2	10000	0.2	56	1285862525486584800
2	10000	0.4	56	680066492761233400
4	1000	0.1	56	809643955341763100
4	1000	0.2	56	1120643585725302800
4	1000	0.4	56	1411374353917158700
4	10000	0.1	56	409311876195328900
4	10000	0.2	56	1852821383572755200
4	10000	0.4	56	2020914128499108400
0.5	1000	0.1	57	1212534085548509400
0.5	1000	0.2	57	2049315483942094e3
0.5	1000	0.4	57	1171696662260524500
0.5	10000	0.1	57	1304624908365585200
0.5	10000	0.2	57	1779524268181874700
0.5	10000	0.4	57	1424947800281819400
1	1000	0.1	57	1509462106438338300
1	1000	0.2	57	1008376486555536400
1	1000	0.4	57	1593310517157715e3
1	10000	0.1	57	1746588957492785200
1	10000	0.2	57	1612065802725596e3
1	10000	0.4	57	1906861280736685600
2	1000	0.1	57	1.0276173229305521e+18
2	1000	0.2	57	36911441900811024
2	1000	0.4	57	755069661427001300
2	10000	0.1	57	434306001803581100
2	10000	0.2	57	1859099138944259e3
2	10000	0.4	57	1016986832056088200
4	1000	0.1	57	1.9692798480302561e+18
4	1000	0.2	57	351968176563691500
4	1000	0.4	57	1920166518936951e3
4	10000	0.1	57	2158140744550668800
4	10000	0.2	57	212203392614993e4
4	10000	0.4	57	2139445626529336300
0.5	1000	0.1	58	792504905835266800
0.5	1000	0.2	58	194556483049058430
0.5	1000	0.4	58	1424133703404866300
0.5	10000	0.1	58	1991596948978766800
0.5	10000	0.2	58	1136341217870529200
0.5	10000	0.4	58	2261149452082261500
1	1000	0.1	58	1717503889577957e3
1	1000	0.2	58	2084696907037027600
1	1000	0.4	58	1880529590428593700
1	10000	0.1	58	2210500547659594800
1	10000	0.2	58	570795180256226100
1	10000	0.4	58	2129106011993055700
2	1000	0.1	58	1567668505408041e3
2	1000	0.2	58	587186891408009700
2	1000	0.4	58	1779957460402067200
2	10000	0.1	58	1501148346886845e3
2	10000	0.2	58	2301238291177587700
2	10000	0.4	58	1710972861938475500
4	1000	0.1	58	1263633444010638800
4	1000	0.2	58	708339359696806900
4	1000	0.4	58	1116682979696736500
4	10000	0.1	58	1366671757197950500
4	10000	0.2	58	808237831882887e3
4	10000	0.4	58	2269085747877025800
0.5	1000	0.1	59	1950044006374327300
0.5	1000	0.2	59	2102431581726404e3
0.5	1000	0.4	59	244784952861316450
0.5	10000	0.1	59	1514633707505098200
0.5	10000	0.2	59	290730265213395900
0.5	10000	0.4	59	1555072748749103e3
1	1000	0.1	59	933334652804113e3
1	1000	0.2	59	1394436656309039600
1	1000	0.4	59	855311670297912200
1	10000	0.1	59	412653590022089e3
1	10000	0.2	59	934984641683654e3
1	10000	0.4	59	2037098979304630300
2	1000	0.1	59	1484460429046831600
2	1000	0.2	59	532766458431853200
2	1000	0.4	59	235994716258829760
2	10000	0.1	59	1433079807753044200
2	10000	0.2	59	637042903773803100
2	10000	0.4	59	805304453398886500
4	1000	0.1	59	146794765969053730
4	1000	0.2	59	793691253177377400
4	1000	0.4	59	2.7795619343475482e+17
4	10000	0.1	59	2265372026158291e3
4	10000	0.2	59	1.3825442268587679e+18
4	10000	0.4	59	1.8156964344997919e+18
0.5	1000	0.1	60	759642133687547500
0.5	1000	0.2	60	650289580595629e3
0.5	1000	0.4	60	1438153052713466400
0.5	10000	0.1	60	1018724612837824300
0.5	10000	0.2	60	2252354312801477400
0.5	10000	0.4	60	938764588370740200
1	1000	0.1	60	116563163384938e3
1	1000	0.2	60	612423866582327400
1	1000	0.4	60	54590743342844930
1	10000	0.1	60	43296573425889184
1	10000	0.2	60	1668189878718118100
1	10000	0.4	60	1362168062371295200
2	1000	0.1	60	1885215351444389400
2	1000	0.2	60	840978050213376300
2	1000	0.4	60	858161817962126e3
2	10000	0.1	60	591524135117512300
2	10000	0.2	60	2016726210342587400
2	10000	0.4	60	127527549882196460
4	1000	0.1	60	1515914813491345700
4	1000	0.2	60	852546803672609900
4	1000	0.4	60	1352827175022137300
4	10000	0.1	60	1830631307273676500
4	10000	0.2	60	2005412906434822700
4	10000	0.4	60	1556161371444910300
0.5	1000	0.1	61	911533895706319400
0.5	1000	0.2	61	549911028919778800
0.5	1000	0.4	61	2231920240818625e3
0.5	10000	0.1	61	666798943600150700
0.5	10000	0.2	61	1691261828696884200
0.5	10000	0.4	61	1755483833729154e3
1	1000	0.1	61	894389269111262800
1	1000	0.2	61	1407713556709718300
1	1000	0.4	61	1476041821281210400
1	10000	0.1	61	721169598671843200
1	10000	0.2	61	2252520861049131800
1	10000	0.4	61	1106638621034752300
2	1000	0.1	61	848665966421439400
2	1000	0.2	61	2262246453519050500
2	1000	0.4	61	910046165610615600
2	10000	0.1	61	1504470276702325200
2	10000	0.2	61	1204031434387922200
2	10000	0.4	61	29176098819067616
4	1000	0.1	61	2091902117932826e3
4	1000	0.2	61	1500855978865773e3
4	1000	0.4	61	757138711553132500
4	10000	0.1	61	1454591542036344600
4	10000	0.2	61	1550771505443557e3
4	10000	0.4	61	1067101466398510600
0.5	1000	0.1	62	1994856281624056300
0.5	1000	0.2	62	1960368449802296300
0.5	1000	0.4	62	1847560702031330800
0.5	10000	0.1	62	1854002463031900200
0.5	10000	0.2	62	2019967368679563500
0.5	10000	0.4	62	1562350466444854800
1	1000	0.1	62	1090451333460476900
1	1000	0.2	62	2300123998051623400
1	1000	0.4	62	5.2767450323482803e+17
1	10000	0.1	62	171358990037933630
1	10000	0.2	62	2261435277826159400
1	10000	0.4	62	2011010506539971e3
2	1000	0.1	62	1552881351278373e3
2	1000	0.2	62	1268861484155818800
2	1000	0.4	62	1311596154917222100
2	10000	0.1	62	664217113944343200
2	10000	0.2	62	2074364843286707700
2	10000	0.4	62	911156687988859600
4	1000	0.1	62	201116169546794300
4	1000	0.2	62	1591614332995588e3
4	1000	0.4	62	345946390161366600
4	10000	0.1	62	2160123694332907300
4	10000	0.2	62	1588986499776998e3
4	10000	0.4	62	1178311975571149e3
0.5	1000	0.1	63	759769754297421600
0.5	1000	0.2	63	925766880236148400
0.5	1000	0.4	63	656072965033628700
0.5	10000	0.1	63	1035004927420977200
0.5	10000	0.2	63	835411903404173300
0.5	10000	0.4	63	165830210463748e4
1	1000	0.1	63	2290880781172975e3
1	1000	0.2	63	625501272208472300
1	1000	0.4	63	1560101376420898800
1	10000	0.1	63	1379546706031862800
1	10000	0.2	63	1536893393819405800
1	10000	0.4	63	1538446142550212600
2	1000	0.1	63	711964966871905500
2	1000	0.2	63	1856290575980617e3
2	1000	0.4	63	1148917451716321200
2	10000	0.1	63	2210024670582829800
2	10000	0.2	63	1284821926450367500
2	10000	0.4	63	1141316125185443200
4	1000	0.1	63	1648862048741669e3
4	1000	0.2	63	1766001402433001500
4	1000	0.4	63	2041647242572482800
4	10000	0.1	63	286104311845242370
4	10000	0.2	63	1149854058541804500
4	10000	0.4	63	2145286993912587500
0.5	1000	0.1	64	387071969987033340
0.5	1000	0.2	64	2083685189377889e3
0.5	1000	0.4	64	1400935606031725800
0.5	10000	0.1	64	1310641536415167200
0.5	10000	0.2	64	1883040859450492400
0.5	10000	0.4	64	1398209597066344200
1	1000	0.1	64	533408307366638660
1	1000	0.2	64	457575641875475140
1	1000	0.4	64	171048591551657e4
1	10000	0.1	64	736222598683667500
1	10000	0.2	64	1580042346466246400
1	10000	0.4	64	47153093588608690
2	1000	0.1	64	1.0275108272764879e+18
2	1000	0.2	64	1570114170021471e3
2	1000	0.4	64	643635318323717400
2	10000	0.1	64	798076280095121200
2	10000	0.2	64	183290379972192130
2	10000	0.4	64	1693587455476843500
4	1000	0.1	64	276606244694200740
4	1000	0.2	64	2125593404754349800
4	1000	0.4	64	3.0470689914342163e+17
4	10000	0.1	64	2034222415832473900
4	10000	0.2	64	1747476109092989700
4	10000	0.4	64	218749169779450200
0.5	1000	0.1	65	2170931262340387300
0.5	1000	0.2	65	1629762922327705e3
0.5	1000	0.4	65	2175468115231692300
0.5	10000	0.1	65	31031951568698436
0.5	10000	0.2	65	916368545307395300
0.5	10000	0.4	65	1274608852937173500
1	1000	0.1	65	1120831264112302600
1	1000	0.2	65	676323810764394600
1	1000	0.4	65	2233384143290421500
1	10000	0.1	65	2293075577124717800
1	10000	0.2	65	1354030008634112e3
1	10000	0.4	65	2006247266168916e3
2	1000	0.1	65	1585803012312935400
2	1000	0.2	65	2.3489042828635322e+17
2	1000	0.4	65	660090706003209300
2	10000	0.1	65	897544205220111500
2	10000	0.2	65	306417025066447550
2	10000	0.4	65	983904900845555200
4	1000	0.1	65	892260927490492200
4	1000	0.2	65	1374811005623595800
4	1000	0.4	65	2123666842542509e3
4	10000	0.1	65	1635559050022926800
4	10000	0.2	65	1336629261201588500
4	10000	0.4	65	790375926716837500
0.5	1000	0.1	66	101521181150462080
0.5	1000	0.2	66	1321874921074127e3
0.5	1000	0.4	66	1139949523501299200
0.5	10000	0.1	66	2061902312823328e3
0.5	10000	0.2	66	1828005237681664e3
0.5	10000	0.4	66	756510900593939200
1	1000	0.1	66	841115076944395300
1	1000	0.2	66	1693870730697203e3
1	1000	0.4	66	1621963277533241300
1	10000	0.1	66	1329123678246926e3
1	10000	0.2	66	541176700094233150
1	10000	0.4	66	534803032843384900
2	1000	0.1	66	1545939980845537500
2	1000	0.2	66	336627081625355650
2	1000	0.4	66	59535063065619480
2	10000	0.1	66	793079123539486100
2	10000	0.2	66	742934092467165700
2	10000	0.4	66	802297293691690900
4	1000	0.1	66	1244006621451467800
4	1000	0.2	66	392008574495506750
4	1000	0.4	66	176194501358021e4
4	10000	0.1	66	834125295450912800
4	10000	0.2	66	397761510425991940
4	10000	0.4	66	1745877769356095e3
0.5	1000	0.1	67	940298029597303700
0.5	1000	0.2	67	198490181937685280
0.5	1000	0.4	67	1114704212816800300
0.5	10000	0.1	67	822556662685069600
0.5	10000	0.2	67	490280974196272400
0.5	10000	0.4	67	523970490717785900
1	1000	0.1	67	1353221773762949600
1	1000	0.2	67	1018032818007578800
1	1000	0.4	67	814850421718681600
1	10000	0.1	67	1937514990105538800
1	10000	0.2	67	2.3435350769283158e+17
1	10000	0.4	67	800715475035089500
2	1000	0.1	67	1325896391225001500
2	1000	0.2	67	1649673599355188200
2	1000	0.4	67	650411492370028400
2	10000	0.1	67	2079656053455702500
2	10000	0.2	67	1609664192749815300
2	10000	0.4	67	148944162675517380
4	1000	0.1	67	1333614918818409200
4	1000	0.2	67	1393560302582277e3
4	1000	0.4	67	1666898391107406300
4	10000	0.1	67	1769098579878437400
4	10000	0.2	67	4.0326686883307437e+17
4	10000	0.4	67	1284543819375949600
0.5	1000	0.1	68	745655591688775800
0.5	1000	0.2	68	1640431541213788700
0.5	1000	0.4	68	1257651227738391300
0.5	10000	0.1	68	1156209453862647e3
0.5	10000	0.2	68	1542702325109155800
0.5	10000	0.4	68	1528813150559754e3
1	1000	0.1	68	1513117477877995500
1	1000	0.2	68	1741097383708203e3
1	1000	0.4	68	875649672903801200
1	10000	0.1	68	2003987458336218e3
1	10000	0.2	68	561774669160753700
1	10000	0.4	68	1.4069250977241979e+17
2	1000	0.1	68	2258946560450504200
2	1000	0.2	68	1872527016256614100
2	1000	0.4	68	518828401815694850
2	10000	0.1	68	507824816468406600
2	10000	0.2	68	580085005086733700
2	10000	0.4	68	4.1077607520247283e+17
4	1000	0.1	68	513737469545261950
4	1000	0.2	68	1233647279426452700
4	1000	0.4	68	2187690412006385e3
4	10000	0.1	68	104020732128832e4
4	10000	0.2	68	2235902289942168600
4	10000	0.4	68	2266791352997982700
0.5	1000	0.1	69	2002808793341367e3
0.5	1000	0.2	69	1185815323011035600
0.5	1000	0.4	69	856139190432470500
0.5	10000	0.1	69	1431284156885824500
0.5	10000	0.2	69	970789747026786600
0.5	10000	0.4	69	1914435494021063200
1	1000	0.1	69	1721015901046420700
1	1000	0.2	69	594259639343546800
1	1000	0.4	69	1360589366661824300
1	10000	0.1	69	1549003342220099600
1	10000	0.2	69	27564367062720544
1	10000	0.4	69	1458237749686483500
2	1000	0.1	69	1016282557219016200
2	1000	0.2	69	590486572142862600
2	1000	0.4	69	1335845222222262800
2	10000	0.1	69	3.8486231009250323e+17
2	10000	0.2	69	1841551008321121e3
2	10000	0.4	69	2051953718713457e3
4	1000	0.1	69	1796805732398445e3
4	1000	0.2	69	804922438029938400
4	1000	0.4	69	432108182821025300
4	10000	0.1	69	995585465519431600
4	10000	0.2	69	1406926343779463200
4	10000	0.4	69	1014551628538262900
0.5	1000	0.1	70	1182147528874822100
0.5	1000	0.2	70	1973056952730344e3
0.5	1000	0.4	70	1115133944296572700
0.5	10000	0.1	70	2190241969881551600
0.5	10000	0.2	70	215434227041527e4
0.5	10000	0.4	70	1548123550028456e3
1	1000	0.1	70	1498006902541664e3
1	1000	0.2	70	1784114206865802500
1	1000	0.4	70	245868727071384060
1	10000	0.1	70	1645230774135679700
1	10000	0.2	70	1755974726412579600
1	10000	0.4	70	543155817925092350
2	1000	0.1	70	1263955587938370600
2	1000	0.2	70	1030373537467879200
2	1000	0.4	70	1071523813667978400
2	10000	0.1	70	1313801741091014400
2	10000	0.2	70	248524570974537540
2	10000	0.4	70	608958752677685100
4	1000	0.1	70	484209892676792200
4	1000	0.2	70	1238987230686488e3
4	1000	0.4	70	1118008652202666800
4	10000	0.1	70	510043825627596200
4	10000	0.2	70	1492076246636223e3
4	10000	0.4	70	2039739447634328300
0.5	1000	0.1	71	2213623853659721e3
0.5	1000	0.2	71	267547135616008960
0.5	1000	0.4	71	1879131827473892e3
0.5	10000	0.1	71	1622930738285534200
0.5	10000	0.2	71	1135389658989758700
0.5	10000	0.4	71	1650890462957604400
1	1000	0.1	71	1669210230298995e3
1	1000	0.2	71	1984117326693652700
1	1000	0.4	71	1945939425893121e3
1	10000	0.1	71	1111684034790450600
1	10000	0.2	71	708224449927076700
1	10000	0.4	71	1517908971177640700
2	1000	0.1	71	163424069834089630
2	1000	0.2	71	1611717559673064400
2	1000	0.4	71	1931688480879656700
2	10000	0.1	71	918623855676758500
2	10000	0.2	71	306716955526642600
2	10000	0.4	71	2128265454284144600
4	1000	0.1	71	126788998548294080
4	1000	0.2	71	1715930024303906300
4	1000	0.4	71	1393537824485154600
4	10000	0.1	71	1648373081515239700
4	10000	0.2	71	1854225284323624400
4	10000	0.4	71	788106517385918300
0.5	1000	0.1	72	1562099904068814300
0.5	1000	0.2	72	89995103941366910
0.5	1000	0.4	72	720600880841880200
0.5	10000	0.1	72	1895822641624724500
0.5	10000	0.2	72	405429735932736300
0.5	10000	0.4	72	1136117420282662500
1	1000	0.1	72	1272863616973332700
1	1000	0.2	72	1410613492504992800
1	1000	0.4	72	233447711202084e3
1	10000	0.1	72	2.0862466366291798e+17
1	10000	0.2	72	212955347756173e4
1	10000	0.4	72	824587042863693400
2	1000	0.1	72	1770971649479320300
2	1000	0.2	72	20040981144746e5
2	1000	0.4	72	1608899738746721800
2	10000	0.1	72	2053390570243942100
2	10000	0.2	72	702722036671358800
2	10000	0.4	72	736571665364249e3
4	1000	0.1	72	506588408571220800
4	1000	0.2	72	845815258871286500
4	1000	0.4	72	1163091728637652e3
4	10000	0.1	72	1903557913906868200
4	10000	0.2	72	812140051958607e3
4	10000	0.4	72	1368298879653758500
0.5	1000	0.1	73	53726956124513070
0.5	1000	0.2	73	1170189260115081700
0.5	1000	0.4	73	80109361335779500
0.5	10000	0.1	73	61826640198561760
0.5	10000	0.2	73	227581838472671e4
0.5	10000	0.4	73	2250669020518105300
1	1000	0.1	73	813504910599598800
1	1000	0.2	73	1557348668717351700
1	1000	0.4	73	1680297443676061400
1	10000	0.1	73	924369614737796900
1	10000	0.2	73	1564012496314557700
1	10000	0.4	73	2015972050862206700
2	1000	0.1	73	741697824748087700
2	1000	0.2	73	186762892160971900
2	1000	0.4	73	2070559759034954200
2	10000	0.1	73	998484813687515500
2	10000	0.2	73	439900206556373e3
2	10000	0.4	73	108061287987621140
4	1000	0.1	73	1856067118249857300
4	1000	0.2	73	2232415600253552600
4	1000	0.4	73	1386589558573546500
4	10000	0.1	73	864708409699456e3
4	10000	0.2	73	1260855750911954700
4	10000	0.4	73	139749221293372350
0.5	1000	0.1	74	569625907585879040
0.5	1000	0.2	74	1349289966966919700
0.5	1000	0.4	74	2088278774242424e3
0.5	10000	0.1	74	1991877820388495e3
0.5	10000	0.2	74	1410188689432142e3
0.5	10000	0.4	74	1561941262972234200
1	1000	0.1	74	34822641752106012
1	1000	0.2	74	894748310070826500
1	1000	0.4	74	1903623827365797e3
1	10000	0.1	74	1751839434183186200
1	10000	0.2	74	769068187423979800
1	10000	0.4	74	753442552480824800
2	1000	0.1	74	1750289170650057700
2	1000	0.2	74	1.5292562013500959e+18
2	1000	0.4	74	2177505724788344600
2	10000	0.1	74	1699982625394210600
2	10000	0.2	74	1.5122447413232438e+17
2	10000	0.4	74	242776967008947420
4	1000	0.1	74	1726794301036953900
4	1000	0.2	74	763400200081953700
4	1000	0.4	74	1602618250721790500
4	10000	0.1	74	1.1980083181968161e+18
4	10000	0.2	74	1176728567688330500
4	10000	0.4	74	1624692600371506200
0.5	1000	0.1	75	1333063299952988700
0.5	1000	0.2	75	587164129454912400
0.5	1000	0.4	75	917964329688113400
0.5	10000	0.1	75	223041422252361250
0.5	10000	0.2	75	32744478642151488
0.5	10000	0.4	75	2102088158598676200
1	1000	0.1	75	2261917279097236500
1	1000	0.2	75	1678506333018119700
1	1000	0.4	75	859583180828857e3
1	10000	0.1	75	111139902481640860
1	10000	0.2	75	1781876679431738400
1	10000	0.4	75	953323527864724e3
2	1000	0.1	75	795702564961139e3
2	1000	0.2	75	1025280777640666600
2	1000	0.4	75	1143568073349085700
2	10000	0.1	75	993823101813869400
2	10000	0.2	75	1216104921525990400
2	10000	0.4	75	1048000222713869400
4	1000	0.1	75	516669439116562300
4	1000	0.2	75	118635006403372e4
4	1000	0.4	75	453104349452700100
4	10000	0.1	75	1214699298263389700
4	10000	0.2	75	634869830158979300
4	10000	0.4	75	2162897342212106800
0.5	1000	0.1	76	712997370109732900
0.5	1000	0.2	76	304547349726370050
0.5	1000	0.4	76	1.0084725756660381e+17
0.5	10000	0.1	76	1138651198730166e3
0.5	10000	0.2	76	502484072192124300
0.5	10000	0.4	76	234137779054055460
1	1000	0.1	76	258699137533316930
1	1000	0.2	76	837956169956192800
1	1000	0.4	76	871583370995364100
1	10000	0.1	76	1999458515012235800
1	10000	0.2	76	1364630616591536600
1	10000	0.4	76	8.5375638215568794e+17
2	1000	0.1	76	499516644250536060
2	1000	0.2	76	1404933110847659e3
2	1000	0.4	76	1239610002751138300
2	10000	0.1	76	2056366347228661500
2	10000	0.2	76	747252539333412400
2	10000	0.4	76	2051203751895649e3
4	1000	0.1	76	1876275503579066400
4	1000	0.2	76	574908310776915900
4	1000	0.4	76	2148034522117855700
4	10000	0.1	76	798944851460805e3
4	10000	0.2	76	1.8765081121889318e+17
4	10000	0.4	76	422821591733316700
0.5	1000	0.1	77	1150856073340477300
0.5	1000	0.2	77	2203156318305794300
0.5	1000	0.4	77	1622821251981462500
0.5	10000	0.1	77	1656502792148783400
0.5	10000	0.2	77	677599832923705300
0.5	10000	0.4	77	1505008467448316e3
1	1000	0.1	77	601130807633237800
1	1000	0.2	77	1043100589478070300
1	1000	0.4	77	1288040791739743e3
1	10000	0.1	77	456323613521044700
1	10000	0.2	77	1692171495712598e3
1	10000	0.4	77	681782727537937e3
2	1000	0.1	77	2040089319256458200
2	1000	0.2	77	161145682841803e4
2	1000	0.4	77	694461362492323700
2	10000	0.1	77	1382855764705172700
2	10000	0.2	77	36764026183603504
2	10000	0.4	77	2235315911246017500
4	1000	0.1	77	2054551050724066600
4	1000	0.2	77	2089036564544931800
4	1000	0.4	77	749428801732575100
4	10000	0.1	77	2007285580515851800
4	10000	0.2	77	696222815641410300
4	10000	0.4	77	1269043503535405800
0.5	1000	0.1	78	45906971890922056
0.5	1000	0.2	78	2203819604335152600
0.5	1000	0.4	78	963041611310303e3
0.5	10000	0.1	78	1321782293845997800
0.5	10000	0.2	78	780322196745649200
0.5	10000	0.4	78	953319645069264800
1	1000	0.1	78	1173318955398406100
1	1000	0.2	78	2038305741348444400
1	1000	0.4	78	118540992916170050
1	10000	0.1	78	1420607440905722400
1	10000	0.2	78	315185557613587800
1	10000	0.4	78	272542399985524930
2	1000	0.1	78	2270967247588961300
2	1000	0.2	78	1897774212642806e3
2	1000	0.4	78	1980224248412872200
2	10000	0.1	78	1476501062865359600
2	10000	0.2	78	1058398859450616400
2	10000	0.4	78	1990800908867424300
4	1000	0.1	78	24901914465689288
4	1000	0.2	78	1184050381334185700
4	1000	0.4	78	2283374442032570600
4	10000	0.1	78	129094356010595e4
4	10000	0.2	78	1224826060962870800
4	10000	0.4	78	1766470312427505700
0.5	1000	0.1	79	1431203041924354800
0.5	1000	0.2	79	657446146238705700
0.5	1000	0.4	79	1055506088264280400
0.5	10000	0.1	79	2142568477560829700
0.5	10000	0.2	79	1913395403358057200
0.5	10000	0.4	79	2202211149203325e3
1	1000	0.1	79	1631544832829901300
1	1000	0.2	79	1969814167237473500
1	1000	0.4	79	512823241731215040
1	10000	0.1	79	415284625911479500
1	10000	0.2	79	1806291199585890300
1	10000	0.4	79	1895383432623812600
2	1000	0.1	79	1069688564110529500
2	1000	0.2	79	7.2046194927034406e+17
2	1000	0.4	79	170347753813237760
2	10000	0.1	79	1636314135992867600
2	10000	0.2	79	1096562566177312500
2	10000	0.4	79	1933743264016652300
4	1000	0.1	79	377636123206536e3
4	1000	0.2	79	2079103062429173500
4	1000	0.4	79	563880223967503500
4	10000	0.1	79	588285023488483500
4	10000	0.2	79	1240643692453850600
4	10000	0.4	79	1157764756550401e3
0.5	1000	0.1	80	2293780271619526700
0.5	1000	0.2	80	511739304702275140
0.5	1000	0.4	80	1393455896089889e3
0.5	10000	0.1	80	1236946193883607600
0.5	10000	0.2	80	541338426432094340
0.5	10000	0.4	80	2244048430244743400
1	1000	0.1	80	110558673373379540
1	1000	0.2	80	1819769331664876500
1	1000	0.4	80	620922141147165800
1	10000	0.1	80	2254010373601235200
1	10000	0.2	80	769701550886334100
1	10000	0.4	80	941547594289582500
2	1000	0.1	80	831521358993780500
2	1000	0.2	80	965878206245920800
2	1000	0.4	80	98573979742579870
2	10000	0.1	80	28268846319324640
2	10000	0.2	80	1024344747479241500
2	10000	0.4	80	13987286011204544
4	1000	0.1	80	241018690409092320
4	1000	0.2	80	415822820158164350
4	1000	0.4	80	2024786758023458800
4	10000	0.1	80	1063081009714172400
4	10000	0.2	80	213154065534512260
4	10000	0.4	80	902802866159765400
0.5	1000	0.1	81	935275900687195300
0.5	1000	0.2	81	513804397911865300
0.5	1000	0.4	81	1937592949372622800
0.5	10000	0.1	81	2114695267659306200
0.5	10000	0.2	81	2198571179869214500
0.5	10000	0.4	81	136594244973073060
1	1000	0.1	81	548839005725544900
1	1000	0.2	81	1008864865594647300
1	1000	0.4	81	691428940525178100
1	10000	0.1	81	1025606368458981200
1	10000	0.2	81	1812648643521774300
1	10000	0.4	81	253807829607097440
2	1000	0.1	81	1495781172105571600
2	1000	0.2	81	752576330684824300
2	1000	0.4	81	1915943997219174100
2	10000	0.1	81	191487474936262340
2	10000	0.2	81	1602021249886562300
2	10000	0.4	81	1731916804865090800
4	1000	0.1	81	1767753714570195200
4	1000	0.2	81	922858807488324100
4	1000	0.4	81	167046154065903300
4	10000	0.1	81	1259610131290435e3
4	10000	0.2	81	1603165105721112e3
4	10000	0.4	81	2072595422369831e3
0.5	1000	0.1	82	2264457482657516500
0.5	1000	0.2	82	337317298635625e3
0.5	1000	0.4	82	50507723377682784
0.5	10000	0.1	82	1669907561122931700
0.5	10000	0.2	82	1505922638098341e3
0.5	10000	0.4	82	1411206660702958600
1	1000	0.1	82	636871811037382900
1	1000	0.2	82	803296539201535600
1	1000	0.4	82	1634225321000225300
1	10000	0.1	82	2180159933326569500
1	10000	0.2	82	1470648905139636700
1	10000	0.4	82	1381712188004835300
2	1000	0.1	82	591321228913499800
2	1000	0.2	82	166419313855544e3
2	1000	0.4	82	1414467908408849e3
2	10000	0.1	82	823632564114636700
2	10000	0.2	82	1266496397777153500
2	10000	0.4	82	1738693766539686700
4	1000	0.1	82	1189404693262679600
4	1000	0.2	82	618776810664466400
4	1000	0.4	82	828758771517593e3
4	10000	0.1	82	1467128246268856300
4	10000	0.2	82	1308897752752098600
4	10000	0.4	82	764492276186524700
0.5	1000	0.1	83	718674772190292900
0.5	1000	0.2	83	1504735927642138e3
0.5	1000	0.4	83	1628023693838703400
0.5	10000	0.1	83	1805102898855867400
0.5	10000	0.2	83	1131118062893934800
0.5	10000	0.4	83	1.7887825321625119e+18
1	1000	0.1	83	2063959931498278400
1	1000	0.2	83	623004226539033700
1	1000	0.4	83	1891961573993124900
1	10000	0.1	83	186710084104763460
1	10000	0.2	83	1906242066217583e3
1	10000	0.4	83	1994394771598090800
2	1000	0.1	83	138831989360187260
2	1000	0.2	83	1009787793583847400
2	1000	0.4	83	2143110945829981400
2	10000	0.1	83	298516348138597400
2	10000	0.2	83	1379152701081631e3
2	10000	0.4	83	1541960854203972900
4	1000	0.1	83	13426041379216676
4	1000	0.2	83	219277182600271400
4	1000	0.4	83	1072890416519552600
4	10000	0.1	83	958999376615131e3
4	10000	0.2	83	158323483125777860
4	10000	0.4	83	626764945069574900
0.5	1000	0.1	84	1172656969244813300
0.5	1000	0.2	84	1524319366837762600
0.5	1000	0.4	84	1156525313420790300
0.5	10000	0.1	84	893274278788794e3
0.5	10000	0.2	84	2250553490388685300
0.5	10000	0.4	84	2268591530717991700
1	1000	0.1	84	690787354295444200
1	1000	0.2	84	1457072232657718e3
1	1000	0.4	84	659325327298359e3
1	10000	0.1	84	1635211950136401400
1	10000	0.2	84	1572712220915707100
1	10000	0.4	84	880068853812980200
2	1000	0.1	84	192404571242479170
2	1000	0.2	84	1284086327541243100
2	1000	0.4	84	2269172719877620500
2	10000	0.1	84	1587201070949553e3
2	10000	0.2	84	1879042895742482e3
2	10000	0.4	84	1706834537961479700
4	1000	0.1	84	2194762148333449e3
4	1000	0.2	84	19410049903998636
4	1000	0.4	84	475228514515356740
4	10000	0.1	84	1449514143847796700
4	10000	0.2	84	263925333895553380
4	10000	0.4	84	1174612219151406300
0.5	1000	0.1	85	1794457668382962200
0.5	1000	0.2	85	363077814981121150
0.5	1000	0.4	85	1965233379064572e3
0.5	10000	0.1	85	307121977469158800
0.5	10000	0.2	85	2235825912757394200
0.5	10000	0.4	85	1326369812949299e3
1	1000	0.1	85	1282068637265149700
1	1000	0.2	85	172011622189211300
1	1000	0.4	85	379156968578167740
1	10000	0.1	85	482654975085631100
1	10000	0.2	85	1495113194144607200
1	10000	0.4	85	469365751799266900
2	1000	0.1	85	425470891622289e3
2	1000	0.2	85	970357282297976800
2	1000	0.4	85	874518408900116200
2	10000	0.1	85	1566768507792184300
2	10000	0.2	85	174588518000186300
2	10000	0.4	85	1895802708315695e3
4	1000	0.1	85	225813966113418e4
4	1000	0.2	85	96897998910840992
4	1000	0.4	85	247521285112529860
4	10000	0.1	85	1383144332790969300
4	10000	0.2	85	1429622181355420200
4	10000	0.4	85	275392897960706750
0.5	1000	0.1	86	1646015061451512e3
0.5	1000	0.2	86	1459089566303881e3
0.5	1000	0.4	86	1512691793802601e3
0.5	10000	0.1	86	1153546425046302200
0.5	10000	0.2	86	806543423089103700
0.5	10000	0.4	86	1301062948356632300
1	1000	0.1	86	831923414744268200
1	1000	0.2	86	180199836990662880
1	1000	0.4	86	1144128607693884800
1	10000	0.1	86	1931622120797345500
1	10000	0.2	86	1691093580521981400
1	10000	0.4	86	1058154765745743200
2	1000	0.1	86	737990011777878300
2	1000	0.2	86	1943235905432123100
2	1000	0.4	86	2092356041485525e3
2	10000	0.1	86	839722340814429600
2	10000	0.2	86	799701222770840300
2	10000	0.4	86	1774590880492279800
4	1000	0.1	86	957079438784625700
4	1000	0.2	86	342629659869312060
4	1000	0.4	86	2043380495171479600
4	10000	0.1	86	197169993353121250
4	10000	0.2	86	1603005963531184
4	10000	0.4	86	1188453471327454200
0.5	1000	0.1	87	651794834512916700
0.5	1000	0.2	87	403997555508447740
0.5	1000	0.4	87	1257943976417839e3
0.5	10000	0.1	87	1042094745441677600
0.5	10000	0.2	87	1751574681497011700
0.5	10000	0.4	87	2039125229625597e3
1	1000	0.1	87	535378766676489200
1	1000	0.2	87	1393139400493457e3
1	1000	0.4	87	1838813903408467500
1	10000	0.1	87	633438719446610400
1	10000	0.2	87	566172437813326800
1	10000	0.4	87	507439795334256900
2	1000	0.1	87	243587119013227070
2	1000	0.2	87	2050790643854672600
2	1000	0.4	87	1390197294311205600
2	10000	0.1	87	657420214899934300
2	10000	0.2	87	465687584805714050
2	10000	0.4	87	1675410284166966300
4	1000	0.1	87	1071592903318149600
4	1000	0.2	87	463739844130229950
4	1000	0.4	87	208632656244176800
4	10000	0.1	87	2004188408843324200
4	10000	0.2	87	1119074752846328800
4	10000	0.4	87	2165612376858183400
0.5	1000	0.1	88	787789098890198100
0.5	1000	0.2	88	572536929914456600
0.5	1000	0.4	88	1662127229310969600
0.5	10000	0.1	88	2154814709797343700
0.5	10000	0.2	88	2035988509077125600
0.5	10000	0.4	88	1899570416345645800
1	1000	0.1	88	1009771828819401100
1	1000	0.2	88	73325711681803440
1	1000	0.4	88	204522236682586500
1	10000	0.1	88	122908269036933140
1	10000	0.2	88	2206378140306409500
1	10000	0.4	88	2029982095375448e3
2	1000	0.1	88	1704142049689254e3
2	1000	0.2	88	1196917228914682600
2	1000	0.4	88	1125523347292369700
2	10000	0.1	88	536193212883771500
2	10000	0.2	88	727510460504225500
2	10000	0.4	88	1417037893627817500
4	1000	0.1	88	1796354762882144800
4	1000	0.2	88	1164781266517895400
4	1000	0.4	88	110535678111176900
4	10000	0.1	88	1724851064933261300
4	10000	0.2	88	1242974102166796300
4	10000	0.4	88	1082435081862471e3
0.5	1000	0.1	89	750915022667910400
0.5	1000	0.2	89	1003481265686369300
0.5	1000	0.4	89	1108075524237162400
0.5	10000	0.1	89	266787146459179680
0.5	10000	0.2	89	677872370894597800
0.5	10000	0.4	89	1866480834412571600
1	1000	0.1	89	1009953369272498700
1	1000	0.2	89	83967579434931490
1	1000	0.4	89	2226336507438822e3
1	10000	0.1	89	2290592947927819800
1	10000	0.2	89	1641439454904820200
1	10000	0.4	89	89950304737419780
2	1000	0.1	89	1055596130996118400
2	1000	0.2	89	955608785777145600
2	1000	0.4	89	1063678317289371e3
2	10000	0.1	89	971046135109006600
2	10000	0.2	89	1401964813162094e3
2	10000	0.4	89	1790113581609504800
4	1000	0.1	89	891280288230451700
4	1000	0.2	89	187582831013792e4
4	1000	0.4	89	548334176853639e3
4	10000	0.1	89	158633224312474140
4	10000	0.2	89	204927423463481300
4	10000	0.4	89	994676308183976400
0.5	1000	0.1	90	90275359649822350
0.5	1000	0.2	90	1155908405344282600
0.5	1000	0.4	90	1779126056716983300
0.5	10000	0.1	90	1113220839657860100
0.5	10000	0.2	90	2243800865245299700
0.5	10000	0.4	90	153690087386608160
1	1000	0.1	90	168308917848109e4
1	1000	0.2	90	360803638707230600
1	1000	0.4	90	2237402567828419800
1	10000	0.1	90	2283913933426716200
1	10000	0.2	90	624392530354474800
1	10000	0.4	90	1267610524648961e3
2	1000	0.1	90	472571878587771260
2	1000	0.2	90	647982928690773500
2	1000	0.4	90	1454017799622397700
2	10000	0.1	90	52668705143459776
2	10000	0.2	90	1261331317428436200
2	10000	0.4	90	1570847265248368600
4	1000	0.1	90	2177790634489699600
4	1000	0.2	90	1167837070472586500
4	1000	0.4	90	618837372202255900
4	10000	0.1	90	1651887742484304600
4	10000	0.2	90	1311752215607379500
4	10000	0.4	90	913831415170019600
0.5	1000	0.1	91	579324050252256800
0.5	1000	0.2	91	1592060141377192e3
0.5	1000	0.4	91	824199469758209700
0.5	10000	0.1	91	539371239887324300
0.5	10000	0.2	91	832224856063342800
0.5	10000	0.4	91	49872086204763256
1	1000	0.1	91	933242985622482300
1	1000	0.2	91	907844519624597100
1	1000	0.4	91	2017272114633152500
1	10000	0.1	91	571894588299206300
1	10000	0.2	91	804137604457432400
1	10000	0.4	91	586673407334192500
2	1000	0.1	91	912091123227240800
2	1000	0.2	91	1822769133488664300
2	1000	0.4	91	2105982959401337300
2	10000	0.1	91	1.3361683407354721e+18
2	10000	0.2	91	1203414047656704e3
2	10000	0.4	91	915689082812566400
4	1000	0.1	91	1407848686504469500
4	1000	0.2	91	1744548624436882e3
4	1000	0.4	91	1846593873771244e3
4	10000	0.1	91	708566263171988700
4	10000	0.2	91	896472100422637300
4	10000	0.4	91	836813789907539300
0.5	1000	0.1	92	171141370088009540
0.5	1000	0.2	92	1724470926633629700
0.5	1000	0.4	92	114049099903197520
0.5	10000	0.1	92	1569075036060563200
0.5	10000	0.2	92	930951361947581400
0.5	10000	0.4	92	1095986760247383700
1	1000	0.1	92	1267153793456608300
1	1000	0.2	92	367667695394975900
1	1000	0.4	92	1914003239378134500
1	10000	0.1	92	2260496449543249700
1	10000	0.2	92	808284234645004700
1	10000	0.4	92	1837754141494765600
2	1000	0.1	92	1182856084378283e3
2	1000	0.2	92	7.4893728807532006e+17
2	1000	0.4	92	1041651467082546e3
2	10000	0.1	92	262099121874151680
2	10000	0.2	92	739797358601621900
2	10000	0.4	92	2025001452827089e3
4	1000	0.1	92	796494079643214700
4	1000	0.2	92	1359460325117039600
4	1000	0.4	92	978437060825378400
4	10000	0.1	92	1795720901970862e3
4	10000	0.2	92	257829907432940670
4	10000	0.4	92	70515477721295896
0.5	1000	0.1	93	202669188775501820
0.5	1000	0.2	93	1876114938308222e3
0.5	1000	0.4	93	2207153440512479700
0.5	10000	0.1	93	674551622001428600
0.5	10000	0.2	93	1647214804605454800
0.5	10000	0.4	93	1286278552461728300
1	1000	0.1	93	1570157510329610200
1	1000	0.2	93	614385683528677900
1	1000	0.4	93	979501907359835800
1	10000	0.1	93	2105544621939382800
1	10000	0.2	93	1866069431383790300
1	10000	0.4	93	2127056745346119700
2	1000	0.1	93	338736515334855700
2	1000	0.2	93	1758958252764287700
2	1000	0.4	93	1804103616972498200
2	10000	0.1	93	222001279057244220
2	10000	0.2	93	1458560109216062e3
2	10000	0.4	93	927792451870684500
4	1000	0.1	93	1227631231200955100
4	1000	0.2	93	340720747843457150
4	1000	0.4	93	303785276204635700
4	10000	0.1	93	650893773811207400
4	10000	0.2	93	2281572611285309e3
4	10000	0.4	93	1096931311761881900
0.5	1000	0.1	94	1193770567230631e3
0.5	1000	0.2	94	1852283752009747e3
0.5	1000	0.4	94	814829671439509e3
0.5	10000	0.1	94	1451560110186372e3
0.5	10000	0.2	94	1580658950226280700
0.5	10000	0.4	94	1509476864453129200
1	1000	0.1	94	70372973854385490
1	1000	0.2	94	603172342314812900
1	1000	0.4	94	156706169031374080
1	10000	0.1	94	1388871369962915600
1	10000	0.2	94	614504704956998700
1	10000	0.4	94	294504432159959040
2	1000	0.1	94	1624991648481101300
2	1000	0.2	94	200590324751548030
2	1000	0.4	94	2088427467978935800
2	10000	0.1	94	1542341970643734e3
2	10000	0.2	94	1878451078251447800
2	10000	0.4	94	661040082854756200
4	1000	0.1	94	1031199498637964800
4	1000	0.2	94	1275889701072636700
4	1000	0.4	94	310946832595804400
4	10000	0.1	94	5.6967771600827437e+17
4	10000	0.2	94	629789907055525e3
4	10000	0.4	94	1299456889379870500
0.5	1000	0.1	95	70459912168608144
0.5	1000	0.2	95	1477572148666999e3
0.5	1000	0.4	95	2087607604878596600
0.5	10000	0.1	95	652370015749716500
0.5	10000	0.2	95	311076068616918660
0.5	10000	0.4	95	604421879785993e3
1	1000	0.1	95	1240031837051812400
1	1000	0.2	95	2114650390062897e3
1	1000	0.4	95	1225182970619799600
1	10000	0.1	95	1301706579189802e3
1	10000	0.2	95	1241027649468849400
1	10000	0.4	95	211439550765562140
2	1000	0.1	95	523909630706781800
2	1000	0.2	95	443931669226904100
2	1000	0.4	95	1829356401335071e3
2	10000	0.1	95	1281167106483336e3
2	10000	0.2	95	1272561157638496800
2	10000	0.4	95	1037791246711658500
4	1000	0.1	95	786836657932746500
4	1000	0.2	95	790109219499909800
4	1000	0.4	95	208693894329560220
4	10000	0.1	95	2046104969846398700
4	10000	0.2	95	2188800077375713300
4	10000	0.4	95	253563393673008860
0.5	1000	0.1	96	1078509242442791200
0.5	1000	0.2	96	1933440571636899800
0.5	1000	0.4	96	191624564582459840
0.5	10000	0.1	96	188809801471203360
0.5	10000	0.2	96	126000531873142e4
0.5	10000	0.4	96	1356248888031833300
1	1000	0.1	96	2207220942416006700
1	1000	0.2	96	1107928405616271200
1	1000	0.4	96	790114600379655800
1	10000	0.1	96	249567413142684260
1	10000	0.2	96	245520884897137920
1	10000	0.4	96	1826637080092005400
2	1000	0.1	96	897431254911489300
2	1000	0.2	96	224514697919086430
2	1000	0.4	96	2190978370767210200
2	10000	0.1	96	2260846816481111e3
2	10000	0.2	96	626084046041359e3
2	10000	0.4	96	2274596300995185700
4	1000	0.1	96	2064301767025199400
4	1000	0.2	96	2091152660399542800
4	1000	0.4	96	2091697680774023700
4	10000	0.1	96	96581822699533360
4	10000	0.2	96	224208603079803550
4	10000	0.4	96	402886159264272700
0.5	1000	0.1	97	1357849684747222800
0.5	1000	0.2	97	1456334436281922e3
0.5	1000	0.4	97	73294247112071760
0.5	10000	0.1	97	1727620033914555400
0.5	10000	0.2	97	1943741217115932e3
0.5	10000	0.4	97	1837925960212068400
1	1000	0.1	97	1006693217246613e3
1	1000	0.2	97	1650636792892070100
1	1000	0.4	97	1325948373155029200
1	10000	0.1	97	1178908756601716e3
1	10000	0.2	97	1665353660880308500
1	10000	0.4	97	170759016576861150
2	1000	0.1	97	574252064890960500
2	1000	0.2	97	1706286848190194e3
2	1000	0.4	97	146663483793391330
2	10000	0.1	97	1773028800713091600
2	10000	0.2	97	495996160347053700
2	10000	0.4	97	966268369523481700
4	1000	0.1	97	521576890801780300
4	1000	0.2	97	2188218420074749700
4	1000	0.4	97	21195276446293176
4	10000	0.1	97	687643291610742e3
4	10000	0.2	97	1481015720431458600
4	10000	0.4	97	336012966802180740
0.5	1000	0.1	98	1533803027622205e3
0.5	1000	0.2	98	1446047155129227500
0.5	1000	0.4	98	149074384889466050
0.5	10000	0.1	98	727451803493979100
0.5	10000	0.2	98	967990200473679100
0.5	10000	0.4	98	2240123577745232600
1	1000	0.1	98	254913545613275200
1	1000	0.2	98	454989443188691140
1	1000	0.4	98	17892877783393e5
1	10000	0.1	98	824510241707609200
1	10000	0.2	98	1519706950641313300
1	10000	0.4	98	555527581105152200
2	1000	0.1	98	1222994676554120700
2	1000	0.2	98	1234162937681986e3
2	1000	0.4	98	1286185954517926700
2	10000	0.1	98	1372544046247547100
2	10000	0.2	98	1712675002303479800
2	10000	0.4	98	1259258726029013500
4	1000	0.1	98	1995337982316392700
4	1000	0.2	98	1601962183120097500
4	1000	0.4	98	212552940591710620
4	10000	0.1	98	626389437377749600
4	10000	0.2	98	594071843198822700
4	10000	0.4	98	797146672494299600
0.5	1000	0.1	99	1920528945106232600
0.5	1000	0.2	99	377872817303576960
0.5	1000	0.4	99	1617240766178805800
0.5	10000	0.1	99	1475499883165773300
0.5	10000	0.2	99	1296801070687718100
0.5	10000	0.4	99	725053769130962300
1	1000	0.1	99	1915380666539640600
1	1000	0.2	99	1185839066016351e3
1	1000	0.4	99	768124471311273600
1	10000	0.1	99	472762560740194560
1	10000	0.2	99	1338675339401294e3
1	10000	0.4	99	1203587822442574600
2	1000	0.1	99	1154638602903986700
2	1000	0.2	99	2033108156638648800
2	1000	0.4	99	533147531700149700
2	10000	0.1	99	242942517663589820
2	10000	0.2	99	1386709759808808700
2	10000	0.4	99	1331476161730181600
4	1000	0.1	99	1907324526664827400
4	1000	0.2	99	2161538910757388800
4	1000	0.4	99	96585734786784130
4	10000	0.1	99	185605857790193440
4	10000	0.2	99	1107834288321425300
4	10000	0.4	99	1955895161584944600
0.5	1000	0.1	100	28691364421963224
0.5	1000	0.2	100	1965007892751196400
0.5	1000	0.4	100	157258190372617540
0.5	10000	0.1	100	1962350532740462600
0.5	10000	0.2	100	2030555654566534100
0.5	10000	0.4	100	46727583797619130
1	1000	0.1	100	214049078914473100
1	1000	0.2	100	585225231529677e3
1	1000	0.4	100	2188768668096460300
1	10000	0.1	100	681259849797204600
1	10000	0.2	100	2239944323102916600
1	10000	0.4	100	1595934664171883500
2	1000	0.1	100	698840026942335100
2	1000	0.2	100	1073650707701788700
2	1000	0.4	100	1606896549073356800
2	10000	0.1	100	1340560383771346e3
2	10000	0.2	100	886921763171321300
2	10000	0.4	100	1493014726575914e3
4	1000	0.1	100	2268179947896280300
4	1000	0.2	100	1558830192687056600
4	1000	0.4	100	69879291504170370
4	10000	0.1	100	1813754593784047e3
4	10000	0.2	100	1221691259531089e3
4	10000	0.4	100	1208473882838409700
0.5	1000	0.1	101	1756071512876040200
0.5	1000	0.2	101	659768765593001300
0.5	1000	0.4	101	1735168902198685700
0.5	10000	0.1	101	1974973013230911e3
0.5	10000	0.2	101	151807705675984640
0.5	10000	0.4	101	781655046169107800
1	1000	0.1	101	1983335494926828800
1	1000	0.2	101	1867909886100510500
1	1000	0.4	101	1238467969452124700
1	10000	0.1	101	1070074018851376900
1	10000	0.2	101	1290976164089852700
1	10000	0.4	101	2168067018457477e3
2	1000	0.1	101	1143621746199262500
2	1000	0.2	101	1959201653240361500
2	1000	0.4	101	1206686935030753800
2	10000	0.1	101	2110760118829077500
2	10000	0.2	101	2194281981994634800
2	10000	0.4	101	1164834304869472300
4	1000	0.1	101	468217678321671800
4	1000	0.2	101	1064257233817835800
4	1000	0.4	101	1124166750418325500
4	10000	0.1	101	541572116079645900
4	10000	0.2	101	113082288216901650
4	10000	0.4	101	22118249379302424
0.5	1000	0.1	102	543076254662442560
0.5	1000	0.2	102	1424423877310771700
0.5	1000	0.4	102	2303378319425474e3
0.5	10000	0.1	102	1021266414788502500
0.5	10000	0.2	102	830221120605407600
0.5	10000	0.4	102	1658348065967910400
1	1000	0.1	102	624692778362962e3
1	1000	0.2	102	491378289841130240
1	1000	0.4	102	916829194267863200
1	10000	0.1	102	1616639002397119500
1	10000	0.2	102	1437158167160163300
1	10000	0.4	102	980317166513491500
2	1000	0.1	102	1962587782849765e3
2	1000	0.2	102	862067040220197600
2	1000	0.4	102	152987780059940860
2	10000	0.1	102	1698055455630894600
2	10000	0.2	102	691882655606375600
2	10000	0.4	102	950052769601856900
4	1000	0.1	102	1.7065182010444959e+18
4	1000	0.2	102	1445764472087604500
4	1000	0.4	102	1059315523216165900
4	10000	0.1	102	313030305646639740
4	10000	0.2	102	1306450535450412500
4	10000	0.4	102	700656749354046300
0.5	1000	0.1	103	308019082669087900
0.5	1000	0.2	103	151107931882033760
0.5	1000	0.4	103	1327487165485260800
0.5	10000	0.1	103	216979075457145860
0.5	10000	0.2	103	543630874983512500
0.5	10000	0.4	103	175056316347613060
1	1000	0.1	103	1879555954544979e3
1	1000	0.2	103	63373066731386896
1	1000	0.4	103	59238248526956910
1	10000	0.1	103	1531307331548101e3
1	10000	0.2	103	1512635198263791600
1	10000	0.4	103	2189505377352465700
2	1000	0.1	103	503284885984948700
2	1000	0.2	103	1551360507774914e3
2	1000	0.4	103	813659148929001200
2	10000	0.1	103	11945303190906228
2	10000	0.2	103	1249850949705385700
2	10000	0.4	103	1436764106612470800
4	1000	0.1	103	1742927591554469e3
4	1000	0.2	103	538410168755484740
4	1000	0.4	103	1347754416127570700
4	10000	0.1	103	161166166854636130
4	10000	0.2	103	1702452797871058200
4	10000	0.4	103	1783522712122494e3
0.5	1000	0.1	104	2140621538216591600
0.5	1000	0.2	104	1818691797225355300
0.5	1000	0.4	104	2108418044116056600
0.5	10000	0.1	104	1724641622988494e3
0.5	10000	0.2	104	1503074731720701400
0.5	10000	0.4	104	1532983176401556e3
1	1000	0.1	104	334837555913922800
1	1000	0.2	104	461842733281089e3
1	1000	0.4	104	417601951280326e3
1	10000	0.1	104	22451216345318e5
1	10000	0.2	104	1550051076536656400
1	10000	0.4	104	1757299583770160400
2	1000	0.1	104	1106084634112833e3
2	1000	0.2	104	2.5626055297892442e+17
2	1000	0.4	104	639614665943734300
2	10000	0.1	104	60807618047670400
2	10000	0.2	104	11068290711528262
2	10000	0.4	104	1308492894526605600
4	1000	0.1	104	1125910508648734e3
4	1000	0.2	104	12376791720023596
4	1000	0.4	104	18416827681097232
4	10000	0.1	104	895834029633026300
4	10000	0.2	104	9.7620801530930394e+17
4	10000	0.4	104	663775488785129e3
0.5	1000	0.1	105	1532221822015841500
0.5	1000	0.2	105	1322357908171106800
0.5	1000	0.4	105	1400818483509626400
0.5	10000	0.1	105	71602615567055350
0.5	10000	0.2	105	551115311775918100
0.5	10000	0.4	105	1552678069754170600
1	1000	0.1	105	842677640186088300
1	1000	0.2	105	103223283690760510
1	1000	0.4	105	1521083397410114800
1	10000	0.1	105	489983455608270340
1	10000	0.2	105	847733924742670600
1	10000	0.4	105	230450461748506050
2	1000	0.1	105	1949264806899247400
2	1000	0.2	105	1145743821088981e3
2	1000	0.4	105	1559906765966991400
2	10000	0.1	105	1588647542363048e3
2	10000	0.2	105	1494257368205684700
2	10000	0.4	105	746822536484518900
4	1000	0.1	105	1046727940393202400
4	1000	0.2	105	1855854615300907800
4	1000	0.4	105	649759639373813500
4	10000	0.1	105	1475485691362143200
4	10000	0.2	105	394377332987462e3
4	10000	0.4	105	507488709743317200
0.5	1000	0.1	106	974273626006980100
0.5	1000	0.2	106	1804082518757724700
0.5	1000	0.4	106	2127261465647266300
0.5	10000	0.1	106	1499585699985930800
0.5	10000	0.2	106	1318028180666048500
0.5	10000	0.4	106	1066975797949976200
1	1000	0.1	106	779980325293083500
1	1000	0.2	106	1830661930949166300
1	1000	0.4	106	1837807242229703700
1	10000	0.1	106	1403799720870568400
1	10000	0.2	106	1782547461529836e3
1	10000	0.4	106	1934914350837105700
2	1000	0.1	106	884859801327081200
2	1000	0.2	106	322470746011968200
2	1000	0.4	106	38604615880891770
2	10000	0.1	106	73609514108902850
2	10000	0.2	106	140109901453665600
2	10000	0.4	106	119987225814378e4
4	1000	0.1	106	1052563702672209200
4	1000	0.2	106	31982398232240196
4	1000	0.4	106	611758063106767100
4	10000	0.1	106	2186722690273823200
4	10000	0.2	106	548204330067047300
4	10000	0.4	106	1457177665569797e3
0.5	1000	0.1	107	1134543103994251300
0.5	1000	0.2	107	1243437108077427e3
0.5	1000	0.4	107	994733423083742300
0.5	10000	0.1	107	501341448574557250
0.5	10000	0.2	107	1531316950459451400
0.5	10000	0.4	107	1052308547322210400
1	1000	0.1	107	320596756019961660
1	1000	0.2	107	1247711114981024e3
1	1000	0.4	107	911548579813019e3
1	10000	0.1	107	799454168196928800
1	10000	0.2	107	598153066412411800
1	10000	0.4	107	1773880278822468900
2	1000	0.1	107	8.7645830076496806e+17
2	1000	0.2	107	510909963349183800
2	1000	0.4	107	634320465465287800
2	10000	0.1	107	1606091566033621500
2	10000	0.2	107	965618628648927100
2	10000	0.4	107	490324108477040100
4	1000	0.1	107	886764046008275800
4	1000	0.2	107	825583348109581200
4	1000	0.4	107	305335621966988100
4	10000	0.1	107	219061563921241060
4	10000	0.2	107	2004215157616534500
4	10000	0.4	107	1734255162937116700
0.5	1000	0.1	108	1893260669360449300
0.5	1000	0.2	108	1817827666640698400
0.5	1000	0.4	108	1063103827867483900
0.5	10000	0.1	108	192298541641801e4
0.5	10000	0.2	108	1274906166818838500
0.5	10000	0.4	108	2129817680843316500
1	1000	0.1	108	383170462620806100
1	1000	0.2	108	1039849975665487200
1	1000	0.4	108	1270645068003641600
1	10000	0.1	108	2047819289090502700
1	10000	0.2	108	224515570979396770
1	10000	0.4	108	767134084621370900
2	1000	0.1	108	1088536895278537e3
2	1000	0.2	108	2180070387811005e3
2	1000	0.4	108	2026218270155901e3
2	10000	0.1	108	1506602992354713900
2	10000	0.2	108	153675602018442900
2	10000	0.4	108	1186244920767225600
4	1000	0.1	108	1388124645653217300
4	1000	0.2	108	649584480903530500
4	1000	0.4	108	323735749305296700
4	10000	0.1	108	422772904525974700
4	10000	0.2	108	1433157762358152700
4	10000	0.4	108	1426788397547335400
0.5	1000	0.1	109	2041856637032867600
0.5	1000	0.2	109	1366391603400019700
0.5	1000	0.4	109	1695010295543967700
0.5	10000	0.1	109	1169484296236532200
0.5	10000	0.2	109	783015473484024600
0.5	10000	0.4	109	945493098782515200
1	1000	0.1	109	559548690006997060
1	1000	0.2	109	326087649531673660
1	1000	0.4	109	2262156936663961600
1	10000	0.1	109	9129909028711976
1	10000	0.2	109	1463999619916505600
1	10000	0.4	109	2303306107024435200
2	1000	0.1	109	11536303273058912
2	1000	0.2	109	751048973664240400
2	1000	0.4	109	1022873197993852800
2	10000	0.1	109	2075962798525042700
2	10000	0.2	109	265773472159975300
2	10000	0.4	109	2292497050138285800
4	1000	0.1	109	615908501657131400
4	1000	0.2	109	1361853099935127600
4	1000	0.4	109	1294912649993729800
4	10000	0.1	109	3.1684186850366003e+17
4	10000	0.2	109	1981444297636685800
4	10000	0.4	109	693957208226652500
0.5	1000	0.1	110	727747225441118800
0.5	1000	0.2	110	34919621306991548
0.5	1000	0.4	110	501150064567856450
0.5	10000	0.1	110	552917615977689700
0.5	10000	0.2	110	2283700346909565e3
0.5	10000	0.4	110	1348990783713896700
1	1000	0.1	110	1.9293116501669919e+18
1	1000	0.2	110	1241834528665335800
1	1000	0.4	110	833947751743490300
1	10000	0.1	110	587628706109718400
1	10000	0.2	110	4.9076743281627923e+17
1	10000	0.4	110	429136143746155700
2	1000	0.1	110	1.9016578598413599e+18
2	1000	0.2	110	1873049294349375e3
2	1000	0.4	110	1121065408613171500
2	10000	0.1	110	1834329002667064e3
2	10000	0.2	110	1060946756962712400
2	10000	0.4	110	1814633807127878700
4	1000	0.1	110	705444109216086400
4	1000	0.2	110	1729976682192795100
4	1000	0.4	110	771915718364680200
4	10000	0.1	110	701463291734468400
4	10000	0.2	110	122093933976528820
4	10000	0.4	110	647461283557502600
0.5	1000	0.1	111	2066770922445041200
0.5	1000	0.2	111	1163751767671594e3
0.5	1000	0.4	111	709957566771359e3
0.5	10000	0.1	111	1892091733139003100
0.5	10000	0.2	111	816821729232109300
0.5	10000	0.4	111	1690649253520839400
1	1000	0.1	111	1543363369529738500
1	1000	0.2	111	2070737953986828500
1	1000	0.4	111	87194412780939890
1	10000	0.1	111	1056157821453401100
1	10000	0.2	111	297396812956207300
1	10000	0.4	111	1443974596523658200
2	1000	0.1	111	758669739749098e3
2	1000	0.2	111	721084146478028700
2	1000	0.4	111	1210619423796982800
2	10000	0.1	111	2090739003655318e3
2	10000	0.2	111	1497950644864454700
2	10000	0.4	111	861431331338341400
4	1000	0.1	111	586128740666372600
4	1000	0.2	111	393665084696687900
4	1000	0.4	111	506539556598819900
4	10000	0.1	111	2222536490467072300
4	10000	0.2	111	363297104652485440
4	10000	0.4	111	1701729803417091e3
0.5	1000	0.1	112	209571702338023520
0.5	1000	0.2	112	1047655069927775500
0.5	1000	0.4	112	1983395871225744400
0.5	10000	0.1	112	790734713685574e3
0.5	10000	0.2	112	1723266951467760600
0.5	10000	0.4	112	281710772429117470
1	1000	0.1	112	2077927226502756400
1	1000	0.2	112	2071207645881544e3
1	1000	0.4	112	1926277903625502700
1	10000	0.1	112	2142344381521169700
1	10000	0.2	112	837725702154999800
1	10000	0.4	112	293773353239622660
2	1000	0.1	112	308363067621047100
2	1000	0.2	112	559175298114459e3
2	1000	0.4	112	1479275924609031400
2	10000	0.1	112	1267176934357437e3
2	10000	0.2	112	872255435345239e3
2	10000	0.4	112	1860652841046341600
4	1000	0.1	112	1859843094667122700
4	1000	0.2	112	235576466918101400
4	1000	0.4	112	270416442226960930
4	10000	0.1	112	1427025362660474400
4	10000	0.2	112	1489371757711531800
4	10000	0.4	112	1939810711556733200
0.5	1000	0.1	113	1970398069809277200
0.5	1000	0.2	113	2232099846777959400
0.5	1000	0.4	113	176700975313265340
0.5	10000	0.1	113	342276243534686300
0.5	10000	0.2	113	413278727540314200
0.5	10000	0.4	113	1928537635914491100
1	1000	0.1	113	1431594140427933200
1	1000	0.2	113	1702812624789425200
1	1000	0.4	113	1464654201504870100
1	10000	0.1	113	1981864498355772200
1	10000	0.2	113	2275147600278545e3
1	10000	0.4	113	982767523133895e3
2	1000	0.1	113	1598197269616482600
2	1000	0.2	113	635274338190578800
2	1000	0.4	113	2251549139164383200
2	10000	0.1	113	1467876287143227e3
2	10000	0.2	113	1884887527192978400
2	10000	0.4	113	2051046824265446e3
4	1000	0.1	113	735126887510827600
4	1000	0.2	113	1102107678766057500
4	1000	0.4	113	383773880576132800
4	10000	0.1	113	816122003991083100
4	10000	0.2	113	855343451268494700
4	10000	0.4	113	952545196231520800
0.5	1000	0.1	114	639753985648987300
0.5	1000	0.2	114	1504919461441571300
0.5	1000	0.4	114	309515859401279550
0.5	10000	0.1	114	229395699726676860
0.5	10000	0.2	114	1347251720006838800
0.5	10000	0.4	114	197927981898200830
1	1000	0.1	114	2148328614106812400
1	1000	0.2	114	118437910668639980
1	1000	0.4	114	44190540105696976
1	10000	0.1	114	1738546957383577e3
1	10000	0.2	114	2084944366747987e3
1	10000	0.4	114	1015163466356873500
2	1000	0.1	114	1056737002940885800
2	1000	0.2	114	834228875914297100
2	1000	0.4	114	1547787489460324e3
2	10000	0.1	114	2004640808957357600
2	10000	0.2	114	2046073469020661200
2	10000	0.4	114	352857536635280260
4	1000	0.1	114	2042894838733482e3
4	1000	0.2	114	58719513118441824
4	1000	0.4	114	2188971250655281e3
4	10000	0.1	114	156362508137105e4
4	10000	0.2	114	999531399814160800
4	10000	0.4	114	1570418096897996300
0.5	1000	0.1	115	135843717645045550
0.5	1000	0.2	115	2117650698123914e3
0.5	1000	0.4	115	1.7754455313788641e+18
0.5	10000	0.1	115	1487251417946633700
0.5	10000	0.2	115	55271633066137390
0.5	10000	0.4	115	1915199004417271e3
1	1000	0.1	115	162268920018459520
1	1000	0.2	115	1510723808712520700
1	1000	0.4	115	2184221372681724e3
1	10000	0.1	115	1494989890827489500
1	10000	0.2	115	642607890629862400
1	10000	0.4	115	2279532930907594200
2	1000	0.1	115	658713668744137100
2	1000	0.2	115	901701814598319200
2	1000	0.4	115	632642299653664600
2	10000	0.1	115	273634236073195800
2	10000	0.2	115	905748972168234600
2	10000	0.4	115	377474124990759100
4	1000	0.1	115	445360232025700160
4	1000	0.2	115	224806354486728770
4	1000	0.4	115	1911333455006000400
4	10000	0.1	115	636750001325595600
4	10000	0.2	115	1.8529784370243999e+18
4	10000	0.4	115	2168811590150118100
0.5	1000	0.1	116	494817256344659e3
0.5	1000	0.2	116	1046029390247223300
0.5	1000	0.4	116	1345547529908175e3
0.5	10000	0.1	116	1603390817970712300
0.5	10000	0.2	116	751125206492452200
0.5	10000	0.4	116	1253788700123774500
1	1000	0.1	116	1240711293442388700
1	1000	0.2	116	1470004924477803e3
1	1000	0.4	116	268528474570532350
1	10000	0.1	116	744927719659304200
1	10000	0.2	116	1613427016423220700
1	10000	0.4	116	263726585164263650
2	1000	0.1	116	1552411769023566800
2	1000	0.2	116	511016717409643900
2	1000	0.4	116	909536492880115200
2	10000	0.1	116	390749695340567e3
2	10000	0.2	116	402085920376221760
2	10000	0.4	116	775090214861820500
4	1000	0.1	116	921887404010761100
4	1000	0.2	116	1729623692296037e3
4	1000	0.4	116	1473870779843102500
4	10000	0.1	116	1475073897161641e3
4	10000	0.2	116	266086816685572480
4	10000	0.4	116	2254625961115010600
0.5	1000	0.1	117	215381096828123040
0.5	1000	0.2	117	2240648935702473200
0.5	1000	0.4	117	189682724209332e4
0.5	10000	0.1	117	1346377245295975400
0.5	10000	0.2	117	1413871024915026200
0.5	10000	0.4	117	1939976974015006200
1	1000	0.1	117	1855575932437699800
1	1000	0.2	117	1778612130223508e3
1	1000	0.4	117	2129296453018802700
1	10000	0.1	117	1.4121440607808799e+18
1	10000	0.2	117	395422166193652100
1	10000	0.4	117	2032676673839066e3
2	1000	0.1	117	1836916620302632700
2	1000	0.2	117	1239712098985644500
2	1000	0.4	117	844274254786355600
2	10000	0.1	117	207337053285042900
2	10000	0.2	117	542992134600765900
2	10000	0.4	117	1920654462196367400
4	1000	0.1	117	553346688097144e3
4	1000	0.2	117	559174858082101400
4	1000	0.4	117	2021358065414808600
4	10000	0.1	117	1284075046535572200
4	10000	0.2	117	919427695821901700
4	10000	0.4	117	1921381135738263600
0.5	1000	0.1	118	885174732497431800
0.5	1000	0.2	118	2013159070134699e3
0.5	1000	0.4	118	1782552317242147300
0.5	10000	0.1	118	1089519872364135700
0.5	10000	0.2	118	2054723554143241700
0.5	10000	0.4	118	163622878153985950
1	1000	0.1	118	33492572732234372
1	1000	0.2	118	785183950522831e3
1	1000	0.4	118	778358285035716900
1	10000	0.1	118	1671748363218913500
1	10000	0.2	118	225812551816664160
1	10000	0.4	118	2251740950794982e3
2	1000	0.1	118	1159600333618421500
2	1000	0.2	118	1354429425249767e3
2	1000	0.4	118	1569109670057025e3
2	10000	0.1	118	363995623447186240
2	10000	0.2	118	2251885722259493400
2	10000	0.4	118	1289958427472040700
4	1000	0.1	118	1264751155730527700
4	1000	0.2	118	1923435592341132300
4	1000	0.4	118	422769696047496400
4	10000	0.1	118	993124080015491700
4	10000	0.2	118	2109550937011955700
4	10000	0.4	118	1888444352758243300
0.5	1000	0.1	119	1102340931115050100
0.5	1000	0.2	119	450639778153049150
0.5	1000	0.4	119	5.6521226357369837e+17
0.5	10000	0.1	119	584102194420865500
0.5	10000	0.2	119	645596746638860200
0.5	10000	0.4	119	154623651294427360
1	1000	0.1	119	47854493010216096
1	1000	0.2	119	2204139894363245800
1	1000	0.4	119	756571793635174300
1	10000	0.1	119	1817389756162190800
1	10000	0.2	119	584114932160911100
1	10000	0.4	119	1409643634833873400
2	1000	0.1	119	1.3547307558756321e+18
2	1000	0.2	119	866151701977713900
2	1000	0.4	119	4382907961546119
2	10000	0.1	119	311193089318101250
2	10000	0.2	119	1.4697689703386042e+17
2	10000	0.4	119	330503919637726600
4	1000	0.1	119	1895250013388395e3
4	1000	0.2	119	1624399825606744600
4	1000	0.4	119	795736143394502100
4	10000	0.1	119	1029400425853784600
4	10000	0.2	119	66976969248020344
4	10000	0.4	119	460548951238692900
0.5	1000	0.1	120	476823368816879040
0.5	1000	0.2	120	3.0849052716506803e+17
0.5	1000	0.4	120	796213120588175700
0.5	10000	0.1	120	110856647514562110
0.5	10000	0.2	120	2251781591254489600
0.5	10000	0.4	120	449026474974047500
1	1000	0.1	120	645873152701018400
1	1000	0.2	120	2209282673599742700
1	1000	0.4	120	2148206985433802500
1	10000	0.1	120	1694870466271837400
1	10000	0.2	120	125242602473407310
1	10000	0.4	120	941294508205520100
2	1000	0.1	120	2086687576970568200
2	1000	0.2	120	22297873793659272
2	1000	0.4	120	4.5920304687380083e+17
2	10000	0.1	120	1543256202093404200
2	10000	0.2	120	1773805642697632300
2	10000	0.4	120	484282803370187500
4	1000	0.1	120	1705142732442418e3
4	1000	0.2	120	655483592409280900
4	1000	0.4	120	1403506829629835800
4	10000	0.1	120	885517861512164700
4	10000	0.2	120	1536774717060447e3
4	10000	0.4	120	1728218077806329300
0.5	1000	0.1	121	763487500037704400
0.5	1000	0.2	121	195815528068340830
0.5	1000	0.4	121	464729926523727740
0.5	10000	0.1	121	1961730024220791e3
0.5	10000	0.2	121	1967515129469777400
0.5	10000	0.4	121	1885080691265531100
1	1000	0.1	121	30511105976316912
1	1000	0.2	121	212833445175456770
1	1000	0.4	121	1848861988574085e3
1	10000	0.1	121	6.2247525127517594e+17
1	10000	0.2	121	1788286324843517e3
1	10000	0.4	121	329531147841952300
2	1000	0.1	121	810064136356972700
2	1000	0.2	121	703905512090356700
2	1000	0.4	121	1088749332038835e3
2	10000	0.1	121	208765491144276800
2	10000	0.2	121	471693841551123140
2	10000	0.4	121	1446165804128319500
4	1000	0.1	121	621621338984933500
4	1000	0.2	121	559261904627729700
4	1000	0.4	121	1110367672408934500
4	10000	0.1	121	2241362301218910700
4	10000	0.2	121	946494862413016600
4	10000	0.4	121	1232532852731492900
0.5	1000	0.1	122	1266336392962146800
0.5	1000	0.2	122	1309543497448628700
0.5	1000	0.4	122	216031313267475e4
0.5	10000	0.1	122	1947795846754942700
0.5	10000	0.2	122	1526918899957996500
0.5	10000	0.4	122	1998934253534763300
1	1000	0.1	122	513305190595726800
1	1000	0.2	122	991793057322962700
1	1000	0.4	122	2000857603358485500
1	10000	0.1	122	738992244518531800
1	10000	0.2	122	902391384707782700
1	10000	0.4	122	821558424697588900
2	1000	0.1	122	621951184515567600
2	1000	0.2	122	544036037037470800
2	1000	0.4	122	921367432281354400
2	10000	0.1	122	364602036214105800
2	10000	0.2	122	711661396777399e3
2	10000	0.4	122	1996720845672521200
4	1000	0.1	122	728457282877730700
4	1000	0.2	122	2293809977228743200
4	1000	0.4	122	1112788132454623900
4	10000	0.1	122	1663961357684792e3
4	10000	0.2	122	634018616237625100
4	10000	0.4	122	1231143967812323600
0.5	1000	0.1	123	1762168018714034e3
0.5	1000	0.2	123	1349282733039490300
0.5	1000	0.4	123	1230253038774543400
0.5	10000	0.1	123	177354793295248e3
0.5	10000	0.2	123	1007840075486422900
0.5	10000	0.4	123	557353094035346200
1	1000	0.1	123	1393081503602585e3
1	1000	0.2	123	2012034158197925400
1	1000	0.4	123	1648317999369761800
1	10000	0.1	123	661167560178645100
1	10000	0.2	123	1083555554295027500
1	10000	0.4	123	2165088037885255700
2	1000	0.1	123	2291063719198164500
2	1000	0.2	123	5.6569372069088557e+17
2	1000	0.4	123	505468357238062200
2	10000	0.1	123	350154767426734e3
2	10000	0.2	123	1637301280537308e3
2	10000	0.4	123	1562791963846692400
4	1000	0.1	123	428118529930225200
4	1000	0.2	123	1076856092691113100
4	1000	0.4	123	1224326373413177900
4	10000	0.1	123	1198368380008596e3
4	10000	0.2	123	1214445648611256800
4	10000	0.4	123	151359682111598240
0.5	1000	0.1	124	72968730006160450
0.5	1000	0.2	124	1002737368928607200
0.5	1000	0.4	124	1116778170917706900
0.5	10000	0.1	124	1724924805731459e3
0.5	10000	0.2	124	1228460126194694400
0.5	10000	0.4	124	212789549520834500
1	1000	0.1	124	421214328288842240
1	1000	0.2	124	1941524928753770500
1	1000	0.4	124	2214448928224558300
1	10000	0.1	124	880366850512703e3
1	10000	0.2	124	647402727180086800
1	10000	0.4	124	94827468834720900
2	1000	0.1	124	1480887833762056200
2	1000	0.2	124	830465872046495900
2	1000	0.4	124	2276639252659329e3
2	10000	0.1	124	1997263630904546600
2	10000	0.2	124	1791367349820948500
2	10000	0.4	124	181434243079598980
4	1000	0.1	124	2175645277364928300
4	1000	0.2	124	1131351879636787700
4	1000	0.4	124	1324285510939314700
4	10000	0.1	124	402446632086276200
4	10000	0.2	124	769259495637434200
4	10000	0.4	124	1679912812067731200
0.5	1000	0.1	125	273882627487846140
0.5	1000	0.2	125	726838394553377500
0.5	1000	0.4	125	655533063088456300
0.5	10000	0.1	125	1899752700800274200
0.5	10000	0.2	125	271207007635395100
0.5	10000	0.4	125	1959683610639727600
1	1000	0.1	125	8562980167527595
1	1000	0.2	125	1080420855834711300
1	1000	0.4	125	2148568573042122800
1	10000	0.1	125	1243377272464221700
1	10000	0.2	125	356933790622929300
1	10000	0.4	125	1494686822263542800
2	1000	0.1	125	1324759876356659e3
2	1000	0.2	125	1907384504275297500
2	1000	0.4	125	1632102112861373400
2	10000	0.1	125	1904117163483400200
2	10000	0.2	125	2125053986435954e3
2	10000	0.4	125	119778096386904880
4	1000	0.1	125	1427092788071654700
4	1000	0.2	125	1072676633999781900
4	1000	0.4	125	2205875883660029700
4	10000	0.1	125	1825685957994875400
4	10000	0.2	125	1293135773749529e3
4	10000	0.4	125	513468848920744260
0.5	1000	0.1	126	2180956361030861300
0.5	1000	0.2	126	113674500421785260
0.5	1000	0.4	126	2180351451350777300
0.5	10000	0.1	126	1008824683455817200
0.5	10000	0.2	126	691405779007021700
0.5	10000	0.4	126	1474283424469932800
1	1000	0.1	126	1135768394914382100
1	1000	0.2	126	1032395380246601500
1	1000	0.4	126	5.5563617829332237e+17
1	10000	0.1	126	588866435758097900
1	10000	0.2	126	1638902115777327600
1	10000	0.4	126	207813695120047800
2	1000	0.1	126	1996082419075683300
2	1000	0.2	126	1171788463621235e3
2	1000	0.4	126	9.2004771351460006e+17
2	10000	0.1	126	505733196167947500
2	10000	0.2	126	704033129881529700
2	10000	0.4	126	1495678726111291e3
4	1000	0.1	126	1699206138035335400
4	1000	0.2	126	1339092794167236900
4	1000	0.4	126	5.1601567520919117e+17
4	10000	0.1	126	1215021397139857e3
4	10000	0.2	126	826372525060084600
4	10000	0.4	126	1988413317559885300
0.5	1000	0.1	127	624825854551184300
0.5	1000	0.2	127	1711639138102651400
0.5	1000	0.4	127	2237359380599869e3
0.5	10000	0.1	127	449697007523522800
0.5	10000	0.2	127	1344772926926615300
0.5	10000	0.4	127	1827445198894612e3
1	1000	0.1	127	2061050945744029700
1	1000	0.2	127	392041574833978100
1	1000	0.4	127	1664191924663808e3
1	10000	0.1	127	553633392110904e3
1	10000	0.2	127	57808254021909230
1	10000	0.4	127	665666465734613500
2	1000	0.1	127	1126029679094561800
2	1000	0.2	127	1593794400987833600
2	1000	0.4	127	1747197377949710800
2	10000	0.1	127	1300883414110338e3
2	10000	0.2	127	1956948095537202200
2	10000	0.4	127	72109113093774510
4	1000	0.1	127	321520025185803e3
4	1000	0.2	127	575236790579579400
4	1000	0.4	127	263142781943235870
4	10000	0.1	127	776105234052231200
4	10000	0.2	127	302952333745034e3
4	10000	0.4	127	998790686089725700
0.5	1000	0.1	128	1220859648053858800
0.5	1000	0.2	128	221194172435436e4
0.5	1000	0.4	128	1264797069824884e3
0.5	10000	0.1	128	1613769136184244200
0.5	10000	0.2	128	268962691567445800
0.5	10000	0.4	128	45659962635447250
1	1000	0.1	128	1822494918914008600
1	1000	0.2	128	750998386720782100
1	1000	0.4	128	937814416657455900
1	10000	0.1	128	1679569319916659500
1	10000	0.2	128	182385532180483300
1	10000	0.4	128	2278901651255347e3
2	1000	0.1	128	2252217252595914e3
2	1000	0.2	128	1853364452474201600
2	1000	0.4	128	49970271019941304
2	10000	0.1	128	1062182609406566100
2	10000	0.2	128	702986082129777900
2	10000	0.4	128	9.0491027636018394e+17
4	1000	0.1	128	1113407508688587500
4	1000	0.2	128	431861261581834500
4	1000	0.4	128	1177167808496520700
4	10000	0.1	128	899281508806358400
4	10000	0.2	128	1391254937690908e3
4	10000	0.4	128	1305242851941384200
0.5	1000	0.1	129	113658175632819070
0.5	1000	0.2	129	809683709498392800
0.5	1000	0.4	129	802911591641226800
0.5	10000	0.1	129	1262359615728675800
0.5	10000	0.2	129	2210609234100622300
0.5	10000	0.4	129	2238726398805101e3
1	1000	0.1	129	1954670455359565800
1	1000	0.2	129	729072766951921300
1	1000	0.4	129	2181008258377900800
1	10000	0.1	129	1513700607690363400
1	10000	0.2	129	1872936561118365400
1	10000	0.4	129	1746712717786023e3
2	1000	0.1	129	510880288468238140
2	1000	0.2	129	468216903003845e3
2	1000	0.4	129	1846630976119995100
2	10000	0.1	129	1229952885520779e3
2	10000	0.2	129	2206103173643972600
2	10000	0.4	129	169495036681135420
4	1000	0.1	129	2069979896955996400
4	1000	0.2	129	1317369112083022800
4	1000	0.4	129	1270649036150191600
4	10000	0.1	129	2282669455531823e3
4	10000	0.2	129	1614924232413660700
4	10000	0.4	129	499967947293187840
0.5	1000	0.1	130	1051601633705721700
0.5	1000	0.2	130	459677524144942460
0.5	1000	0.4	130	901713207331438500
0.5	10000	0.1	130	453186018928104450
0.5	10000	0.2	130	417054772066110500
0.5	10000	0.4	130	249375495156244480
1	1000	0.1	130	1007894733038576600
1	1000	0.2	130	1647537892717178600
1	1000	0.4	130	1207597946585339600
1	10000	0.1	130	1088683313367175800
1	10000	0.2	130	692064859317655200
1	10000	0.4	130	1398889650708814800
2	1000	0.1	130	344607360187375740
2	1000	0.2	130	2557250824347824
2	1000	0.4	130	118769587730001570
2	10000	0.1	130	1072240279087791600
2	10000	0.2	130	759813889858672e3
2	10000	0.4	130	75094544723682960
4	1000	0.1	130	387321316508246400
4	1000	0.2	130	780848080075166500
4	1000	0.4	130	187725372861537e4
4	10000	0.1	130	1253385810422072600
4	10000	0.2	130	809432725913149200
4	10000	0.4	130	1055824056922691300
0.5	1000	0.1	131	220752379513021950
0.5	1000	0.2	131	1.7946243514881761e+18
0.5	1000	0.4	131	1085282476730746900
0.5	10000	0.1	131	252552605584296540
0.5	10000	0.2	131	829073223193834900
0.5	10000	0.4	131	174195282965601440
1	1000	0.1	131	222090683874459800
1	1000	0.2	131	1454475756719545300
1	1000	0.4	131	1302018128267195600
1	10000	0.1	131	1231133510666991e3
1	10000	0.2	131	486678763731280400
1	10000	0.4	131	2113244454807219200
2	1000	0.1	131	1421482099987696600
2	1000	0.2	131	776187644696280300
2	1000	0.4	131	1772240691242851300
2	10000	0.1	131	2186013872903003e3
2	10000	0.2	131	1088356444273295900
2	10000	0.4	131	838130114314546600
4	1000	0.1	131	2058674709225898e3
4	1000	0.2	131	600150611864886900
4	1000	0.4	131	1255115428050046500
4	10000	0.1	131	1472893645174356e3
4	10000	0.2	131	767725109187765200
4	10000	0.4	131	969726298852455600
0.5	1000	0.1	132	922881135951883400
0.5	1000	0.2	132	1068600478522805900
0.5	1000	0.4	132	4.4099061335036397e+17
0.5	10000	0.1	132	994751130149674e3
0.5	10000	0.2	132	628235079460861800
0.5	10000	0.4	132	264941662654580130
1	1000	0.1	132	2243763535071238100
1	1000	0.2	132	1585883752400455700
1	1000	0.4	132	1659197718712328200
1	10000	0.1	132	2192914394345666800
1	10000	0.2	132	1673822042704427800
1	10000	0.4	132	714200370419828e3
2	1000	0.1	132	958847111437957100
2	1000	0.2	132	2047072339114754e3
2	1000	0.4	132	2104359616062517500
2	10000	0.1	132	2258558354901000200
2	10000	0.2	132	115517194572729580
2	10000	0.4	132	494438099381536060
4	1000	0.1	132	393048785495627460
4	1000	0.2	132	1434797165824441600
4	1000	0.4	132	825689841976218500
4	10000	0.1	132	2039546299668208400
4	10000	0.2	132	1716667616447821e3
4	10000	0.4	132	14103071322289e5
0.5	1000	0.1	133	1776046847850655e3
0.5	1000	0.2	133	303463196369356900
0.5	1000	0.4	133	64975376001105570
0.5	10000	0.1	133	1122402369432335600
0.5	10000	0.2	133	2101752765798717e3
0.5	10000	0.4	133	317655127649419100
1	1000	0.1	133	1.9446286045796961e+18
1	1000	0.2	133	836150328777893100
1	1000	0.4	133	1369717607531911200
1	10000	0.1	133	1384097062568298200
1	10000	0.2	133	8079287020341171
1	10000	0.4	133	1215530613480139300
2	1000	0.1	133	1474608284238669300
2	1000	0.2	133	1388039406179184400
2	1000	0.4	133	1784983917958892e3
2	10000	0.1	133	925240553192952600
2	10000	0.2	133	1555900481539564800
2	10000	0.4	133	1849949986319135700
4	1000	0.1	133	1867653622750964500
4	1000	0.2	133	2122688156076842500
4	1000	0.4	133	574809123082132860
4	10000	0.1	133	1260469946515453400
4	10000	0.2	133	1337842932521649e3
4	10000	0.4	133	2241569515113068e3
0.5	1000	0.1	134	4.8453930023341517e+17
0.5	1000	0.2	134	733450554490803e3
0.5	1000	0.4	134	724398265156863700
0.5	10000	0.1	134	1681763280169620500
0.5	10000	0.2	134	4.2023090276240717e+17
0.5	10000	0.4	134	194822302385261570
1	1000	0.1	134	1807025757608930300
1	1000	0.2	134	2157642927260479e3
1	1000	0.4	134	2109701216183047700
1	10000	0.1	134	60796856317215790
1	10000	0.2	134	535450340155465860
1	10000	0.4	134	504510559611336450
2	1000	0.1	134	1721844621654467800
2	1000	0.2	134	912654723542129400
2	1000	0.4	134	1737557904843206400
2	10000	0.1	134	1428316912296166100
2	10000	0.2	134	576894232370604900
2	10000	0.4	134	711466621528655200
4	1000	0.1	134	2184648857093659100
4	1000	0.2	134	1307711159506105900
4	1000	0.4	134	1466533677671376400
4	10000	0.1	134	2006898628467363300
4	10000	0.2	134	2291708733999691300
4	10000	0.4	134	95145842882382080
0.5	1000	0.1	135	1691118386050550800
0.5	1000	0.2	135	769598551401458200
0.5	1000	0.4	135	523962769164169860
0.5	10000	0.1	135	2111679148643261e3
0.5	10000	0.2	135	267554038217287460
0.5	10000	0.4	135	1169272525092374800
1	1000	0.1	135	2026814354026571500
1	1000	0.2	135	2093554322440489500
1	1000	0.4	135	1555882342513208600
1	10000	0.1	135	103101048618801820
1	10000	0.2	135	2038291606837670400
1	10000	0.4	135	1718880170394098700
2	1000	0.1	135	657732899314551e3
2	1000	0.2	135	1758720793146519e3
2	1000	0.4	135	1735044349246003e3
2	10000	0.1	135	742603049566285700
2	10000	0.2	135	1736054577358748200
2	10000	0.4	135	588664897321205200
4	1000	0.1	135	1711188929085256700
4	1000	0.2	135	333777950317834500
4	1000	0.4	135	1510037198816057600
4	10000	0.1	135	480067058572353300
4	10000	0.2	135	883684999251773600
4	10000	0.4	135	44988450462971624
0.5	1000	0.1	136	1675247619060214800
0.5	1000	0.2	136	1621322767088474e3
0.5	1000	0.4	136	1435959608288156200
0.5	10000	0.1	136	2290167295678476300
0.5	10000	0.2	136	991007677695429600
0.5	10000	0.4	136	800759893042812800
1	1000	0.1	136	1953111988234982100
1	1000	0.2	136	1276880261380502500
1	1000	0.4	136	1.2170259074902881e+18
1	10000	0.1	136	225613112683057e4
1	10000	0.2	136	954715574432870700
1	10000	0.4	136	1482328284643455500
2	1000	0.1	136	454519023280150500
2	1000	0.2	136	199385829336433630
2	1000	0.4	136	1454676707420155400
2	10000	0.1	136	1438196102297564e3
2	10000	0.2	136	2039871775613192e3
2	10000	0.4	136	1850826381000616e3
4	1000	0.1	136	1264685665692974300
4	1000	0.2	136	1425790073399821300
4	1000	0.4	136	851452825230550400
4	10000	0.1	136	1081262862039336200
4	10000	0.2	136	1305326699910305500
4	10000	0.4	136	1281185985121992200
0.5	1000	0.1	137	2208398760518035500
0.5	1000	0.2	137	2270571712936972300
0.5	1000	0.4	137	2230522726875886e3
0.5	10000	0.1	137	1237030548899604200
0.5	10000	0.2	137	194420685196156260
0.5	10000	0.4	137	359723403792799360
1	1000	0.1	137	650236715511162400
1	1000	0.2	137	356218065962385100
1	1000	0.4	137	1022312046782648600
1	10000	0.1	137	1118680734733053700
1	10000	0.2	137	225800129935428670
1	10000	0.4	137	40210337838159050
2	1000	0.1	137	1720811099432279e3
2	1000	0.2	137	1145692786660591200
2	1000	0.4	137	1983521035858459e3
2	10000	0.1	137	1154019317290071e3
2	10000	0.2	137	121104283257887e4
2	10000	0.4	137	195181717893725950
4	1000	0.1	137	759734872841530100
4	1000	0.2	137	1398711147063735800
4	1000	0.4	137	1882425023031185400
4	10000	0.1	137	1.9440103696316959e+18
4	10000	0.2	137	1174655922291021e3
4	10000	0.4	137	2173305424684349200
0.5	1000	0.1	138	1922220664749511700
0.5	1000	0.2	138	1988032575014407700
0.5	1000	0.4	138	246092750594200960
0.5	10000	0.1	138	1515727810976837400
0.5	10000	0.2	138	1020461007465591e3
0.5	10000	0.4	138	2167920967071132e3
1	1000	0.1	138	1566462150265586200
1	1000	0.2	138	1320228264951992800
1	1000	0.4	138	510999498968219140
1	10000	0.1	138	812752716392585e3
1	10000	0.2	138	215651455494426080
1	10000	0.4	138	820425537813817700
2	1000	0.1	138	1994868896409284e3
2	1000	0.2	138	783803647156073e3
2	1000	0.4	138	1350446936112174600
2	10000	0.1	138	352071150208669250
2	10000	0.2	138	310116081329330240
2	10000	0.4	138	100366101966860300
4	1000	0.1	138	481214424268086660
4	1000	0.2	138	829634021762804900
4	1000	0.4	138	1954859831608354600
4	10000	0.1	138	332390868864363200
4	10000	0.2	138	1554179389635448600
4	10000	0.4	138	108538140357218460
0.5	1000	0.1	139	1237061681853659600
0.5	1000	0.2	139	626957205626759400
0.5	1000	0.4	139	231588126271411500
0.5	10000	0.1	139	127659466120076910
0.5	10000	0.2	139	1399580401227666200
0.5	10000	0.4	139	1038879186674650600
1	1000	0.1	139	1953348470972516e3
1	1000	0.2	139	104160042419301700
1	1000	0.4	139	8.7951856813077606e+17
1	10000	0.1	139	1509675290161755e3
1	10000	0.2	139	1247262958698586400
1	10000	0.4	139	1747169781475932700
2	1000	0.1	139	532867173239761150
2	1000	0.2	139	1973218907366182700
2	1000	0.4	139	1204727083967904800
2	10000	0.1	139	2009367502688322800
2	10000	0.2	139	330468045449963840
2	10000	0.4	139	2042363809079326500
4	1000	0.1	139	1122750779864123500
4	1000	0.2	139	1405770845545078e3
4	1000	0.4	139	2285674195827638e3
4	10000	0.1	139	2258406960113235200
4	10000	0.2	139	613742391090818e3
4	10000	0.4	139	1642161093392722200
0.5	1000	0.1	140	1438863945551907e3
0.5	1000	0.2	140	1697661534944668400
0.5	1000	0.4	140	1784997816114739e3
0.5	10000	0.1	140	1868337335119506e3
0.5	10000	0.2	140	2078773532693127400
0.5	10000	0.4	140	1778079789240870700
1	1000	0.1	140	1553054004875951600
1	1000	0.2	140	1078296069155160600
1	1000	0.4	140	1923931569663805700
1	10000	0.1	140	1564939569926205400
1	10000	0.2	140	384078646827005950
1	10000	0.4	140	1122339319737601500
2	1000	0.1	140	2028105340944949200
2	1000	0.2	140	1054526072623700200
2	1000	0.4	140	331253783887857900
2	10000	0.1	140	1028382703967809800
2	10000	0.2	140	1179638380847631e3
2	10000	0.4	140	13429985996312088
4	1000	0.1	140	323858021891433e3
4	1000	0.2	140	714903932885240600
4	1000	0.4	140	2108338821738467300
4	10000	0.1	140	1091154310584755700
4	10000	0.2	140	1916331759176855300
4	10000	0.4	140	65321541335615590
0.5	1000	0.1	141	1745595697215180500
0.5	1000	0.2	141	1948580841076565800
0.5	1000	0.4	141	1827333977592734700
0.5	10000	0.1	141	1788364149048274e3
0.5	10000	0.2	141	55481235284489976
0.5	10000	0.4	141	1295684105862135600
1	1000	0.1	141	1780260106254797800
1	1000	0.2	141	1439085039009598e3
1	1000	0.4	141	335652038172047040
1	10000	0.1	141	449997755796897200
1	10000	0.2	141	2129876462176917
1	10000	0.4	141	1385652458446442800
2	1000	0.1	141	1550965592108796e3
2	1000	0.2	141	5.2468126611774483e+17
2	1000	0.4	141	42464723708421104
2	10000	0.1	141	791252456408144800
2	10000	0.2	141	23053460573630592
2	10000	0.4	141	3.7534244672212717e+17
4	1000	0.1	141	1241135549776566800
4	1000	0.2	141	197293109552431680
4	1000	0.4	141	75042274114824930
4	10000	0.1	141	145418997672689e4
4	10000	0.2	141	270999871599771680
4	10000	0.4	141	697782075606267300
0.5	1000	0.1	142	1468977961759385600
0.5	1000	0.2	142	19802207034625248
0.5	1000	0.4	142	86989164252647008
0.5	10000	0.1	142	302595991964987600
0.5	10000	0.2	142	395380932372715600
0.5	10000	0.4	142	2072666668940578800
1	1000	0.1	142	1496183305267839700
1	1000	0.2	142	1139495498707898600
1	1000	0.4	142	38205811958365656
1	10000	0.1	142	71865386395427144
1	10000	0.2	142	1572767897799021e3
1	10000	0.4	142	450223202703195840
2	1000	0.1	142	842851373876271700
2	1000	0.2	142	420704096927205300
2	1000	0.4	142	2303390222692435e3
2	10000	0.1	142	984649870687117300
2	10000	0.2	142	2294909294948838100
2	10000	0.4	142	661894332302320900
4	1000	0.1	142	397763815614977660
4	1000	0.2	142	439218234004273600
4	1000	0.4	142	1786293485375044900
4	10000	0.1	142	745090967543959e3
4	10000	0.2	142	444065307802387300
4	10000	0.4	142	1204792372325395200
0.5	1000	0.1	143	258080628924695420
0.5	1000	0.2	143	1637515655777714700
0.5	1000	0.4	143	570403877095773900
0.5	10000	0.1	143	830805262245392300
0.5	10000	0.2	143	320324129030887300
0.5	10000	0.4	143	1466509530864027100
1	1000	0.1	143	1956022324751516700
1	1000	0.2	143	1819628466356653800
1	1000	0.4	143	78714441537049808
1	10000	0.1	143	50987903869823816
1	10000	0.2	143	1011677579344035300
1	10000	0.4	143	643090736929303300
2	1000	0.1	143	2125646106416943600
2	1000	0.2	143	2139038409363702300
2	1000	0.4	143	1.2696341531795899e+17
2	10000	0.1	143	1385814758010200600
2	10000	0.2	143	926177258407525900
2	10000	0.4	143	407115251509313660
4	1000	0.1	143	1166514839817730600
4	1000	0.2	143	1694386215263646700
4	1000	0.4	143	1389103657907654e3
4	10000	0.1	143	320215911717893500
4	10000	0.2	143	232158481076693380
4	10000	0.4	143	1245890633048491300
0.5	1000	0.1	144	1031170192175964300
0.5	1000	0.2	144	1601965918188362500
0.5	1000	0.4	144	1437653843007339800
0.5	10000	0.1	144	781278762819052200
0.5	10000	0.2	144	1910864680967579100
0.5	10000	0.4	144	702966611735133400
1	1000	0.1	144	295102389976629300
1	1000	0.2	144	365936125954411650
1	1000	0.4	144	625516698586443600
1	10000	0.1	144	161532019886027e4
1	10000	0.2	144	2095423139508830200
1	10000	0.4	144	1813036254193352e3
2	1000	0.1	144	1963946477487414300
2	1000	0.2	144	2112454874582291e3
2	1000	0.4	144	718630821749460500
2	10000	0.1	144	316587188301008640
2	10000	0.2	144	1690082493692699600
2	10000	0.4	144	613909389465048400
4	1000	0.1	144	1008935198123751e3
4	1000	0.2	144	1924458982347209e3
4	1000	0.4	144	1451192949231134200
4	10000	0.1	144	1955154704837726200
4	10000	0.2	144	1922538031687785e3
4	10000	0.4	144	56348653422220830
0.5	1000	0.1	145	921647675349600900
0.5	1000	0.2	145	285873898345638530
0.5	1000	0.4	145	936370834622557700
0.5	10000	0.1	145	1226793738227017700
0.5	10000	0.2	145	848150041367266400
0.5	10000	0.4	145	2050914015271312600
1	1000	0.1	145	547888412467394560
1	1000	0.2	145	2238174258819321900
1	1000	0.4	145	1181636631953960400
1	10000	0.1	145	845313908508722400
1	10000	0.2	145	691558058813185300
1	10000	0.4	145	2066656101271703600
2	1000	0.1	145	212972665277021700
2	1000	0.2	145	2196539905956318700
2	1000	0.4	145	499763791121215900
2	10000	0.1	145	1602062377979707e3
2	10000	0.2	145	1964494268470772500
2	10000	0.4	145	2192596264917618200
4	1000	0.1	145	1941106690258303500
4	1000	0.2	145	1994939976758624300
4	1000	0.4	145	345376497114498940
4	10000	0.1	145	767990612804542e3
4	10000	0.2	145	905465208501329e3
4	10000	0.4	145	2298872172038145500
0.5	1000	0.1	146	1760629911624225500
0.5	1000	0.2	146	415562576244748200
0.5	1000	0.4	146	1992482726005430300
0.5	10000	0.1	146	2268935325929327e3
0.5	10000	0.2	146	1895423959824368600
0.5	10000	0.4	146	690147598699710100
1	1000	0.1	146	1065974095878858500
1	1000	0.2	146	856926556509361400
1	1000	0.4	146	1769524159367852e3
1	10000	0.1	146	2301937058934478300
1	10000	0.2	146	2202631194041089e3
1	10000	0.4	146	2091167075433351700
2	1000	0.1	146	1245621721293080300
2	1000	0.2	146	513354868571695900
2	1000	0.4	146	264996838626098700
2	10000	0.1	146	1517746604332046e3
2	10000	0.2	146	486902122281916400
2	10000	0.4	146	863245939088008800
4	1000	0.1	146	1427429310451851300
4	1000	0.2	146	63896459662787120
4	1000	0.4	146	394857946511848450
4	10000	0.1	146	683113504706051700
4	10000	0.2	146	1421651222969653800
4	10000	0.4	146	1913892671804508e3
0.5	1000	0.1	147	356429116745769600
0.5	1000	0.2	147	444703617588765500
0.5	1000	0.4	147	1183847564449892900
0.5	10000	0.1	147	169408764027206850
0.5	10000	0.2	147	1251337840864939e3
0.5	10000	0.4	147	1824166542353098500
1	1000	0.1	147	728910219809337200
1	1000	0.2	147	843649107097091700
1	1000	0.4	147	1301306172390147800
1	10000	0.1	147	764146530349483600
1	10000	0.2	147	158138915209891680
1	10000	0.4	147	1610007832386823200
2	1000	0.1	147	180560008638441e4
2	1000	0.2	147	238696635018406940
2	1000	0.4	147	853560880250191900
2	10000	0.1	147	2075735170440113700
2	10000	0.2	147	398548970517986560
2	10000	0.4	147	1791007995006385700
4	1000	0.1	147	1673970569632905700
4	1000	0.2	147	189278205878232e3
4	1000	0.4	147	1030794589049001e3
4	10000	0.1	147	8.5268838789829606e+17
4	10000	0.2	147	1560323490977721600
4	10000	0.4	147	201864952310653400
0.5	1000	0.1	148	1107589582672753400
0.5	1000	0.2	148	1841312546895489500
0.5	1000	0.4	148	956651816344918500
0.5	10000	0.1	148	1213267526271024400
0.5	10000	0.2	148	755482991934124400
0.5	10000	0.4	148	694688466824764700
1	1000	0.1	148	932916556368802800
1	1000	0.2	148	1256253831747208700
1	1000	0.4	148	2192085972837736e3
1	10000	0.1	148	86435614265466e4
1	10000	0.2	148	1541829201039939e3
1	10000	0.4	148	998105017013950100
2	1000	0.1	148	365262772928331100
2	1000	0.2	148	764779712811660700
2	1000	0.4	148	463787499477662200
2	10000	0.1	148	999000145711173100
2	10000	0.2	148	63383982088385590
2	10000	0.4	148	1194364957695772700
4	1000	0.1	148	755814897297650300
4	1000	0.2	148	1685773927411556900
4	1000	0.4	148	973402917331059500
4	10000	0.1	148	94094434270866910
4	10000	0.2	148	706824760784316800
4	10000	0.4	148	2152807251603890200
0.5	1000	0.1	149	865245729119040100
0.5	1000	0.2	149	612121182515260800
0.5	1000	0.4	149	1209781945650507500
0.5	10000	0.1	149	806129539981627500
0.5	10000	0.2	149	1785011465765524700
0.5	10000	0.4	149	1133781989481095200
1	1000	0.1	149	856891047794839300
1	1000	0.2	149	987938903783188200
1	1000	0.4	149	772976537300037600
1	10000	0.1	149	1259587218380475400
1	10000	0.2	149	241175978133257860
1	10000	0.4	149	1558992455173228800
2	1000	0.1	149	703633929756933500
2	1000	0.2	149	913681925149327100
2	1000	0.4	149	2218021447424428e3
2	10000	0.1	149	1872162718203139600
2	10000	0.2	149	188620126868083e4
2	10000	0.4	149	1246621271149283300
4	1000	0.1	149	1241574633279756500
4	1000	0.2	149	1307631673970971100
4	1000	0.4	149	132627714949123e4
4	10000	0.1	149	380486270907517440
4	10000	0.2	149	402999201667627700
4	10000	0.4	149	713714688106215800
0.5	1000	0.1	150	855280899206385700
0.5	1000	0.2	150	341746109005147460
0.5	1000	0.4	150	2206359110188605200
0.5	10000	0.1	150	1316353162792421400
0.5	10000	0.2	150	58942293609005760
0.5	10000	0.4	150	506417557013283840
1	1000	0.1	150	1780090990640349400
1	1000	0.2	150	438661934325985860
1	1000	0.4	150	843464219316325900
1	10000	0.1	150	1983442470629332e3
1	10000	0.2	150	853557524909899400
1	10000	0.4	150	1205694010085545700
2	1000	0.1	150	729997134047397200
2	1000	0.2	150	1428315981913977900
2	1000	0.4	150	968241179765840100
2	10000	0.1	150	1337351209589222e3
2	10000	0.2	150	1.5000319735060639e+18
2	10000	0.4	150	2157367184411353600
4	1000	0.1	150	515098490332255500
4	1000	0.2	150	1543997867965997800
4	1000	0.4	150	1434407705671815200
4	10000	0.1	150	2161722165688627200
4	10000	0.2	150	2083722281216283100
4	10000	0.4	150	707327777356177400
0.5	1000	0.1	151	71256958110858230
0.5	1000	0.2	151	581420629323713700
0.5	1000	0.4	151	2248447325438778400
0.5	10000	0.1	151	815987789209532900
0.5	10000	0.2	151	1301576445107683e3
0.5	10000	0.4	151	39299005127433616
1	1000	0.1	151	657291634484343700
1	1000	0.2	151	1023084941523214100
1	1000	0.4	151	2277813075582374100
1	10000	0.1	151	1954054326559526100
1	10000	0.2	151	910668731670027800
1	10000	0.4	151	1123437868363794200
2	1000	0.1	151	1339631114388581400
2	1000	0.2	151	571947016237738e3
2	1000	0.4	151	1188754316931166700
2	10000	0.1	151	411311784659796400
2	10000	0.2	151	2137299692768353e3
2	10000	0.4	151	31725217669993272
4	1000	0.1	151	1129218851523528400
4	1000	0.2	151	218113802083389800
4	1000	0.4	151	674194116201187100
4	10000	0.1	151	894688894583288700
4	10000	0.2	151	1618725017386679800
4	10000	0.4	151	1031238811505177500
0.5	1000	0.1	152	9.5527488594282394e+17
0.5	1000	0.2	152	1297756074441355300
0.5	1000	0.4	152	2163938253275607300
0.5	10000	0.1	152	382289656364570900
0.5	10000	0.2	152	504431073616382850
0.5	10000	0.4	152	1898411877510237700
1	1000	0.1	152	531419514956021100
1	1000	0.2	152	135736834191137340
1	1000	0.4	152	1271756883694860500
1	10000	0.1	152	1948640106910861e3
1	10000	0.2	152	1614361358273130500
1	10000	0.4	152	760337691868579200
2	1000	0.1	152	1313562804070185700
2	1000	0.2	152	2012986929017681400
2	1000	0.4	152	1780499935542341400
2	10000	0.1	152	2143837337754294300
2	10000	0.2	152	148501430450931e4
2	10000	0.4	152	770664432301217900
4	1000	0.1	152	1160829895313996500
4	1000	0.2	152	347902328661275700
4	1000	0.4	152	652855296585039900
4	10000	0.1	152	2189827142921848300
4	10000	0.2	152	160355672136777660
4	10000	0.4	152	1107260422892848100
0.5	1000	0.1	153	1768410205991182300
0.5	1000	0.2	153	1821306370211282200
0.5	1000	0.4	153	642487613986093600
0.5	10000	0.1	153	3.8985451706074637e+17
0.5	10000	0.2	153	1349812227777769500
0.5	10000	0.4	153	2162367657568412200
1	1000	0.1	153	287744027959383840
1	1000	0.2	153	2036792615037842200
1	1000	0.4	153	159994521153837820
1	10000	0.1	153	326360240886687500
1	10000	0.2	153	699054703351156200
1	10000	0.4	153	2251020426992357400
2	1000	0.1	153	8.4370511544637606e+17
2	1000	0.2	153	2239043140054072800
2	1000	0.4	153	5.0269907936608557e+17
2	10000	0.1	153	1929569397299882e3
2	10000	0.2	153	1999970188095624700
2	10000	0.4	153	562448154299788860
4	1000	0.1	153	878396834769569700
4	1000	0.2	153	1958929853393649700
4	1000	0.4	153	975358207998308600
4	10000	0.1	153	2298482616649926100
4	10000	0.2	153	671668065743483e3
4	10000	0.4	153	2.6086751940178282e+17
0.5	1000	0.1	154	1003848296868175200
0.5	1000	0.2	154	708739572291756800
0.5	1000	0.4	154	2153508350348017e3
0.5	10000	0.1	154	1608964868957478e3
0.5	10000	0.2	154	1596813336899314200
0.5	10000	0.4	154	1761380881728394200
1	1000	0.1	154	240736553181006400
1	1000	0.2	154	477895242655881600
1	1000	0.4	154	1805477553680741400
1	10000	0.1	154	2102471662660437500
1	10000	0.2	154	1534554606356770600
1	10000	0.4	154	2033790134696713e3
2	1000	0.1	154	1457824399895860700
2	1000	0.2	154	1885740409012844e3
2	1000	0.4	154	1278825247655099400
2	10000	0.1	154	2085142512733576700
2	10000	0.2	154	1225793208543379500
2	10000	0.4	154	1329729983270718700
4	1000	0.1	154	250347050462948480
4	1000	0.2	154	2.7058622989564598e+17
4	1000	0.4	154	302079871382384640
4	10000	0.1	154	754723912412114800
4	10000	0.2	154	2117060270605501400
4	10000	0.4	154	1746301751636150300
0.5	1000	0.1	155	2231633664073386200
0.5	1000	0.2	155	972918487693708800
0.5	1000	0.4	155	834569580100385e3
0.5	10000	0.1	155	376108183961695040
0.5	10000	0.2	155	885314302403314400
0.5	10000	0.4	155	152107159016063520
1	1000	0.1	155	1612993425588735500
1	1000	0.2	155	2011731109242849e3
1	1000	0.4	155	1672460276597433300
1	10000	0.1	155	46762868552846520
1	10000	0.2	155	134200641683853020
1	10000	0.4	155	408804237318048060
2	1000	0.1	155	7.1098696053245606e+17
2	1000	0.2	155	1148613834694824200
2	1000	0.4	155	1409041608370169900
2	10000	0.1	155	6.4595534864339994e+17
2	10000	0.2	155	459292584228701250
2	10000	0.4	155	1783499761845562400
4	1000	0.1	155	1415001876770090500
4	1000	0.2	155	276615387071710400
4	1000	0.4	155	1071319496924658700
4	10000	0.1	155	71883093168758656
4	10000	0.2	155	109862442903280850
4	10000	0.4	155	765417164124092200
0.5	1000	0.1	156	709198040206603600
0.5	1000	0.2	156	1816197024820518e3
0.5	1000	0.4	156	1488997853340722700
0.5	10000	0.1	156	675744670808515500
0.5	10000	0.2	156	929549148809437700
0.5	10000	0.4	156	2101538093316713500
1	1000	0.1	156	1.8838563826693279e+18
1	1000	0.2	156	43887762762458624
1	1000	0.4	156	1454574698208045600
1	10000	0.1	156	224939350988314600
1	10000	0.2	156	1346429789128221700
1	10000	0.4	156	193496986438974200
2	1000	0.1	156	1393610472758538500
2	1000	0.2	156	1940813418968267500
2	1000	0.4	156	146058185324466600
2	10000	0.1	156	1421560942820605e3
2	10000	0.2	156	1194500772678310700
2	10000	0.4	156	2138033199843312400
4	1000	0.1	156	620212336609460400
4	1000	0.2	156	502480800300850940
4	1000	0.4	156	1696718668177714700
4	10000	0.1	156	1444858972833598e3
4	10000	0.2	156	1373264153864382200
4	10000	0.4	156	925763376149913200
0.5	1000	0.1	157	1986180322976843800
0.5	1000	0.2	157	1063663280803199e3
0.5	1000	0.4	157	714369730541301500
0.5	10000	0.1	157	1605909386892267e3
0.5	10000	0.2	157	316957362458058240
0.5	10000	0.4	157	2106516941194370800
1	1000	0.1	157	352617603481803300
1	1000	0.2	157	252785442613070750
1	1000	0.4	157	1610668682635631400
1	10000	0.1	157	1772519524567324200
1	10000	0.2	157	1314322465180708e3
1	10000	0.4	157	1345500994439885300
2	1000	0.1	157	443290995417156160
2	1000	0.2	157	234451692982043400
2	1000	0.4	157	321578404804982200
2	10000	0.1	157	2220013819961961500
2	10000	0.2	157	973417448591093200
2	10000	0.4	157	1084664576832041100
4	1000	0.1	157	1306346444777364700
4	1000	0.2	157	2064690133645980400
4	1000	0.4	157	1662774122564451800
4	10000	0.1	157	2028844077665144600
4	10000	0.2	157	1644510519291222800
4	10000	0.4	157	1813064371256829700
0.5	1000	0.1	158	1380114961574996200
0.5	1000	0.2	158	655133685047670900
0.5	1000	0.4	158	89287845563282180
0.5	10000	0.1	158	2115221290598196500
0.5	10000	0.2	158	762076266170933400
0.5	10000	0.4	158	1564141116338995e3
1	1000	0.1	158	26755301648674588
1	1000	0.2	158	1843575806457029e3
1	1000	0.4	158	1887374384220684800
1	10000	0.1	158	2287592893374945300
1	10000	0.2	158	1885004560292086300
1	10000	0.4	158	1363759938024627e3
2	1000	0.1	158	1482144225076116e3
2	1000	0.2	158	1761376673992896300
2	1000	0.4	158	1585092554771381800
2	10000	0.1	158	2259757509820382700
2	10000	0.2	158	869613312995132400
2	10000	0.4	158	67289452964716910
4	1000	0.1	158	1490720759832541400
4	1000	0.2	158	299437706183904060
4	1000	0.4	158	58358114451141544
4	10000	0.1	158	77556930323182e4
4	10000	0.2	158	2032980298177003800
4	10000	0.4	158	1263537425478531600
0.5	1000	0.1	159	654012564821155100
0.5	1000	0.2	159	1966548692153020200
0.5	1000	0.4	159	1978731091172267800
0.5	10000	0.1	159	2048735647748838400
0.5	10000	0.2	159	1424306791157310200
0.5	10000	0.4	159	1252732522861441e3
1	1000	0.1	159	2075349958586399200
1	1000	0.2	159	2070214846064409e3
1	1000	0.4	159	1140189836210461300
1	10000	0.1	159	484683292747454400
1	10000	0.2	159	260409605598607100
1	10000	0.4	159	818278784676337800
2	1000	0.1	159	2140770533166488e3
2	1000	0.2	159	1868913179765858800
2	1000	0.4	159	1607052661041993700
2	10000	0.1	159	386647504733450900
2	10000	0.2	159	663582115584540900
2	10000	0.4	159	6.0940891054887206e+17
4	1000	0.1	159	569363197561878340
4	1000	0.2	159	1127088355267079400
4	1000	0.4	159	1.5312580925240801e+18
4	10000	0.1	159	17182073104684868
4	10000	0.2	159	392638561271751600
4	10000	0.4	159	811087326180367100
0.5	1000	0.1	160	889969466775352700
0.5	1000	0.2	160	1710256508357058600
0.5	1000	0.4	160	135454194309206450
0.5	10000	0.1	160	560859946524590900
0.5	10000	0.2	160	196396738246901630
0.5	10000	0.4	160	730980499603296500
1	1000	0.1	160	308882738552666940
1	1000	0.2	160	416810420776192400
1	1000	0.4	160	83939626141283e4
1	10000	0.1	160	1442235055970155500
1	10000	0.2	160	235634291646326880
1	10000	0.4	160	1887232639198044e3
2	1000	0.1	160	673634391767315800
2	1000	0.2	160	1906891912138463200
2	1000	0.4	160	1324228634306598e3
2	10000	0.1	160	2279583998081751300
2	10000	0.2	160	1789489565776898e3
2	10000	0.4	160	1348344055155660800
4	1000	0.1	160	2364681171864367
4	1000	0.2	160	4.6957964830827757e+17
4	1000	0.4	160	816433675180328300
4	10000	0.1	160	213249533808756350
4	10000	0.2	160	2279655438086943200
4	10000	0.4	160	1258404342889906400
0.5	1000	0.1	161	1978099431034820600
0.5	1000	0.2	161	1522224641021719300
0.5	1000	0.4	161	1226913614091241700
0.5	10000	0.1	161	321104113990829760
0.5	10000	0.2	161	1516055126593977900
0.5	10000	0.4	161	949354329846460700
1	1000	0.1	161	606624761084044400
1	1000	0.2	161	531154741547288400
1	1000	0.4	161	481041868639027460
1	10000	0.1	161	680351207248595500
1	10000	0.2	161	2303202910629253e3
1	10000	0.4	161	720247638049739900
2	1000	0.1	161	1265620197114473e3
2	1000	0.2	161	397162618267888260
2	1000	0.4	161	1149575712824875600
2	10000	0.1	161	985363712461078500
2	10000	0.2	161	2004162587443461e3
2	10000	0.4	161	2091018063045254700
4	1000	0.1	161	307191935219767550
4	1000	0.2	161	1614690225222563800
4	1000	0.4	161	1020872195328593700
4	10000	0.1	161	852406647672299800
4	10000	0.2	161	1407622225921721900
4	10000	0.4	161	2244979442434188300
0.5	1000	0.1	162	1236428122880398600
0.5	1000	0.2	162	2230437240701154300
0.5	1000	0.4	162	808821084237137700
0.5	10000	0.1	162	813694968330742100
0.5	10000	0.2	162	346160199430524500
0.5	10000	0.4	162	564852920074131900
1	1000	0.1	162	1.9132578857837281e+18
1	1000	0.2	162	1518687340102561e3
1	1000	0.4	162	779674576291027300
1	10000	0.1	162	390723099848734850
1	10000	0.2	162	768847965351883300
1	10000	0.4	162	1522265612539982800
2	1000	0.1	162	2223491032217865e3
2	1000	0.2	162	725765833893974500
2	1000	0.4	162	939981884765842200
2	10000	0.1	162	2004150099954397700
2	10000	0.2	162	1027469971092210700
2	10000	0.4	162	684691874548016300
4	1000	0.1	162	590624200004656900
4	1000	0.2	162	822537988319115300
4	1000	0.4	162	3484470677711258
4	10000	0.1	162	1985705243299147800
4	10000	0.2	162	1143467888935618600
4	10000	0.4	162	243200150404831360
0.5	1000	0.1	163	624445223045525e3
0.5	1000	0.2	163	378262187424199e3
0.5	1000	0.4	163	1972859322934841300
0.5	10000	0.1	163	1077958593090344200
0.5	10000	0.2	163	1628289797765336600
0.5	10000	0.4	163	1849455141614523400
1	1000	0.1	163	1729521665778761700
1	1000	0.2	163	2183335755046270500
1	1000	0.4	163	1882606999124789800
1	10000	0.1	163	1852338307298339600
1	10000	0.2	163	386476372532904260
1	10000	0.4	163	2276723450787379e3
2	1000	0.1	163	825806087086250400
2	1000	0.2	163	594784794035872400
2	1000	0.4	163	1228964546108090400
2	10000	0.1	163	576848333344790700
2	10000	0.2	163	1160235532088375800
2	10000	0.4	163	951768975548793100
4	1000	0.1	163	1203469986643154700
4	1000	0.2	163	767794065657664400
4	1000	0.4	163	678542812120183300
4	10000	0.1	163	971837868075219e3
4	10000	0.2	163	1119113513841056100
4	10000	0.4	163	1552767061721907700
0.5	1000	0.1	164	2259463322683551200
0.5	1000	0.2	164	806131646150996600
0.5	1000	0.4	164	1485012342942139e3
0.5	10000	0.1	164	1746342617988653e3
0.5	10000	0.2	164	1923195320088358700
0.5	10000	0.4	164	290089692679137700
1	1000	0.1	164	1027038611543808300
1	1000	0.2	164	1446516508429944300
1	1000	0.4	164	253961121029660320
1	10000	0.1	164	221808838607692e4
1	10000	0.2	164	1113297607012854300
1	10000	0.4	164	246869757918577760
2	1000	0.1	164	908133055208641e3
2	1000	0.2	164	2071643694574389500
2	1000	0.4	164	1749510118647087400
2	10000	0.1	164	1827328054621204500
2	10000	0.2	164	1126471927441669800
2	10000	0.4	164	246815751860215840
4	1000	0.1	164	501325263278036740
4	1000	0.2	164	1364664795505513500
4	1000	0.4	164	1302345174311519700
4	10000	0.1	164	1950165265749729800
4	10000	0.2	164	835945033414167700
4	10000	0.4	164	755036378736282400
0.5	1000	0.1	165	696079512209164400
0.5	1000	0.2	165	1516998871037465e3
0.5	1000	0.4	165	146392147241846140
0.5	10000	0.1	165	607081776361299500
0.5	10000	0.2	165	1438988629777846800
0.5	10000	0.4	165	2191568109942094300
1	1000	0.1	165	701182799092356400
1	1000	0.2	165	161094634036996260
1	1000	0.4	165	1639106373495531800
1	10000	0.1	165	440144528558653500
1	10000	0.2	165	1151286841101516300
1	10000	0.4	165	795682040392295800
2	1000	0.1	165	859963249001076200
2	1000	0.2	165	2125107146308670500
2	1000	0.4	165	1641379720996377e3
2	10000	0.1	165	533516212329540600
2	10000	0.2	165	73734643392475140
2	10000	0.4	165	272860887575409060
4	1000	0.1	165	300312220112550200
4	1000	0.2	165	2241552251292686800
4	1000	0.4	165	1476421720367251e3
4	10000	0.1	165	340495415033846e3
4	10000	0.2	165	684171403571667700
4	10000	0.4	165	1458047853323153700
0.5	1000	0.1	166	1015389322832264200
0.5	1000	0.2	166	1625877005877735700
0.5	1000	0.4	166	13938055972551e5
0.5	10000	0.1	166	1548678552773688600
0.5	10000	0.2	166	1416977025088233700
0.5	10000	0.4	166	1704759455078487300
1	1000	0.1	166	1664945763112937500
1	1000	0.2	166	494543260480624900
1	1000	0.4	166	937944338258299100
1	10000	0.1	166	1897416900241582300
1	10000	0.2	166	1406666894816156e3
1	10000	0.4	166	604537208314013400
2	1000	0.1	166	1827272447249338600
2	1000	0.2	166	62381179444058800
2	1000	0.4	166	799418865294228e3
2	10000	0.1	166	254865023057671100
2	10000	0.2	166	372277327501609100
2	10000	0.4	166	1434686882878217e3
4	1000	0.1	166	1097161396370047700
4	1000	0.2	166	1537198628660987400
4	1000	0.4	166	889031842279787300
4	10000	0.1	166	596701899705767700
4	10000	0.2	166	1321496213369937400
4	10000	0.4	166	1981828729281594400
0.5	1000	0.1	167	26555643205736752
0.5	1000	0.2	167	10599906377425512
0.5	1000	0.4	167	800162888968573700
0.5	10000	0.1	167	609993371673677800
0.5	10000	0.2	167	1660282458042609700
0.5	10000	0.4	167	176308296894560800
1	1000	0.1	167	615233519930772500
1	1000	0.2	167	539890766579395200
1	1000	0.4	167	858447140834873700
1	10000	0.1	167	1138697907368870400
1	10000	0.2	167	2181205641379392500
1	10000	0.4	167	177451811080350100
2	1000	0.1	167	65956249140047e4
2	1000	0.2	167	840133419326813300
2	1000	0.4	167	1659637010595486200
2	10000	0.1	167	2123017373960683500
2	10000	0.2	167	2221734708139100200
2	10000	0.4	167	634148468537038800
4	1000	0.1	167	472918909249211840
4	1000	0.2	167	2268879197933911600
4	1000	0.4	167	789423174937528700
4	10000	0.1	167	1017396391507940400
4	10000	0.2	167	946447957916473100
4	10000	0.4	167	839782198342479700
0.5	1000	0.1	168	1.3868625250127841e+18
0.5	1000	0.2	168	1987024110615864800
0.5	1000	0.4	168	1490362414675038200
0.5	10000	0.1	168	1263782517269787600
0.5	10000	0.2	168	1702048697206388700
0.5	10000	0.4	168	1053053296229803500
1	1000	0.1	168	895065041270828800
1	1000	0.2	168	68046123664263010
1	1000	0.4	168	758193115741342200
1	10000	0.1	168	2257332402088494300
1	10000	0.2	168	2192717018059420700
1	10000	0.4	168	1890710614493531e3
2	1000	0.1	168	1298318269296371e3
2	1000	0.2	168	1057828340296326700
2	1000	0.4	168	579196758009754100
2	10000	0.1	168	1402826470872692200
2	10000	0.2	168	1995350865135483400
2	10000	0.4	168	682297451995854100
4	1000	0.1	168	489155149758944900
4	1000	0.2	168	1341607185937365500
4	1000	0.4	168	1336419224527682800
4	10000	0.1	168	2221473943009715700
4	10000	0.2	168	494285818223508860
4	10000	0.4	168	171728971879122940
0.5	1000	0.1	169	25155381048288140
0.5	1000	0.2	169	281328559265510850
0.5	1000	0.4	169	600749396435825400
0.5	10000	0.1	169	1110550880389631500
0.5	10000	0.2	169	1215569784975274800
0.5	10000	0.4	169	411330258342430600
1	1000	0.1	169	1868550921837072600
1	1000	0.2	169	1113855606088528600
1	1000	0.4	169	281849002303991040
1	10000	0.1	169	1193206492309191200
1	10000	0.2	169	480378055787242500
1	10000	0.4	169	2101174236646904300
2	1000	0.1	169	1326997885117620700
2	1000	0.2	169	590270255155946900
2	1000	0.4	169	2183576659034616600
2	10000	0.1	169	46642300419567e3
2	10000	0.2	169	1922529405403991e3
2	10000	0.4	169	493270773590097860
4	1000	0.1	169	768709997021361200
4	1000	0.2	169	24358307970839912
4	1000	0.4	169	1356192463044548600
4	10000	0.1	169	669806939384692e3
4	10000	0.2	169	257060407691864580
4	10000	0.4	169	1619524835410492200
0.5	1000	0.1	170	936670164858265e3
0.5	1000	0.2	170	974516041482858800
0.5	1000	0.4	170	2206080699167817e3
0.5	10000	0.1	170	1627419799233515800
0.5	10000	0.2	170	4.1927669962976723e+17
0.5	10000	0.4	170	1517575340245095700
1	1000	0.1	170	2255556806771377700
1	1000	0.2	170	654223438445499600
1	1000	0.4	170	383472912286780800
1	10000	0.1	170	1709070239816397300
1	10000	0.2	170	1833269039025289e3
1	10000	0.4	170	1408855125380602e3
2	1000	0.1	170	742118775062948200
2	1000	0.2	170	445408966936948350
2	1000	0.4	170	1227263840093402e3
2	10000	0.1	170	2187978833995608300
2	10000	0.2	170	706175595640744700
2	10000	0.4	170	920230854405897900
4	1000	0.1	170	1350378787508323600
4	1000	0.2	170	2047356694114126800
4	1000	0.4	170	1733633337200697900
4	10000	0.1	170	1987542691460462e3
4	10000	0.2	170	2211890791359493e3
4	10000	0.4	170	708962900787655600
0.5	1000	0.1	171	1015717250643788800
0.5	1000	0.2	171	1985432900657299200
0.5	1000	0.4	171	1749307653082737e3
0.5	10000	0.1	171	1031660394379439100
0.5	10000	0.2	171	1774628900828446500
0.5	10000	0.4	171	1877989622935245800
1	1000	0.1	171	823326586771150700
1	1000	0.2	171	1975851295703038e3
1	1000	0.4	171	3.0406765846790963e+17
1	10000	0.1	171	838301068783738900
1	10000	0.2	171	1476627398414439400
1	10000	0.4	171	978494760142385400
2	1000	0.1	171	1874198245188733400
2	1000	0.2	171	149089084279012930
2	1000	0.4	171	1740000051947871700
2	10000	0.1	171	146899459413972e4
2	10000	0.2	171	1132210828301655700
2	10000	0.4	171	1447780802631906800
4	1000	0.1	171	1402922960798635300
4	1000	0.2	171	888854586577485800
4	1000	0.4	171	1587402474247524e3
4	10000	0.1	171	1676323946303250200
4	10000	0.2	171	481726304440729540
4	10000	0.4	171	1227898794531078e3
0.5	1000	0.1	172	2255658983252654e3
0.5	1000	0.2	172	1923508215653913e3
0.5	1000	0.4	172	545680366360128400
0.5	10000	0.1	172	522174263976618050
0.5	10000	0.2	172	2124075388738238700
0.5	10000	0.4	172	1.0914989621099341e+17
1	1000	0.1	172	1708456050173088e3
1	1000	0.2	172	1396037793575896600
1	1000	0.4	172	1798421182801886700
1	10000	0.1	172	1001223279375758e3
1	10000	0.2	172	819648136388035300
1	10000	0.4	172	645021704342945e3
2	1000	0.1	172	51051046027495200
2	1000	0.2	172	1789497232854054400
2	1000	0.4	172	2171060502289289e3
2	10000	0.1	172	178270067817523e4
2	10000	0.2	172	1569681650151746800
2	10000	0.4	172	2053736757399561e3
4	1000	0.1	172	887237984586367600
4	1000	0.2	172	792626417337953500
4	1000	0.4	172	115036328934795980
4	10000	0.1	172	1366427779872842200
4	10000	0.2	172	729569545664943500
4	10000	0.4	172	635554372887876400
0.5	1000	0.1	173	680610789673098100
0.5	1000	0.2	173	300508695601956700
0.5	1000	0.4	173	736917323522275300
0.5	10000	0.1	173	1000409180006476e3
0.5	10000	0.2	173	1581945906528969e3
0.5	10000	0.4	173	301658377763260800
1	1000	0.1	173	1418440826127235300
1	1000	0.2	173	1486430869498572300
1	1000	0.4	173	781580571822822800
1	10000	0.1	173	1140854677492495400
1	10000	0.2	173	747357356546057300
1	10000	0.4	173	2051218907777973200
2	1000	0.1	173	990708417798563700
2	1000	0.2	173	1898600668516319200
2	1000	0.4	173	692087942529178200
2	10000	0.1	173	1410770845207467300
2	10000	0.2	173	113229188233741170
2	10000	0.4	173	636559482853247900
4	1000	0.1	173	820208929985495700
4	1000	0.2	173	151292983625290270
4	1000	0.4	173	170567367251681250
4	10000	0.1	173	350888044600568500
4	10000	0.2	173	1766569560902310400
4	10000	0.4	173	1506757450965012500
0.5	1000	0.1	174	1141809576937393400
0.5	1000	0.2	174	2044945725289158700
0.5	1000	0.4	174	1480683329905452800
0.5	10000	0.1	174	1272620202507943200
0.5	10000	0.2	174	892352903418289700
0.5	10000	0.4	174	256748409996240480
1	1000	0.1	174	2102842498571559400
1	1000	0.2	174	2137473437429416400
1	1000	0.4	174	1351695784553342e3
1	10000	0.1	174	719943477670721800
1	10000	0.2	174	1196220411902715400
1	10000	0.4	174	1971668023202186200
2	1000	0.1	174	615736822677541200
2	1000	0.2	174	309125185396688300
2	1000	0.4	174	1722500883630362600
2	10000	0.1	174	1544255752419989e3
2	10000	0.2	174	704845079467219600
2	10000	0.4	174	80526594526880940
4	1000	0.1	174	841536548476494e3
4	1000	0.2	174	862755652492180500
4	1000	0.4	174	1238001459153546e3
4	10000	0.1	174	4.2453930244371443e+17
4	10000	0.2	174	1701071980341172500
4	10000	0.4	174	646531891862422100
0.5	1000	0.1	175	1090384877368489700
0.5	1000	0.2	175	428947663809544100
0.5	1000	0.4	175	1199918333480791e3
0.5	10000	0.1	175	1455381326310657500
0.5	10000	0.2	175	211868530276680130
0.5	10000	0.4	175	1444914719530244e3
1	1000	0.1	175	949404765756526100
1	1000	0.2	175	1977988231872977700
1	1000	0.4	175	1655871814005324800
1	10000	0.1	175	1666131931349660400
1	10000	0.2	175	510894432922043500
1	10000	0.4	175	213790371313299e4
2	1000	0.1	175	1954617015310963700
2	1000	0.2	175	1072240071599503200
2	1000	0.4	175	1449761802171748400
2	10000	0.1	175	1126794054268796800
2	10000	0.2	175	955397524198237e3
2	10000	0.4	175	4.4932863009138323e+17
4	1000	0.1	175	1010378970189907200
4	1000	0.2	175	2217147950027818e3
4	1000	0.4	175	868381689017700400
4	10000	0.1	175	78505452174954e4
4	10000	0.2	175	5680546663435878
4	10000	0.4	175	1264186866955548e3
0.5	1000	0.1	176	1574508345703248600
0.5	1000	0.2	176	67949327183136710
0.5	1000	0.4	176	1923169703254668300
0.5	10000	0.1	176	140110405582634080
0.5	10000	0.2	176	179290487218969060
0.5	10000	0.4	176	347312165936140350
1	1000	0.1	176	2102636125296087300
1	1000	0.2	176	1078749992263816800
1	1000	0.4	176	2159375733149333500
1	10000	0.1	176	132068428101179280
1	10000	0.2	176	758410756895043200
1	10000	0.4	176	719639077061578400
2	1000	0.1	176	919238636948064500
2	1000	0.2	176	1616847637103043e3
2	1000	0.4	176	397313116733685760
2	10000	0.1	176	1186416083177568800
2	10000	0.2	176	1612457744604568600
2	10000	0.4	176	100506266409156320
4	1000	0.1	176	1706102217424303600
4	1000	0.2	176	503620545237479600
4	1000	0.4	176	2107874780612989e3
4	10000	0.1	176	729790702641913200
4	10000	0.2	176	2072967324833664e3
4	10000	0.4	176	607129078773197200
0.5	1000	0.1	177	2115597918083192800
0.5	1000	0.2	177	977659537454747900
0.5	1000	0.4	177	808450204623846500
0.5	10000	0.1	177	1720201679919295700
0.5	10000	0.2	177	1766719333553140700
0.5	10000	0.4	177	2029442063357857e3
1	1000	0.1	177	787985291048799200
1	1000	0.2	177	575087896466155460
1	1000	0.4	177	577224660331213400
1	10000	0.1	177	1850540129159144700
1	10000	0.2	177	1550483029346838e3
1	10000	0.4	177	1496662655214013e3
2	1000	0.1	177	1336929213492456700
2	1000	0.2	177	717973585749804200
2	1000	0.4	177	1075429571103694600
2	10000	0.1	177	1379037560189057500
2	10000	0.2	177	969742111772467100
2	10000	0.4	177	814358952021879400
4	1000	0.1	177	221598244707469e4
4	1000	0.2	177	1954123828465460700
4	1000	0.4	177	242730006613757470
4	10000	0.1	177	1738789354930440700
4	10000	0.2	177	1770659115964939800
4	10000	0.4	177	1068752272846290700
0.5	1000	0.1	178	1551752894109532400
0.5	1000	0.2	178	1833141744783133700
0.5	1000	0.4	178	415029380614698700
0.5	10000	0.1	178	1456835350130490400
0.5	10000	0.2	178	1820070705770302700
0.5	10000	0.4	178	1856690961823242200
1	1000	0.1	178	1420817310821259500
1	1000	0.2	178	140205101637784450
1	1000	0.4	178	1499953443654566400
1	10000	0.1	178	1466720771233332500
1	10000	0.2	178	2136497837100311e3
1	10000	0.4	178	1081959821937365200
2	1000	0.1	178	603955026229709300
2	1000	0.2	178	1288059353984113200
2	1000	0.4	178	1800615342005966300
2	10000	0.1	178	787291947698306300
2	10000	0.2	178	1201728281607586800
2	10000	0.4	178	1438638111030733300
4	1000	0.1	178	741046863639253500
4	1000	0.2	178	1143120860647192200
4	1000	0.4	178	1437647156821429200
4	10000	0.1	178	1668375495136313900
4	10000	0.2	178	1724676700752408e3
4	10000	0.4	178	52465035501448930
0.5	1000	0.1	179	675097868112653300
0.5	1000	0.2	179	215907026955599e4
0.5	1000	0.4	179	1558247146891193600
0.5	10000	0.1	179	375002902429795800
0.5	10000	0.2	179	1949295049410108400
0.5	10000	0.4	179	1158568762917437700
1	1000	0.1	179	931029549958651900
1	1000	0.2	179	1172710590289180700
1	1000	0.4	179	1131052051765792e3
1	10000	0.1	179	1287952672922431500
1	10000	0.2	179	1863954009952066300
1	10000	0.4	179	953774396085126100
2	1000	0.1	179	1632385750528919600
2	1000	0.2	179	1648240745643382e3
2	1000	0.4	179	1702719072949985800
2	10000	0.1	179	1442023119042497300
2	10000	0.2	179	1358572356200275700
2	10000	0.4	179	1567156199460177400
4	1000	0.1	179	1303354853436497200
4	1000	0.2	179	16281295019734064
4	1000	0.4	179	2091517741950552300
4	10000	0.1	179	116875160613894940
4	10000	0.2	179	1229860354151691e3
4	10000	0.4	179	1390520627869655600
0.5	1000	0.1	180	1585804620991997700
0.5	1000	0.2	180	456515304734562240
0.5	1000	0.4	180	546547559856497100
0.5	10000	0.1	180	928849505084250900
0.5	10000	0.2	180	1545420110296691500
0.5	10000	0.4	180	1928294737498913800
1	1000	0.1	180	549454470408336100
1	1000	0.2	180	1.2272904214844641e+18
1	1000	0.4	180	218531847469741470
1	10000	0.1	180	1241428115811127300
1	10000	0.2	180	2081513281269508600
1	10000	0.4	180	915323310779806200
2	1000	0.1	180	2284184698851859e3
2	1000	0.2	180	1998781794754878e3
2	1000	0.4	180	353284204094753300
2	10000	0.1	180	1.4710581170124001e+18
2	10000	0.2	180	1774251367156982e3
2	10000	0.4	180	240613306881538660
4	1000	0.1	180	1204025689125956600
4	1000	0.2	180	1098376324629244800
4	1000	0.4	180	1867386181520441300
4	10000	0.1	180	27884207283210480
4	10000	0.2	180	1551466147947822e3
4	10000	0.4	180	2103100542111665200
0.5	1000	0.1	181	543273023439470850
0.5	1000	0.2	181	1069216472078773200
0.5	1000	0.4	181	121126910763786560
0.5	10000	0.1	181	1502143212004424e3
0.5	10000	0.2	181	340304757400181950
0.5	10000	0.4	181	1725969335761270800
1	1000	0.1	181	755530367555511700
1	1000	0.2	181	444172722554393500
1	1000	0.4	181	407667752838355840
1	10000	0.1	181	803213130441209e3
1	10000	0.2	181	5.1938931161130803e+17
1	10000	0.4	181	377549600158548700
2	1000	0.1	181	970529844184550400
2	1000	0.2	181	356147539822653060
2	1000	0.4	181	2009065365051484200
2	10000	0.1	181	1181197738225358300
2	10000	0.2	181	511927737312628500
2	10000	0.4	181	7.5454645262858394e+17
4	1000	0.1	181	1905776079765460700
4	1000	0.2	181	526388794580845400
4	1000	0.4	181	1660556010863723800
4	10000	0.1	181	263638555248966430
4	10000	0.2	181	1163892066825256e3
4	10000	0.4	181	1917889630155559e3
0.5	1000	0.1	182	1665249473090268400
0.5	1000	0.2	182	1890812788799170600
0.5	1000	0.4	182	1047943997009674800
0.5	10000	0.1	182	1651507103334579e3
0.5	10000	0.2	182	1686394853254774800
0.5	10000	0.4	182	1196232584616476e3
1	1000	0.1	182	1064427878445824300
1	1000	0.2	182	4.1619629562246323e+17
1	1000	0.4	182	1255627909201248e3
1	10000	0.1	182	1059894333393248500
1	10000	0.2	182	1113726801774629800
1	10000	0.4	182	859159660298987600
2	1000	0.1	182	759567037552047600
2	1000	0.2	182	245566761719209500
2	1000	0.4	182	432315512958235460
2	10000	0.1	182	1184251303120163e3
2	10000	0.2	182	1807949119701187600
2	10000	0.4	182	1203996233266332e3
4	1000	0.1	182	1975578275522359800
4	1000	0.2	182	476039234138062200
4	1000	0.4	182	1598249218013014800
4	10000	0.1	182	1045250160613250300
4	10000	0.2	182	1610233005639137e3
4	10000	0.4	182	1795289188734014700
0.5	1000	0.1	183	197124294796647420
0.5	1000	0.2	183	321957959242289540
0.5	1000	0.4	183	1685790245926816300
0.5	10000	0.1	183	1937297670232735e3
0.5	10000	0.2	183	2164145059771931e3
0.5	10000	0.4	183	547031055510434050
1	1000	0.1	183	1341757479406887700
1	1000	0.2	183	5.3522241237119117e+17
1	1000	0.4	183	214267933155873340
1	10000	0.1	183	1409518080645621200
1	10000	0.2	183	23254235186599272
1	10000	0.4	183	772705286825719300
2	1000	0.1	183	1533717112494927400
2	1000	0.2	183	544584628898915300
2	1000	0.4	183	737368582015017900
2	10000	0.1	183	713907103504807600
2	10000	0.2	183	1560765680921447400
2	10000	0.4	183	407858021629063600
4	1000	0.1	183	19834276216518584
4	1000	0.2	183	328776839938863700
4	1000	0.4	183	502144810584963650
4	10000	0.1	183	214724488417662080
4	10000	0.2	183	912367263748356100
4	10000	0.4	183	1687110902640318700
0.5	1000	0.1	184	502800476752894100
0.5	1000	0.2	184	336806999402214660
0.5	1000	0.4	184	1485743025201937e3
0.5	10000	0.1	184	744416966992895100
0.5	10000	0.2	184	1542219267746092500
0.5	10000	0.4	184	2083274240349273600
1	1000	0.1	184	457780942647602100
1	1000	0.2	184	833499352774434200
1	1000	0.4	184	1797103385938345200
1	10000	0.1	184	2.6196626684728122e+17
1	10000	0.2	184	200586845625086e4
1	10000	0.4	184	1203792930933377800
2	1000	0.1	184	120630213726388660
2	1000	0.2	184	2001207713994056e3
2	1000	0.4	184	1129993805774498e3
2	10000	0.1	184	622884008384373500
2	10000	0.2	184	168200799241168770
2	10000	0.4	184	1923845411909294600
4	1000	0.1	184	531677751535867140
4	1000	0.2	184	1969023671988373500
4	1000	0.4	184	811491806442802400
4	10000	0.1	184	1432577861152191500
4	10000	0.2	184	1453076032069951700
4	10000	0.4	184	58116506834353490
0.5	1000	0.1	185	1081200695174150300
0.5	1000	0.2	185	202217651951197900
0.5	1000	0.4	185	649380463819888500
0.5	10000	0.1	185	1189711581107435500
0.5	10000	0.2	185	1240292063316018700
0.5	10000	0.4	185	975675965159486600
1	1000	0.1	185	2193022902901317e3
1	1000	0.2	185	305570927962890900
1	1000	0.4	185	1935590241695539200
1	10000	0.1	185	687213495135959700
1	10000	0.2	185	294783300561749060
1	10000	0.4	185	875387330703684e3
2	1000	0.1	185	1348463778819691e3
2	1000	0.2	185	1026106036416730100
2	1000	0.4	185	1391148287394821600
2	10000	0.1	185	2145143232059678700
2	10000	0.2	185	370963212237279900
2	10000	0.4	185	330218506233800400
4	1000	0.1	185	1698162990817013500
4	1000	0.2	185	1283621391814894600
4	1000	0.4	185	1058531173543159600
4	10000	0.1	185	1933531561816465400
4	10000	0.2	185	3.8591132841362963e+17
4	10000	0.4	185	1543328891365462500
0.5	1000	0.1	186	95308288984594240
0.5	1000	0.2	186	1666306087249596e3
0.5	1000	0.4	186	1402023115559677700
0.5	10000	0.1	186	1150846940034825100
0.5	10000	0.2	186	1112815044623776100
0.5	10000	0.4	186	2165245351536310300
1	1000	0.1	186	1879159038149896700
1	1000	0.2	186	188380251290483e4
1	1000	0.4	186	813563851962995700
1	10000	0.1	186	2219553468234021400
1	10000	0.2	186	1097608857212065900
1	10000	0.4	186	1036416347707432300
2	1000	0.1	186	661610939270146e3
2	1000	0.2	186	1975812791063232e3
2	1000	0.4	186	847748558894547800
2	10000	0.1	186	1036813476455734e3
2	10000	0.2	186	446406319121730700
2	10000	0.4	186	1359860976387052500
4	1000	0.1	186	1482608962859062300
4	1000	0.2	186	1313360704007133200
4	1000	0.4	186	1402917600124614700
4	10000	0.1	186	371504795772072600
4	10000	0.2	186	1283602099211435e3
4	10000	0.4	186	1574598801208181800
0.5	1000	0.1	187	2106673044776172800
0.5	1000	0.2	187	213038390531525150
0.5	1000	0.4	187	1476379771718901200
0.5	10000	0.1	187	2196057805040189700
0.5	10000	0.2	187	1638230992115311600
0.5	10000	0.4	187	127661245424831e4
1	1000	0.1	187	1148843791202273300
1	1000	0.2	187	2030149629416001e3
1	1000	0.4	187	834179558176046e3
1	10000	0.1	187	699677215730828500
1	10000	0.2	187	1705792302265116700
1	10000	0.4	187	937167662345299e3
2	1000	0.1	187	2203008047437389300
2	1000	0.2	187	1413116717147447600
2	1000	0.4	187	275801239081504540
2	10000	0.1	187	1427866783584011800
2	10000	0.2	187	1037859156014672400
2	10000	0.4	187	513918424286017800
4	1000	0.1	187	7.4508323116797594e+17
4	1000	0.2	187	1169065215613139500
4	1000	0.4	187	646077601631171e3
4	10000	0.1	187	2209075360916517e3
4	10000	0.2	187	244466368821587200
4	10000	0.4	187	372112326279051460
0.5	1000	0.1	188	295888374755162560
0.5	1000	0.2	188	1076343847126997900
0.5	1000	0.4	188	966345958838190100
0.5	10000	0.1	188	2243379379413710800
0.5	10000	0.2	188	494979061384736100
0.5	10000	0.4	188	400374747375731900
1	1000	0.1	188	1312223962934169e3
1	1000	0.2	188	758617143967299200
1	1000	0.4	188	766365674870778800
1	10000	0.1	188	1782289783743587300
1	10000	0.2	188	2265947795678042e3
1	10000	0.4	188	378590410412206400
2	1000	0.1	188	1698110538961110800
2	1000	0.2	188	1293060870837612500
2	1000	0.4	188	179294421181725150
2	10000	0.1	188	647591984918441e3
2	10000	0.2	188	317879227827993600
2	10000	0.4	188	1366095398810305500
4	1000	0.1	188	2069800282391787300
4	1000	0.2	188	1740411020613876700
4	1000	0.4	188	56625412419213090
4	10000	0.1	188	136891920793907e4
4	10000	0.2	188	1253581767850748400
4	10000	0.4	188	342698848430207040
0.5	1000	0.1	189	3.7354018700577683e+17
0.5	1000	0.2	189	318742311708527800
0.5	1000	0.4	189	1491782890679634200
0.5	10000	0.1	189	1583067451664307700
0.5	10000	0.2	189	375999227603214340
0.5	10000	0.4	189	1693460520558945300
1	1000	0.1	189	2283991608174361600
1	1000	0.2	189	1571812140728460300
1	1000	0.4	189	2023138253321730600
1	10000	0.1	189	48633787050686850
1	10000	0.2	189	850996577418687900
1	10000	0.4	189	1263670504537080300
2	1000	0.1	189	1338374002770523600
2	1000	0.2	189	1388954416247865600
2	1000	0.4	189	899441828710454e3
2	10000	0.1	189	1065404040547121800
2	10000	0.2	189	710984383702515500
2	10000	0.4	189	1941075163747621400
4	1000	0.1	189	333909000914361150
4	1000	0.2	189	1867212461073915e3
4	1000	0.4	189	1954216223731163e3
4	10000	0.1	189	1385057209110877200
4	10000	0.2	189	1339552704996317200
4	10000	0.4	189	1017391369769970600
0.5	1000	0.1	190	1635727194038310400
0.5	1000	0.2	190	336030290074185200
0.5	1000	0.4	190	322003996766748400
0.5	10000	0.1	190	439325498656368060
0.5	10000	0.2	190	1326269505316481300
0.5	10000	0.4	190	1021998518070853e3
1	1000	0.1	190	1301990950261523200
1	1000	0.2	190	1650672419066705700
1	1000	0.4	190	1356596798278809e3
1	10000	0.1	190	1233981721966380500
1	10000	0.2	190	1384599657972632300
1	10000	0.4	190	534519521177679550
2	1000	0.1	190	1447892860402175e3
2	1000	0.2	190	23740376069005844
2	1000	0.4	190	15997968922462e5
2	10000	0.1	190	548997049726639400
2	10000	0.2	190	1507594241388625e3
2	10000	0.4	190	106794792912246530
4	1000	0.1	190	2143327865675951400
4	1000	0.2	190	1442444607317560800
4	1000	0.4	190	482835153412065e3
4	10000	0.1	190	1120676333844976100
4	10000	0.2	190	1427182635372902100
4	10000	0.4	190	1228009498254715100
0.5	1000	0.1	191	1686397705825831e3
0.5	1000	0.2	191	617806305483413800
0.5	1000	0.4	191	860850940122132500
0.5	10000	0.1	191	225059311768848030
0.5	10000	0.2	191	2026227713413652e3
0.5	10000	0.4	191	786216778244773500
1	1000	0.1	191	1399924065289450500
1	1000	0.2	191	568335216173931650
1	1000	0.4	191	1877634485894538200
1	10000	0.1	191	913086239169291e3
1	10000	0.2	191	731251085578462500
1	10000	0.4	191	125085892954783e4
2	1000	0.1	191	539659874200888900
2	1000	0.2	191	2289707783173526500
2	1000	0.4	191	2153949392374058200
2	10000	0.1	191	1055742900015365900
2	10000	0.2	191	522120334205120060
2	10000	0.4	191	2036998327673004e3
4	1000	0.1	191	1900273078676345900
4	1000	0.2	191	2136016740837403100
4	1000	0.4	191	852472538142034300
4	10000	0.1	191	78652408381577360
4	10000	0.2	191	1580676596180637200
4	10000	0.4	191	1150188472840223500
0.5	1000	0.1	192	1184019311639074e3
0.5	1000	0.2	192	2036479828857857300
0.5	1000	0.4	192	1906579981877258500
0.5	10000	0.1	192	1074016998894321200
0.5	10000	0.2	192	1710531589911144700
0.5	10000	0.4	192	2260881830818745300
1	1000	0.1	192	1042061046842583700
1	1000	0.2	192	2153711197483923e3
1	1000	0.4	192	780435355202772700
1	10000	0.1	192	337170361821371400
1	10000	0.2	192	321646135123103940
1	10000	0.4	192	1227314457167135200
2	1000	0.1	192	386889841083203460
2	1000	0.2	192	5.6179201784132883e+17
2	1000	0.4	192	2053872259362790100
2	10000	0.1	192	2106646922207100400
2	10000	0.2	192	453595349909829400
2	10000	0.4	192	1087677953593631700
4	1000	0.1	192	1034699999707579600
4	1000	0.2	192	431825245266185300
4	1000	0.4	192	672861423738448e3
4	10000	0.1	192	1477858604244103200
4	10000	0.2	192	1656277555645196300
4	10000	0.4	192	1476310713154066400
0.5	1000	0.1	193	448697483736230340
0.5	1000	0.2	193	21946297898265752
0.5	1000	0.4	193	2223382504466571800
0.5	10000	0.1	193	971133805644781300
0.5	10000	0.2	193	2023609588509285e3
0.5	10000	0.4	193	2162395611718905600
1	1000	0.1	193	185746654585714400
1	1000	0.2	193	1375954817764217900
1	1000	0.4	193	291645381468610600
1	10000	0.1	193	1191029701866434800
1	10000	0.2	193	1604371683108896300
1	10000	0.4	193	1099810456353366800
2	1000	0.1	193	2236187529877041200
2	1000	0.2	193	1079426391789984100
2	1000	0.4	193	133351873784838240
2	10000	0.1	193	1994415234440576e3
2	10000	0.2	193	1985095723160918800
2	10000	0.4	193	608240689150815900
4	1000	0.1	193	86574383273290100
4	1000	0.2	193	249667235166884100
4	1000	0.4	193	1645877914682023700
4	10000	0.1	193	268788893212783520
4	10000	0.2	193	2152832301053332e3
4	10000	0.4	193	1948854074548448300
0.5	1000	0.1	194	1177268675055053300
0.5	1000	0.2	194	1875834049375932200
0.5	1000	0.4	194	344311731069190300
0.5	10000	0.1	194	2169490363729449e3
0.5	10000	0.2	194	1076887460108604200
0.5	10000	0.4	194	2222596282191435300
1	1000	0.1	194	524213878944095040
1	1000	0.2	194	2166923114280990700
1	1000	0.4	194	23588153593078552
1	10000	0.1	194	17465933085978e5
1	10000	0.2	194	1965931257952923600
1	10000	0.4	194	1432796033478154500
2	1000	0.1	194	197048683216221920
2	1000	0.2	194	367969777688194800
2	1000	0.4	194	1772273213337054200
2	10000	0.1	194	1272813232765544400
2	10000	0.2	194	1988646707674281e3
2	10000	0.4	194	2047117572552569300
4	1000	0.1	194	1263382763619232500
4	1000	0.2	194	2122865136305499600
4	1000	0.4	194	4.9628749180595123e+17
4	10000	0.1	194	924094636943706400
4	10000	0.2	194	225931075827032670
4	10000	0.4	194	1.9913864171246561e+18
0.5	1000	0.1	195	989174063729068400
0.5	1000	0.2	195	182778961107797540
0.5	1000	0.4	195	2257185228111420400
0.5	10000	0.1	195	2225562900701421e3
0.5	10000	0.2	195	1037271704726407200
0.5	10000	0.4	195	1979353435218767400
1	1000	0.1	195	158979946920888130
1	1000	0.2	195	1236512503066108400
1	1000	0.4	195	1655173708180045800
1	10000	0.1	195	2016379936672587500
1	10000	0.2	195	47490043705383250
1	10000	0.4	195	425407841377208060
2	1000	0.1	195	2241874650535015700
2	1000	0.2	195	2106784982593203500
2	1000	0.4	195	1356171551048354e3
2	10000	0.1	195	844225860881755600
2	10000	0.2	195	1692042525898575400
2	10000	0.4	195	1387453011074460700
4	1000	0.1	195	904812239684484500
4	1000	0.2	195	1729873443648447500
4	1000	0.4	195	103876188982315e4
4	10000	0.1	195	505670923795723840
4	10000	0.2	195	1806438429225994200
4	10000	0.4	195	1251544568132161e3
0.5	1000	0.1	196	556140497918109500
0.5	1000	0.2	196	178552307434060480
0.5	1000	0.4	196	485371822728063550
0.5	10000	0.1	196	1891036311216576e3
0.5	10000	0.2	196	1805056405654921200
0.5	10000	0.4	196	571270954978031700
1	1000	0.1	196	1124600099886425e3
1	1000	0.2	196	543658460406109440
1	1000	0.4	196	459635108408782800
1	10000	0.1	196	1627676543304655400
1	10000	0.2	196	1014869736591755500
1	10000	0.4	196	1374596379458382800
2	1000	0.1	196	1272787925017745400
2	1000	0.2	196	1600940789183303700
2	1000	0.4	196	1537518570725828600
2	10000	0.1	196	1825471628581886e3
2	10000	0.2	196	2133960080726578e3
2	10000	0.4	196	858034513007145100
4	1000	0.1	196	140677143495507520
4	1000	0.2	196	1205037277421866500
4	1000	0.4	196	544764540221264e3
4	10000	0.1	196	1864903376294624300
4	10000	0.2	196	746057810578828200
4	10000	0.4	196	1199979852491618300
0.5	1000	0.1	197	1859566472913544200
0.5	1000	0.2	197	1882954529428874e3
0.5	1000	0.4	197	2019288705555219200
0.5	10000	0.1	197	2261590164527481900
0.5	10000	0.2	197	1711110657527776300
0.5	10000	0.4	197	1079524142142364900
1	1000	0.1	197	1.0933339311182641e+18
1	1000	0.2	197	1343001090642935e3
1	1000	0.4	197	536757612179048900
1	10000	0.1	197	975185482099788e3
1	10000	0.2	197	259219050495135100
1	10000	0.4	197	615238357811152600
2	1000	0.1	197	2070266457050971600
2	1000	0.2	197	1165657447986909700
2	1000	0.4	197	596775422072975e3
2	10000	0.1	197	1670251189152618500
2	10000	0.2	197	1596747864527801300
2	10000	0.4	197	1327882799454809900
4	1000	0.1	197	1838008200519914500
4	1000	0.2	197	2.0270432182375718e+17
4	1000	0.4	197	124960604315823280
4	10000	0.1	197	38628772290767270
4	10000	0.2	197	1479871445480301600
4	10000	0.4	197	1423146018212391e3
0.5	1000	0.1	198	980827099116503700
0.5	1000	0.2	198	1795449411500317400
0.5	1000	0.4	198	128288269706926450
0.5	10000	0.1	198	1683786134044705500
0.5	10000	0.2	198	1209883298171717400
0.5	10000	0.4	198	505728463048238400
1	1000	0.1	198	1597644819888522800
1	1000	0.2	198	764203484322242300
1	1000	0.4	198	994940691381136e3
1	10000	0.1	198	642946059671807900
1	10000	0.2	198	1667601327355066400
1	10000	0.4	198	5429138209291580
2	1000	0.1	198	233268776280732130
2	1000	0.2	198	121501851233169280
2	1000	0.4	198	806607524483865e3
2	10000	0.1	198	1840686287615487700
2	10000	0.2	198	1361531872473423600
2	10000	0.4	198	1476432332921334800
4	1000	0.1	198	1947334613565951500
4	1000	0.2	198	1581494054184833500
4	1000	0.4	198	1584592916771384800
4	10000	0.1	198	1.1738864709813819e+17
4	10000	0.2	198	1290573350378232e3
4	10000	0.4	198	2122269282187096300
0.5	1000	0.1	199	993500919952951800
0.5	1000	0.2	199	65973882169369050
0.5	1000	0.4	199	1933408820198015700
0.5	10000	0.1	199	1013297302133090300
0.5	10000	0.2	199	117579215395090880
0.5	10000	0.4	199	1835688425798566100
1	1000	0.1	199	2020121432902355200
1	1000	0.2	199	958902381454909400
1	1000	0.4	199	177093359836913e4
1	10000	0.1	199	1849467369057482800
1	10000	0.2	199	1561069706972054800
1	10000	0.4	199	276062341849846850
2	1000	0.1	199	882847391616633900
2	1000	0.2	199	1632007565676605700
2	1000	0.4	199	394898303875499260
2	10000	0.1	199	861327045212571900
2	10000	0.2	199	283789738536998620
2	10000	0.4	199	1418366503077792800
4	1000	0.1	199	1397672252942804500
4	1000	0.2	199	2050923930599634200
4	1000	0.4	199	656820165316817700
4	10000	0.1	199	1769772415219363300
4	10000	0.2	199	1847204437420691500
4	10000	0.4	199	2213847784111171e3
0.5	1000	0.1	200	768274836903993e3
0.5	1000	0.2	200	151121190791039500
0.5	1000	0.4	200	1132507339991734800
0.5	10000	0.1	200	617414276865321100
0.5	10000	0.2	200	2271208727346493200
0.5	10000	0.4	200	283470381546031300
1	1000	0.1	200	1651068406860401200
1	1000	0.2	200	2089495924542340900
1	1000	0.4	200	129939981446846240
1	10000	0.1	200	874261343527566100
1	10000	0.2	200	1380483404967647700
1	10000	0.4	200	1524115162413374e3
2	1000	0.1	200	486494280593078660
2	1000	0.2	200	2203701837033145600
2	1000	0.4	200	162332367052478900
2	10000	0.1	200	1868566212346995500
2	10000	0.2	200	1850378689754262800
2	10000	0.4	200	437411778215876300
4	1000	0.1	200	811494759461188e3
4	1000	0.2	200	385580111420326900
4	1000	0.4	200	1.2367422530903741e+17
4	10000	0.1	200	994700019110813300
4	10000	0.2	200	368958949063738100
4	10000	0.4	200	810631367399655300
0.5	1000	0.1	201	1202728662272289800
0.5	1000	0.2	201	363806683317769900
0.5	1000	0.4	201	383160517417874240
0.5	10000	0.1	201	203644032651294880
0.5	10000	0.2	201	320850205732558800
0.5	10000	0.4	201	2032934852217722400
1	1000	0.1	201	856493225420383900
1	1000	0.2	201	1920990724836194800
1	1000	0.4	201	179677499865247300
1	10000	0.1	201	1657473862213380600
1	10000	0.2	201	926234678411172400
1	10000	0.4	201	785116779484728200
2	1000	0.1	201	1314348537572734e3
2	1000	0.2	201	1804239786181562600
2	1000	0.4	201	792495074575653200
2	10000	0.1	201	1567164618455496700
2	10000	0.2	201	262332280797477120
2	10000	0.4	201	350284283408115600
4	1000	0.1	201	932075016298636300
4	1000	0.2	201	1577938060972649200
4	1000	0.4	201	2174484342282496300
4	10000	0.1	201	1283531403293535e3
4	10000	0.2	201	159230564202273660
4	10000	0.4	201	388407891324180860
0.5	1000	0.1	202	4.3018372957941043e+17
0.5	1000	0.2	202	1622177751872552700
0.5	1000	0.4	202	1657812765228267e3
0.5	10000	0.1	202	909858406211184600
0.5	10000	0.2	202	1095236269556516100
0.5	10000	0.4	202	582739221099355500
1	1000	0.1	202	191646488831277920
1	1000	0.2	202	85571239196338510
1	1000	0.4	202	1420640052308577500
1	10000	0.1	202	2017660982200180500
1	10000	0.2	202	3.0721993874468883e+17
1	10000	0.4	202	875960479122769400
2	1000	0.1	202	462589530356000100
2	1000	0.2	202	282346349312290340
2	1000	0.4	202	2153239461925007600
2	10000	0.1	202	889037748223451400
2	10000	0.2	202	116232983302931070
2	10000	0.4	202	960467379729807200
4	1000	0.1	202	98399071688005940
4	1000	0.2	202	1691876245776638500
4	1000	0.4	202	1185720406208537600
4	10000	0.1	202	2096965493112503e3
4	10000	0.2	202	1972795821329251300
4	10000	0.4	202	943500349282725600
0.5	1000	0.1	203	1822249776907529e3
0.5	1000	0.2	203	2229691625463449300
0.5	1000	0.4	203	1034999570297455200
0.5	10000	0.1	203	2149100783440134400
0.5	10000	0.2	203	1655877064321543200
0.5	10000	0.4	203	565952465960698940
1	1000	0.1	203	42685351019261136
1	1000	0.2	203	1127708379485518200
1	1000	0.4	203	125534322520753e4
1	10000	0.1	203	332742400085160960
1	10000	0.2	203	717726900565774200
1	10000	0.4	203	520320524137489860
2	1000	0.1	203	975719207993502300
2	1000	0.2	203	826449604638671600
2	1000	0.4	203	1154139652734369e3
2	10000	0.1	203	188773219949893800
2	10000	0.2	203	2136292529681557800
2	10000	0.4	203	557030147056269440
4	1000	0.1	203	2231077165626332200
4	1000	0.2	203	228499707647657600
4	1000	0.4	203	1868618346215953400
4	10000	0.1	203	1371434653093709300
4	10000	0.2	203	1020083925185805e3
4	10000	0.4	203	1048174533366533900
0.5	1000	0.1	204	345852283322821e3
0.5	1000	0.2	204	594786666056785900
0.5	1000	0.4	204	1524815908301811200
0.5	10000	0.1	204	148067843071949630
0.5	10000	0.2	204	1941079405483582700
0.5	10000	0.4	204	97350237163102960
1	1000	0.1	204	1429619665254136e3
1	1000	0.2	204	1142163127124132100
1	1000	0.4	204	395535487477469300
1	10000	0.1	204	1060320194553320400
1	10000	0.2	204	1134855298190715600
1	10000	0.4	204	2294030264824315e3
2	1000	0.1	204	961282924979804500
2	1000	0.2	204	1820345037858356200
2	1000	0.4	204	300285132768736060
2	10000	0.1	204	1132555608543062900
2	10000	0.2	204	775185782210702700
2	10000	0.4	204	944282092577349900
4	1000	0.1	204	1439406916360210700
4	1000	0.2	204	2.6889185023717082e+17
4	1000	0.4	204	2099767000266853400
4	10000	0.1	204	1524685390061712400
4	10000	0.2	204	1704968066777971500
4	10000	0.4	204	753647777280652700
0.5	1000	0.1	205	820642059140682400
0.5	1000	0.2	205	1871047524730836700
0.5	1000	0.4	205	112631529183335740
0.5	10000	0.1	205	834233369225403100
0.5	10000	0.2	205	119996359199155280
0.5	10000	0.4	205	1370211488671714800
1	1000	0.1	205	29129826644297304
1	1000	0.2	205	2168946206606338300
1	1000	0.4	205	1946321861866252800
1	10000	0.1	205	1691266091812915200
1	10000	0.2	205	1244201518207784400
1	10000	0.4	205	395855661097581800
2	1000	0.1	205	1188769062981866e3
2	1000	0.2	205	759032321954478800
2	1000	0.4	205	2125887680362562600
2	10000	0.1	205	516197169966554100
2	10000	0.2	205	184957498634465500
2	10000	0.4	205	1177453239445271e3
4	1000	0.1	205	54770491153241e4
4	1000	0.2	205	1353892391664520400
4	1000	0.4	205	1372204962398245600
4	10000	0.1	205	1660173304858341400
4	10000	0.2	205	1387438012699265e3
4	10000	0.4	205	2236413758020252e3
0.5	1000	0.1	206	960734241491856400
0.5	1000	0.2	206	1723604166846418400
0.5	1000	0.4	206	1597146587483427800
0.5	10000	0.1	206	1.4546011198488161e+18
0.5	10000	0.2	206	598441930538462300
0.5	10000	0.4	206	1729912159746306800
1	1000	0.1	206	366325733535515e3
1	1000	0.2	206	174210850112542e4
1	1000	0.4	206	85263521178436620
1	10000	0.1	206	1921811914139092500
1	10000	0.2	206	741605590730546600
1	10000	0.4	206	788139572867486700
2	1000	0.1	206	716958035250703400
2	1000	0.2	206	1582767492495937e3
2	1000	0.4	206	655590103814320900
2	10000	0.1	206	1591351227870936600
2	10000	0.2	206	620350147748389200
2	10000	0.4	206	904639405395746600
4	1000	0.1	206	502431967546748900
4	1000	0.2	206	765289093478488200
4	1000	0.4	206	1108188996367023900
4	10000	0.1	206	1044497140302524800
4	10000	0.2	206	204423819655062560
4	10000	0.4	206	150653092315864670
0.5	1000	0.1	207	642977094375846e3
0.5	1000	0.2	207	22188086829713880
0.5	1000	0.4	207	1615046043067763e3
0.5	10000	0.1	207	365158268642888200
0.5	10000	0.2	207	1742007279804252200
0.5	10000	0.4	207	1782748864129848e3
1	1000	0.1	207	587865135213006500
1	1000	0.2	207	310864634257602100
1	1000	0.4	207	2173635016987201500
1	10000	0.1	207	2234199659238072e3
1	10000	0.2	207	829642004609659800
1	10000	0.4	207	1944492863349674e3
2	1000	0.1	207	1446291305577043200
2	1000	0.2	207	307482947177931800
2	1000	0.4	207	9675580934638972
2	10000	0.1	207	618296710551822700
2	10000	0.2	207	221842826837780960
2	10000	0.4	207	937239125063160700
4	1000	0.1	207	1370923113733643800
4	1000	0.2	207	2037213272653555e3
4	1000	0.4	207	1096149919047889900
4	10000	0.1	207	355216519297715840
4	10000	0.2	207	893336870656684e3
4	10000	0.4	207	1444216233811242500
0.5	1000	0.1	208	1261414821241204700
0.5	1000	0.2	208	1172344547258772e3
0.5	1000	0.4	208	1167867397265681700
0.5	10000	0.1	208	796790628877261300
0.5	10000	0.2	208	1050034638439868e3
0.5	10000	0.4	208	1151253224218800400
1	1000	0.1	208	2002955776948726e3
1	1000	0.2	208	776864949275823100
1	1000	0.4	208	1291301683256295e3
1	10000	0.1	208	1671738856455976400
1	10000	0.2	208	1611099407230433800
1	10000	0.4	208	1297041092253005800
2	1000	0.1	208	311206732290968060
2	1000	0.2	208	91868227993825470
2	1000	0.4	208	1375967641479371800
2	10000	0.1	208	1788907234964717800
2	10000	0.2	208	1481889911173687300
2	10000	0.4	208	106350269959160480
4	1000	0.1	208	591605241435044100
4	1000	0.2	208	1033920603034552200
4	1000	0.4	208	933626233854261500
4	10000	0.1	208	967509493879088900
4	10000	0.2	208	5.7478252136408077e+17
4	10000	0.4	208	1965992864388872200
0.5	1000	0.1	209	537859793660854700
0.5	1000	0.2	209	486978764942102850
0.5	1000	0.4	209	1064934443093306900
0.5	10000	0.1	209	61832047433346944
0.5	10000	0.2	209	1891122556135033600
0.5	10000	0.4	209	1376068646807830800
1	1000	0.1	209	1396858127787785200
1	1000	0.2	209	436493247655383600
1	1000	0.4	209	1221360069743181600
1	10000	0.1	209	81060867941871e4
1	10000	0.2	209	413427353594903e3
1	10000	0.4	209	206287600721621820
2	1000	0.1	209	2252812999284125700
2	1000	0.2	209	4.2643730331861837e+17
2	1000	0.4	209	2077206962644428500
2	10000	0.1	209	1.0833160683729841e+18
2	10000	0.2	209	746146477199098e3
2	10000	0.4	209	1961226072464783400
4	1000	0.1	209	1824939500280316200
4	1000	0.2	209	278158518392899300
4	1000	0.4	209	1298910278689395e3
4	10000	0.1	209	1973380834912155600
4	10000	0.2	209	2270697760728194300
4	10000	0.4	209	58307589426713e4
0.5	1000	0.1	210	498563221567548500
0.5	1000	0.2	210	140596873231358690
0.5	1000	0.4	210	410121694924080300
0.5	10000	0.1	210	1151659677564034300
0.5	10000	0.2	210	1526538052991386e3
0.5	10000	0.4	210	934917033030821500
1	1000	0.1	210	2157293487115044e3
1	1000	0.2	210	1414857657036950500
1	1000	0.4	210	1869121401585699300
1	10000	0.1	210	493088995273810600
1	10000	0.2	210	35662888747935680
1	10000	0.4	210	1575931873516626e3
2	1000	0.1	210	1904061903237066200
2	1000	0.2	210	1017286006568863e3
2	1000	0.4	210	2132868821647242500
2	10000	0.1	210	240263986275900350
2	10000	0.2	210	1072290978849511e3
2	10000	0.4	210	697198768791933400
4	1000	0.1	210	969045813202684900
4	1000	0.2	210	1362961870527779300
4	1000	0.4	210	448134707506920300
4	10000	0.1	210	2030583069948626e3
4	10000	0.2	210	2124424570051665700
4	10000	0.4	210	2287551675139788800
0.5	1000	0.1	211	231223507203695360
0.5	1000	0.2	211	2243292566721380900
0.5	1000	0.4	211	731287864760014700
0.5	10000	0.1	211	2181775893509091800
0.5	10000	0.2	211	1351446634060782300
0.5	10000	0.4	211	1124360376770747e3
1	1000	0.1	211	3.8105238940108877e+17
1	1000	0.2	211	565210167398643650
1	1000	0.4	211	1400966875059229400
1	10000	0.1	211	850908569805575300
1	10000	0.2	211	1649296958027951400
1	10000	0.4	211	2183174279978223e3
2	1000	0.1	211	1159390282082997200
2	1000	0.2	211	1220960316703447600
2	1000	0.4	211	205189566150782400
2	10000	0.1	211	1006541700029573900
2	10000	0.2	211	2270694153335809e3
2	10000	0.4	211	1782776045286526e3
4	1000	0.1	211	2093705480113043200
4	1000	0.2	211	72362581231958260
4	1000	0.4	211	1515466380523097900
4	10000	0.1	211	5.3354515218013843e+17
4	10000	0.2	211	1670477958975946800
4	10000	0.4	211	3.5102687205720717e+17
0.5	1000	0.1	212	957642931184040600
0.5	1000	0.2	212	297023306610669700
0.5	1000	0.4	212	695672514002345500
0.5	10000	0.1	212	1497181251758304800
0.5	10000	0.2	212	1015440418120346200
0.5	10000	0.4	212	1409668988715279400
1	1000	0.1	212	175782183006337250
1	1000	0.2	212	1739846502917106700
1	1000	0.4	212	1636298087124111400
1	10000	0.1	212	2109940730515148300
1	10000	0.2	212	787855871076382600
1	10000	0.4	212	306957841420831740
2	1000	0.1	212	1474929450979665700
2	1000	0.2	212	1497637320436543700
2	1000	0.4	212	1053801907411147300
2	10000	0.1	212	61525986548020304
2	10000	0.2	212	357932387711978300
2	10000	0.4	212	400440048232385300
4	1000	0.1	212	1961489766677975e3
4	1000	0.2	212	563291805574815300
4	1000	0.4	212	1771997861032460300
4	10000	0.1	212	950224325661699500
4	10000	0.2	212	1339202143498529e3
4	10000	0.4	212	2211974123877289500
0.5	1000	0.1	213	2237924612965284400
0.5	1000	0.2	213	936608123927623400
0.5	1000	0.4	213	12783103328716264
0.5	10000	0.1	213	193040617418162620
0.5	10000	0.2	213	1788351404883203600
0.5	10000	0.4	213	2003998600815946200
1	1000	0.1	213	931526325617055900
1	1000	0.2	213	463948474890498940
1	1000	0.4	213	1435106497062120700
1	10000	0.1	213	1297174729221630500
1	10000	0.2	213	28116862032866372
1	10000	0.4	213	480660044937947140
2	1000	0.1	213	1353532737137459200
2	1000	0.2	213	1256068863560979700
2	1000	0.4	213	412499973443502140
2	10000	0.1	213	3.2487168858006003e+17
2	10000	0.2	213	1663672858434895e3
2	10000	0.4	213	1979634269424622e3
4	1000	0.1	213	2112144565870480400
4	1000	0.2	213	1433226494897559300
4	1000	0.4	213	238347219421411330
4	10000	0.1	213	576874223311550700
4	10000	0.2	213	434798321732451500
4	10000	0.4	213	1066138320523493400
0.5	1000	0.1	214	1.7421827487649398e+17
0.5	1000	0.2	214	843430195321443e3
0.5	1000	0.4	214	161535638655571040
0.5	10000	0.1	214	1691751112377545200
0.5	10000	0.2	214	926182844160231600
0.5	10000	0.4	214	2210948951726875e3
1	1000	0.1	214	540604675686259400
1	1000	0.2	214	303611509827278100
1	1000	0.4	214	500424240997442e3
1	10000	0.1	214	589098737222549800
1	10000	0.2	214	779680960373451900
1	10000	0.4	214	61911546141123744
2	1000	0.1	214	2.0062248894256358e+17
2	1000	0.2	214	488554575747622850
2	1000	0.4	214	17090215980496e4
2	10000	0.1	214	1940319095612178400
2	10000	0.2	214	285484702140825800
2	10000	0.4	214	721281240111632e3
4	1000	0.1	214	2048638985986818e3
4	1000	0.2	214	861018700756702700
4	1000	0.4	214	706429249199000800
4	10000	0.1	214	533980763163207360
4	10000	0.2	214	1086564490664922600
4	10000	0.4	214	857220997067446400
0.5	1000	0.1	215	843428401464454800
0.5	1000	0.2	215	2261453175589726700
0.5	1000	0.4	215	446429831671752260
0.5	10000	0.1	215	718001194196909800
0.5	10000	0.2	215	2154946098263854e3
0.5	10000	0.4	215	919401367543584900
1	1000	0.1	215	345794763006771100
1	1000	0.2	215	1979538572758012200
1	1000	0.4	215	1942924607930380300
1	10000	0.1	215	823795236690248200
1	10000	0.2	215	1025336164278335400
1	10000	0.4	215	185227254936537280
2	1000	0.1	215	1194876127517592800
2	1000	0.2	215	711213909742937600
2	1000	0.4	215	238246413884296100
2	10000	0.1	215	761167836565110100
2	10000	0.2	215	614404182051579800
2	10000	0.4	215	579035723925575200
4	1000	0.1	215	190604356388159520
4	1000	0.2	215	1099703606871119100
4	1000	0.4	215	2161275350749247700
4	10000	0.1	215	1327580531063138300
4	10000	0.2	215	1673486631967379500
4	10000	0.4	215	148163225526097e3
0.5	1000	0.1	216	1669585220849831400
0.5	1000	0.2	216	1580210542236911e3
0.5	1000	0.4	216	2293175545678924300
0.5	10000	0.1	216	1804704850850736400
0.5	10000	0.2	216	951773990229514400
0.5	10000	0.4	216	1088453460877988900
1	1000	0.1	216	2044739923365414400
1	1000	0.2	216	2219211415432568600
1	1000	0.4	216	2256824238226311700
1	10000	0.1	216	407789805381393540
1	10000	0.2	216	618432651900338700
1	10000	0.4	216	1665404945371805700
2	1000	0.1	216	1135125728428440600
2	1000	0.2	216	2004395726180003800
2	1000	0.4	216	1217775174172654e3
2	10000	0.1	216	774166618912372700
2	10000	0.2	216	709179679937904300
2	10000	0.4	216	1937665232096451e3
4	1000	0.1	216	1737669455252146200
4	1000	0.2	216	1275141993474699300
4	1000	0.4	216	351303615122565250
4	10000	0.1	216	534306385867475500
4	10000	0.2	216	1510212685936235500
4	10000	0.4	216	2081675851246356200
0.5	1000	0.1	217	661080149983995400
0.5	1000	0.2	217	292573442651587260
0.5	1000	0.4	217	1041246121931376400
0.5	10000	0.1	217	1786429157987185e3
0.5	10000	0.2	217	1643515482018681300
0.5	10000	0.4	217	147606940345970660
1	1000	0.1	217	1728744030539785200
1	1000	0.2	217	1873044821955585e3
1	1000	0.4	217	859018319067498200
1	10000	0.1	217	1078490885855572700
1	10000	0.2	217	946074738430042200
1	10000	0.4	217	2020816786669902e3
2	1000	0.1	217	696191356156055600
2	1000	0.2	217	585524871444513200
2	1000	0.4	217	1952240426746785800
2	10000	0.1	217	468791806629142400
2	10000	0.2	217	1639015505297761500
2	10000	0.4	217	1944905930153858e3
4	1000	0.1	217	1796715906129408300
4	1000	0.2	217	1564256298591177e3
4	1000	0.4	217	1978305533894473700
4	10000	0.1	217	430325186186874800
4	10000	0.2	217	2246726474339135e3
4	10000	0.4	217	1534708149226886700
0.5	1000	0.1	218	1740986414377098800
0.5	1000	0.2	218	426228906940407100
0.5	1000	0.4	218	1587368366405145e3
0.5	10000	0.1	218	1765321850226244600
0.5	10000	0.2	218	717423771335461200
0.5	10000	0.4	218	628861183391996200
1	1000	0.1	218	1333710196750919200
1	1000	0.2	218	258624732433929100
1	1000	0.4	218	847265340641173600
1	10000	0.1	218	262186670475467330
1	10000	0.2	218	1614170838787762700
1	10000	0.4	218	850089989021014900
2	1000	0.1	218	2065284710742186e3
2	1000	0.2	218	1220850506924493600
2	1000	0.4	218	747609698259588e3
2	10000	0.1	218	214341656169597730
2	10000	0.2	218	1394521789233346600
2	10000	0.4	218	93978238215528510
4	1000	0.1	218	573421371744971650
4	1000	0.2	218	1982747875552915e3
4	1000	0.4	218	876239730830165800
4	10000	0.1	218	1578674231516529e3
4	10000	0.2	218	1981179709766037800
4	10000	0.4	218	983102883714086100
0.5	1000	0.1	219	1355913909691169500
0.5	1000	0.2	219	14779283903361372
0.5	1000	0.4	219	1758766765608743400
0.5	10000	0.1	219	700818147320885800
0.5	10000	0.2	219	1644325434582179300
0.5	10000	0.4	219	1412991117661537800
1	1000	0.1	219	171301333648508540
1	1000	0.2	219	2194418750448305200
1	1000	0.4	219	6.8981140813157594e+17
1	10000	0.1	219	617334634067937500
1	10000	0.2	219	1367759108246866700
1	10000	0.4	219	344075211502441100
2	1000	0.1	219	1245609060616678400
2	1000	0.2	219	360854105558304260
2	1000	0.4	219	1662303813473451300
2	10000	0.1	219	2084737659244915700
2	10000	0.2	219	2127562718061621200
2	10000	0.4	219	305302395158713660
4	1000	0.1	219	9593287607473532
4	1000	0.2	219	1511260867037981400
4	1000	0.4	219	912859977412117200
4	10000	0.1	219	908178690210903e3
4	10000	0.2	219	1826017320327887600
4	10000	0.4	219	2266933363478277e3
0.5	1000	0.1	220	210885172296257900
0.5	1000	0.2	220	1580039851886407700
0.5	1000	0.4	220	503984962885907700
0.5	10000	0.1	220	375398657504302700
0.5	10000	0.2	220	998698349994897300
0.5	10000	0.4	220	777493563636761e3
1	1000	0.1	220	674052626590031e3
1	1000	0.2	220	410098728732673660
1	1000	0.4	220	1056539403326166400
1	10000	0.1	220	881051852118359300
1	10000	0.2	220	1556855840571353600
1	10000	0.4	220	644685760441972500
2	1000	0.1	220	5.4898300963264877e+17
2	1000	0.2	220	1058242397972788700
2	1000	0.4	220	192153330570647260
2	10000	0.1	220	1347104434580873500
2	10000	0.2	220	777507706157007100
2	10000	0.4	220	11316998889956200
4	1000	0.1	220	1885120319846553900
4	1000	0.2	220	577292248946699100
4	1000	0.4	220	2202545778782794500
4	10000	0.1	220	1452891007400387e3
4	10000	0.2	220	359189860583982340
4	10000	0.4	220	1488279270207479800
0.5	1000	0.1	221	2282858618760365800
0.5	1000	0.2	221	2075553224928130800
0.5	1000	0.4	221	1092174869909964200
0.5	10000	0.1	221	868757119636401400
0.5	10000	0.2	221	1447046389912811800
0.5	10000	0.4	221	2086072657059809800
1	1000	0.1	221	1967303002971170800
1	1000	0.2	221	7557482996358343
1	1000	0.4	221	63273784574070496
1	10000	0.1	221	486756413111637300
1	10000	0.2	221	1255496647483244800
1	10000	0.4	221	21418562359597148
2	1000	0.1	221	76610565219433660
2	1000	0.2	221	1465006842501594600
2	1000	0.4	221	165398174160252900
2	10000	0.1	221	980691775124289400
2	10000	0.2	221	1172327469095457300
2	10000	0.4	221	12586759856001560
4	1000	0.1	221	1612633400336643e3
4	1000	0.2	221	613307919055620600
4	1000	0.4	221	1864734394299538200
4	10000	0.1	221	1862391692363839500
4	10000	0.2	221	1991366630517031400
4	10000	0.4	221	569198512135760060
0.5	1000	0.1	222	2110244405561912300
0.5	1000	0.2	222	127146723609711570
0.5	1000	0.4	222	2073170421590560300
0.5	10000	0.1	222	1869739238658986200
0.5	10000	0.2	222	1.3038693584558099e+17
0.5	10000	0.4	222	1195886360250055200
1	1000	0.1	222	2055725129199812600
1	1000	0.2	222	1996635154178240300
1	1000	0.4	222	832537583612809100
1	10000	0.1	222	361247794378853250
1	10000	0.2	222	1880395888802708e3
1	10000	0.4	222	1315599650884679200
2	1000	0.1	222	1974023072092682
2	1000	0.2	222	1563860043993648400
2	1000	0.4	222	1227389847903191600
2	10000	0.1	222	1978000530189295e3
2	10000	0.2	222	632647877313012900
2	10000	0.4	222	1566434093083884e3
4	1000	0.1	222	1760822459397600800
4	1000	0.2	222	891633475054560500
4	1000	0.4	222	2004962370171929300
4	10000	0.1	222	106317861026195e4
4	10000	0.2	222	476145121771640060
4	10000	0.4	222	1919954482582951e3
0.5	1000	0.1	223	1879548773026632e3
0.5	1000	0.2	223	1805152366367753700
0.5	1000	0.4	223	1954498973780802300
0.5	10000	0.1	223	2220240014302392300
0.5	10000	0.2	223	868415338988477200
0.5	10000	0.4	223	1875170501898899e3
1	1000	0.1	223	1655747037021290200
1	1000	0.2	223	569701922068155
1	1000	0.4	223	1162717179166328300
1	10000	0.1	223	380054136571886800
1	10000	0.2	223	478969189492666240
1	10000	0.4	223	1794668333383666e3
2	1000	0.1	223	1296770830668612900
2	1000	0.2	223	922547574119494e3
2	1000	0.4	223	172675935311391e4
2	10000	0.1	223	1902067827107736e3
2	10000	0.2	223	1818079919277805800
2	10000	0.4	223	1753348382938125300
4	1000	0.1	223	2080844657581509e3
4	1000	0.2	223	1912290039855417600
4	1000	0.4	223	1618507586889129500
4	10000	0.1	223	879403711899894900
4	10000	0.2	223	696272692329785300
4	10000	0.4	223	2303632653717036800
0.5	1000	0.1	224	1257949260620297700
0.5	1000	0.2	224	1733435812786398700
0.5	1000	0.4	224	989257750265956500
0.5	10000	0.1	224	136131100064775070
0.5	10000	0.2	224	1582758646452477700
0.5	10000	0.4	224	886951914871985800
1	1000	0.1	224	116451502843695680
1	1000	0.2	224	1219857627550240800
1	1000	0.4	224	2718618481875803
1	10000	0.1	224	41443256563877290
1	10000	0.2	224	153463199173832260
1	10000	0.4	224	907546861071123200
2	1000	0.1	224	894247231740782800
2	1000	0.2	224	2187264602639195600
2	1000	0.4	224	946079944810394400
2	10000	0.1	224	5.3757785626320403e+17
2	10000	0.2	224	62181808280458624
2	10000	0.4	224	430988200794229900
4	1000	0.1	224	4.6043354726612083e+17
4	1000	0.2	224	446830478987525500
4	1000	0.4	224	717313694814740600
4	10000	0.1	224	2205197738782269400
4	10000	0.2	224	424380121598278500
4	10000	0.4	224	1418408738750870800
0.5	1000	0.1	225	1925998886741277400
0.5	1000	0.2	225	2026301802437752600
0.5	1000	0.4	225	1549206711030982400
0.5	10000	0.1	225	1991767861480900600
0.5	10000	0.2	225	579995791949522800
0.5	10000	0.4	225	1170192600323355100
1	1000	0.1	225	2.1858085477741921e+18
1	1000	0.2	225	1681937578846376400
1	1000	0.4	225	714731863453519900
1	10000	0.1	225	381969566913202240
1	10000	0.2	225	441209239743458500
1	10000	0.4	225	213707883250312800
2	1000	0.1	225	1270317317711512300
2	1000	0.2	225	863366893055680500
2	1000	0.4	225	2236221368302242600
2	10000	0.1	225	1039929147976306200
2	10000	0.2	225	2057956961745801e3
2	10000	0.4	225	1065082940224527100
4	1000	0.1	225	40078766913036650
4	1000	0.2	225	766421767987661800
4	1000	0.4	225	853490968494991700
4	10000	0.1	225	499665088070893200
4	10000	0.2	225	1006020446206579100
4	10000	0.4	225	273828458753691e3
0.5	1000	0.1	226	589109708747735800
0.5	1000	0.2	226	1923656274488870400
0.5	1000	0.4	226	1561008467434959
0.5	10000	0.1	226	2004033967286545700
0.5	10000	0.2	226	636323728167746600
0.5	10000	0.4	226	1419701080850113800
1	1000	0.1	226	312023818967063400
1	1000	0.2	226	628322660254220800
1	1000	0.4	226	2072649697969038800
1	10000	0.1	226	1590202753408908800
1	10000	0.2	226	195131112714986660
1	10000	0.4	226	1320724522498642200
2	1000	0.1	226	1656631166752802300
2	1000	0.2	226	1743475250720179500
2	1000	0.4	226	918638907390137500
2	10000	0.1	226	818561506247339e3
2	10000	0.2	226	360619225834144400
2	10000	0.4	226	925199312979030700
4	1000	0.1	226	2066949241660545300
4	1000	0.2	226	1545613751016328e3
4	1000	0.4	226	443545539669346700
4	10000	0.1	226	1231608731312178700
4	10000	0.2	226	1697530983169511e3
4	10000	0.4	226	1720536995302624800
0.5	1000	0.1	227	1039783759884109300
0.5	1000	0.2	227	1200890309475605800
0.5	1000	0.4	227	1821795344674144e3
0.5	10000	0.1	227	1421621281239779800
0.5	10000	0.2	227	1463274485733502700
0.5	10000	0.4	227	1860351627953601e3
1	1000	0.1	227	867383610337639300
1	1000	0.2	227	1703812251016002600
1	1000	0.4	227	1426572830026421200
1	10000	0.1	227	2034614369518178800
1	10000	0.2	227	1933709661320413700
1	10000	0.4	227	1543431928323732e3
2	1000	0.1	227	2238911365520673800
2	1000	0.2	227	1467368869397063700
2	1000	0.4	227	1983486807156973800
2	10000	0.1	227	200307015799527900
2	10000	0.2	227	952820598385382300
2	10000	0.4	227	251348198451800930
4	1000	0.1	227	1982149789993019100
4	1000	0.2	227	419468998240005700
4	1000	0.4	227	1704124868446892800
4	10000	0.1	227	577470579418790500
4	10000	0.2	227	1570560691955835100
4	10000	0.4	227	4.2000459274685837e+17
0.5	1000	0.1	228	1126420344136425100
0.5	1000	0.2	228	567552153143681300
0.5	1000	0.4	228	2154549169581684500
0.5	10000	0.1	228	2253731609891315200
0.5	10000	0.2	228	2084439231955445800
0.5	10000	0.4	228	163092211904370240
1	1000	0.1	228	1623197590127390500
1	1000	0.2	228	411855271187103400
1	1000	0.4	228	911127398263732100
1	10000	0.1	228	220443450746444260
1	10000	0.2	228	782487909324225400
1	10000	0.4	228	1407102888389323800
2	1000	0.1	228	1428424170069971500
2	1000	0.2	228	1457170958170402800
2	1000	0.4	228	855679791447057200
2	10000	0.1	228	1734178070333651500
2	10000	0.2	228	666049777165616400
2	10000	0.4	228	89527488574486420
4	1000	0.1	228	1553104998973811200
4	1000	0.2	228	284731490699476200
4	1000	0.4	228	512876393172907460
4	10000	0.1	228	779079159375087e3
4	10000	0.2	228	1674326468694821e3
4	10000	0.4	228	2148060877440395300
0.5	1000	0.1	229	2025077764866807800
0.5	1000	0.2	229	86899256869613120
0.5	1000	0.4	229	462598031482861900
0.5	10000	0.1	229	554859454736472260
0.5	10000	0.2	229	985735391861496300
0.5	10000	0.4	229	951838692606353400
1	1000	0.1	229	916469082067757e3
1	1000	0.2	229	1931614467662490600
1	1000	0.4	229	596133246187324700
1	10000	0.1	229	1241263405215459300
1	10000	0.2	229	1305647945470219800
1	10000	0.4	229	453975422368630200
2	1000	0.1	229	360168996089241340
2	1000	0.2	229	431202223974184400
2	1000	0.4	229	302900683703454200
2	10000	0.1	229	167238151228999740
2	10000	0.2	229	935431187303480600
2	10000	0.4	229	547744285396013e3
4	1000	0.1	229	689580068386587900
4	1000	0.2	229	753889134667747500
4	1000	0.4	229	585433468927011100
4	10000	0.1	229	8.1178989920916006e+17
4	10000	0.2	229	2118657073846373400
4	10000	0.4	229	158386763901082940
0.5	1000	0.1	230	2123801372625316e3
0.5	1000	0.2	230	82288090408916620
0.5	1000	0.4	230	120473283416922e4
0.5	10000	0.1	230	1250197878554469400
0.5	10000	0.2	230	1725458879281353e3
0.5	10000	0.4	230	604489068304398200
1	1000	0.1	230	150850831267895940
1	1000	0.2	230	1812013052257746400
1	1000	0.4	230	1193274361791546600
1	10000	0.1	230	2270458912230117e3
1	10000	0.2	230	166385259851269380
1	10000	0.4	230	1213405332606973400
2	1000	0.1	230	1299289082558816800
2	1000	0.2	230	393045067075995260
2	1000	0.4	230	1984819952912296700
2	10000	0.1	230	1820612423670409700
2	10000	0.2	230	614215390562939100
2	10000	0.4	230	520602847707442300
4	1000	0.1	230	488938038683811300
4	1000	0.2	230	200895196720090620
4	1000	0.4	230	912147636928601300
4	10000	0.1	230	1432884475617997e3
4	10000	0.2	230	892822945323659500
4	10000	0.4	230	663448232333112700
0.5	1000	0.1	231	37357997757351480
0.5	1000	0.2	231	74416824020892420
0.5	1000	0.4	231	116439413720181330
0.5	10000	0.1	231	1219531233164695e3
0.5	10000	0.2	231	1209208521980510700
0.5	10000	0.4	231	1760768121205117700
1	1000	0.1	231	1848068942677886700
1	1000	0.2	231	42565882594901240
1	1000	0.4	231	989595025793756400
1	10000	0.1	231	1861989631898894300
1	10000	0.2	231	559906943806997300
1	10000	0.4	231	358596456248246460
2	1000	0.1	231	2291156537654029800
2	1000	0.2	231	2218286925512013e3
2	1000	0.4	231	665940075589558500
2	10000	0.1	231	1000036480999461200
2	10000	0.2	231	876039698637089e3
2	10000	0.4	231	1048881574805967900
4	1000	0.1	231	64486078865159504
4	1000	0.2	231	851844587888516e3
4	1000	0.4	231	1345403697242294300
4	10000	0.1	231	3.9683500914897997e+17
4	10000	0.2	231	637324498449696e3
4	10000	0.4	231	1682398795596043300
0.5	1000	0.1	232	1754213477290232600
0.5	1000	0.2	232	1838188962728646400
0.5	1000	0.4	232	744524522721333200
0.5	10000	0.1	232	743891910463305e3
0.5	10000	0.2	232	2124836026165020400
0.5	10000	0.4	232	181891622774400960
1	1000	0.1	232	154244134410871e4
1	1000	0.2	232	1190825131616945200
1	1000	0.4	232	1707013679735611400
1	10000	0.1	232	1259782537185155600
1	10000	0.2	232	397123222764371700
1	10000	0.4	232	2013057805796075e3
2	1000	0.1	232	217865003578361100
2	1000	0.2	232	91336851011682930
2	1000	0.4	232	568255160583535300
2	10000	0.1	232	544060358555293300
2	10000	0.2	232	2204030933716349400
2	10000	0.4	232	1969363005381643800
4	1000	0.1	232	2212788270393119e3
4	1000	0.2	232	1013341392310093600
4	1000	0.4	232	1211768146034355700
4	10000	0.1	232	2214702080821348900
4	10000	0.2	232	1605261184872257e3
4	10000	0.4	232	196932601344314e4
0.5	1000	0.1	233	1917827650638625e3
0.5	1000	0.2	233	1424298834018929200
0.5	1000	0.4	233	1591520173777034200
0.5	10000	0.1	233	735354912625574900
0.5	10000	0.2	233	229547969721292830
0.5	10000	0.4	233	1177357753096089300
1	1000	0.1	233	213937958352349540
1	1000	0.2	233	1909187325257155e3
1	1000	0.4	233	1208852596390991e3
1	10000	0.1	233	1308934523655015200
1	10000	0.2	233	1084732312121856100
1	10000	0.4	233	2204328335617955800
2	1000	0.1	233	539650088496283800
2	1000	0.2	233	157017661105524e4
2	1000	0.4	233	843415466955295600
2	10000	0.1	233	209728933957781250
2	10000	0.2	233	1048961593853996800
2	10000	0.4	233	40401799762661344
4	1000	0.1	233	865808589846680200
4	1000	0.2	233	2084925873661894100
4	1000	0.4	233	1188909855120472800
4	10000	0.1	233	1041598394424472200
4	10000	0.2	233	643563309670472400
4	10000	0.4	233	1255679155710563e3
0.5	1000	0.1	234	859907993489592600
0.5	1000	0.2	234	577360190210725900
0.5	1000	0.4	234	2290159653698178300
0.5	10000	0.1	234	2248757439733486300
0.5	10000	0.2	234	337748612337670700
0.5	10000	0.4	234	6532510396324402
1	1000	0.1	234	2122548961343023400
1	1000	0.2	234	724157593198729200
1	1000	0.4	234	890419671475078300
1	10000	0.1	234	2120779909012190500
1	10000	0.2	234	1077099214676298500
1	10000	0.4	234	1692609498365702700
2	1000	0.1	234	179993027504594750
2	1000	0.2	234	1088791390203091200
2	1000	0.4	234	1772801659854736600
2	10000	0.1	234	1726886644066982400
2	10000	0.2	234	840186159584447200
2	10000	0.4	234	2234764152526552e3
4	1000	0.1	234	1924651201364620800
4	1000	0.2	234	1732077131084126200
4	1000	0.4	234	1621673472039413200
4	10000	0.1	234	679671996255695400
4	10000	0.2	234	1753364013486320400
4	10000	0.4	234	1665437066008843800
0.5	1000	0.1	235	1342182299856374e3
0.5	1000	0.2	235	1020406500507658200
0.5	1000	0.4	235	1887248613288946e3
0.5	10000	0.1	235	555627264975861800
0.5	10000	0.2	235	557279575861517200
0.5	10000	0.4	235	2294683410329272300
1	1000	0.1	235	2157949519703843600
1	1000	0.2	235	1818950748475452400
1	1000	0.4	235	103815938682909380
1	10000	0.1	235	869424161766771800
1	10000	0.2	235	1517865250817399e3
1	10000	0.4	235	1509118443446057200
2	1000	0.1	235	1.3750929633293281e+18
2	1000	0.2	235	1312320029915072e3
2	1000	0.4	235	205786461701423400
2	10000	0.1	235	2088364844380404700
2	10000	0.2	235	1493432516729586e3
2	10000	0.4	235	158267285406753150
4	1000	0.1	235	2066271323628574500
4	1000	0.2	235	1.9049170460946042e+17
4	1000	0.4	235	1741397678576952600
4	10000	0.1	235	1961226544546897e3
4	10000	0.2	235	1638337733990355500
4	10000	0.4	235	1599989705683531300
0.5	1000	0.1	236	748019383459042600
0.5	1000	0.2	236	911313161953198300
0.5	1000	0.4	236	794898712962831900
0.5	10000	0.1	236	1255662965828401200
0.5	10000	0.2	236	1508811903984952e3
0.5	10000	0.4	236	2285870651618488800
1	1000	0.1	236	304554565750601660
1	1000	0.2	236	940950590986551300
1	1000	0.4	236	1035325169058607900
1	10000	0.1	236	1847608236066860500
1	10000	0.2	236	2218531404738694700
1	10000	0.4	236	2210886267703066e3
2	1000	0.1	236	214173147222557100
2	1000	0.2	236	4.3226745113338803e+17
2	1000	0.4	236	527836469483092700
2	10000	0.1	236	692518565707370500
2	10000	0.2	236	304118447554525300
2	10000	0.4	236	1987555085486428400
4	1000	0.1	236	1744177641070203400
4	1000	0.2	236	3.6276196695728397e+17
4	1000	0.4	236	683023016935691e3
4	10000	0.1	236	1915068623158671400
4	10000	0.2	236	1177915108740013600
4	10000	0.4	236	1553127202885382400
0.5	1000	0.1	237	544763585223245760
0.5	1000	0.2	237	1079450831374536200
0.5	1000	0.4	237	561295749974134100
0.5	10000	0.1	237	564775008326882600
0.5	10000	0.2	237	2072834327045608700
0.5	10000	0.4	237	577214510623579900
1	1000	0.1	237	1088246764413034500
1	1000	0.2	237	2300742712027953200
1	1000	0.4	237	4.9455582085944717e+17
1	10000	0.1	237	906578606711445900
1	10000	0.2	237	1078957759928961300
1	10000	0.4	237	1612949670283381200
2	1000	0.1	237	368828391555841700
2	1000	0.2	237	2028459432719032e3
2	1000	0.4	237	374601823348283650
2	10000	0.1	237	8.1244724749268006e+17
2	10000	0.2	237	611461592576986e3
2	10000	0.4	237	17699321109372e4
4	1000	0.1	237	2.9526443197410323e+17
4	1000	0.2	237	374264595155722700
4	1000	0.4	237	760994954876620500
4	10000	0.1	237	1817888194141365800
4	10000	0.2	237	1756644194805457700
4	10000	0.4	237	294570801200676800
0.5	1000	0.1	238	1664418304990950400
0.5	1000	0.2	238	335032927081776200
0.5	1000	0.4	238	993013486457704200
0.5	10000	0.1	238	1267550170333154600
0.5	10000	0.2	238	694824920402776700
0.5	10000	0.4	238	1301734475095043e3
1	1000	0.1	238	644436818205260200
1	1000	0.2	238	765938584066302700
1	1000	0.4	238	542242128347269060
1	10000	0.1	238	1328196995551941400
1	10000	0.2	238	224601521990274180
1	10000	0.4	238	1794158032578577e3
2	1000	0.1	238	355640745273328060
2	1000	0.2	238	820505620115699500
2	1000	0.4	238	373226523296092160
2	10000	0.1	238	1788511666046741e3
2	10000	0.2	238	1834882647191908400
2	10000	0.4	238	1854561480713967600
4	1000	0.1	238	1624753313335249700
4	1000	0.2	238	2286590719557864700
4	1000	0.4	238	76203942068003970
4	10000	0.1	238	1305843795190076700
4	10000	0.2	238	1321636310316006e3
4	10000	0.4	238	1820406965305553700
0.5	1000	0.1	239	589799814624212900
0.5	1000	0.2	239	2068265577669745200
0.5	1000	0.4	239	1376894242797979400
0.5	10000	0.1	239	14356605004325288
0.5	10000	0.2	239	453123953617973700
0.5	10000	0.4	239	1667083013636074e3
1	1000	0.1	239	787559153065206e3
1	1000	0.2	239	213971347151905860
1	1000	0.4	239	822642903853092500
1	10000	0.1	239	2175045455745290200
1	10000	0.2	239	1443456042312425500
1	10000	0.4	239	1516528440119754e3
2	1000	0.1	239	1149173844151971100
2	1000	0.2	239	1741886140246774800
2	1000	0.4	239	450544708141209900
2	10000	0.1	239	1031513287472754400
2	10000	0.2	239	531776749143677800
2	10000	0.4	239	53245496835658496
4	1000	0.1	239	1489661409850233900
4	1000	0.2	239	1278397921573513700
4	1000	0.4	239	1690136896547077400
4	10000	0.1	239	371472532684824500
4	10000	0.2	239	2062107975429026800
4	10000	0.4	239	1212876251748355300
0.5	1000	0.1	240	1801379734751603700
0.5	1000	0.2	240	1566679257697674e3
0.5	1000	0.4	240	1595580399496780800
0.5	10000	0.1	240	649223108479564800
0.5	10000	0.2	240	479496594677980540
0.5	10000	0.4	240	757258132417024400
1	1000	0.1	240	2.2124454148796042e+17
1	1000	0.2	240	1803562517347149800
1	1000	0.4	240	560486630000912260
1	10000	0.1	240	1845404452065774e3
1	10000	0.2	240	1150326385994714600
1	10000	0.4	240	44055145526383024
2	1000	0.1	240	84222522939582900
2	1000	0.2	240	1059497448628990100
2	1000	0.4	240	1749132398883463400
2	10000	0.1	240	1143116515044982e3
2	10000	0.2	240	836148264514519300
2	10000	0.4	240	1013373307922535800
4	1000	0.1	240	767709034653508900
4	1000	0.2	240	1051841588493840900
4	1000	0.4	240	1046762139688416300
4	10000	0.1	240	1108424250440263800
4	10000	0.2	240	2068529848841429500
4	10000	0.4	240	965811910166297100
0.5	1000	0.1	241	574126605148855700
0.5	1000	0.2	241	460097866281390800
0.5	1000	0.4	241	1274641993875122200
0.5	10000	0.1	241	563268087393623740
0.5	10000	0.2	241	1063261794314506100
0.5	10000	0.4	241	2074654028783392e3
1	1000	0.1	241	931779994704889900
1	1000	0.2	241	1777310596443756e3
1	1000	0.4	241	762788435841983100
1	10000	0.1	241	319539170609562200
1	10000	0.2	241	133289003055956940
1	10000	0.4	241	1509511709425411800
2	1000	0.1	241	1775216809884902e3
2	1000	0.2	241	1797573813027278e3
2	1000	0.4	241	727856984723807200
2	10000	0.1	241	1735962532551027e3
2	10000	0.2	241	27160896386720352
2	10000	0.4	241	1171901989375516400
4	1000	0.1	241	1465686368898116e3
4	1000	0.2	241	2.2666737065164001e+18
4	1000	0.4	241	1662766620883274200
4	10000	0.1	241	1657077869298018800
4	10000	0.2	241	1422554537330291e3
4	10000	0.4	241	152912583847458600
0.5	1000	0.1	242	819973489342268e3
0.5	1000	0.2	242	204919744072361570
0.5	1000	0.4	242	335632614457014900
0.5	10000	0.1	242	309208273763166600
0.5	10000	0.2	242	819986216399529600
0.5	10000	0.4	242	511447447971242300
1	1000	0.1	242	2269717455693642e3
1	1000	0.2	242	977703244871006600
1	1000	0.4	242	812413015728146600
1	10000	0.1	242	1869011194829470700
1	10000	0.2	242	1556092908849265e3
1	10000	0.4	242	85682976895880720
2	1000	0.1	242	200204538106435300
2	1000	0.2	242	1168383820145867500
2	1000	0.4	242	2044279680609503200
2	10000	0.1	242	2154442993846372400
2	10000	0.2	242	1484799394839223300
2	10000	0.4	242	683591169944398600
4	1000	0.1	242	728941779794224300
4	1000	0.2	242	748568998848968300
4	1000	0.4	242	507435363673541250
4	10000	0.1	242	661952722104839300
4	10000	0.2	242	1468482256598277600
4	10000	0.4	242	219786114727405700
0.5	1000	0.1	243	18149703540759e5
0.5	1000	0.2	243	2088434906113583400
0.5	1000	0.4	243	807143003789701400
0.5	10000	0.1	243	482244351452909250
0.5	10000	0.2	243	1791374763367934e3
0.5	10000	0.4	243	2129731107809975300
1	1000	0.1	243	936157254051686800
1	1000	0.2	243	1040929624619166100
1	1000	0.4	243	858468869270785900
1	10000	0.1	243	797674880362074100
1	10000	0.2	243	2050710656933949e3
1	10000	0.4	243	774410520863724400
2	1000	0.1	243	1097365354886822100
2	1000	0.2	243	1854342983625317e3
2	1000	0.4	243	1281081031589278500
2	10000	0.1	243	2011417180006717400
2	10000	0.2	243	1804729230277387800
2	10000	0.4	243	855556112995736600
4	1000	0.1	243	588980175260731800
4	1000	0.2	243	2027639461722435600
4	1000	0.4	243	43650512736323630
4	10000	0.1	243	1229892493877688e3
4	10000	0.2	243	8964576424769824
4	10000	0.4	243	1612740143209292800
0.5	1000	0.1	244	944345418266415e3
0.5	1000	0.2	244	1392541689829724e3
0.5	1000	0.4	244	2135211619969538300
0.5	10000	0.1	244	915959810255862700
0.5	10000	0.2	244	683624944687570400
0.5	10000	0.4	244	1390672428087849200
1	1000	0.1	244	1593999065471777800
1	1000	0.2	244	209581805399029e4
1	1000	0.4	244	388960019194194600
1	10000	0.1	244	2263672347336354600
1	10000	0.2	244	934607030647663400
1	10000	0.4	244	1273257905930152400
2	1000	0.1	244	298526836825026500
2	1000	0.2	244	2178122015050694700
2	1000	0.4	244	414106868261634940
2	10000	0.1	244	1708961773051760600
2	10000	0.2	244	633779244482966100
2	10000	0.4	244	1848456193457913300
4	1000	0.1	244	1453802284634153500
4	1000	0.2	244	1454658924888159e3
4	1000	0.4	244	1725057826043719700
4	10000	0.1	244	898760752128246100
4	10000	0.2	244	779012095168169600
4	10000	0.4	244	2139411124423284700
0.5	1000	0.1	245	1399498489183905500
0.5	1000	0.2	245	1917803451263214300
0.5	1000	0.4	245	1333560098473425200
0.5	10000	0.1	245	1367647919923520800
0.5	10000	0.2	245	2287567052482635800
0.5	10000	0.4	245	314600167867306900
1	1000	0.1	245	1392401170803069700
1	1000	0.2	245	1046501585326915600
1	1000	0.4	245	213600286263840930
1	10000	0.1	245	1044725610996321400
1	10000	0.2	245	1171069488748111400
1	10000	0.4	245	137764734630920110
2	1000	0.1	245	142029789905903220
2	1000	0.2	245	1966048863514157800
2	1000	0.4	245	1446148129171635700
2	10000	0.1	245	1215463913725650200
2	10000	0.2	245	496200672730684350
2	10000	0.4	245	1368890754846935300
4	1000	0.1	245	1780369075496968200
4	1000	0.2	245	26975139350412216
4	1000	0.4	245	152120489913062620
4	10000	0.1	245	5872408852435e5
4	10000	0.2	245	70719906802724950
4	10000	0.4	245	1620483857026110700
0.5	1000	0.1	246	1484086067621295400
0.5	1000	0.2	246	919267938318978300
0.5	1000	0.4	246	1668718699662873900
0.5	10000	0.1	246	423904512488634600
0.5	10000	0.2	246	2160066922727093200
0.5	10000	0.4	246	100123455605747170
1	1000	0.1	246	963468812745489700
1	1000	0.2	246	229497315487934270
1	1000	0.4	246	1119898797164891e3
1	10000	0.1	246	356862378885490500
1	10000	0.2	246	555401974586419650
1	10000	0.4	246	1148089248011485300
2	1000	0.1	246	883452808226286200
2	1000	0.2	246	2136967883784174e3
2	1000	0.4	246	3354333028072e5
2	10000	0.1	246	958740339826489900
2	10000	0.2	246	312849874833025660
2	10000	0.4	246	1678013511023136800
4	1000	0.1	246	1818608324545847800
4	1000	0.2	246	1645450008445011200
4	1000	0.4	246	65748605098709e4
4	10000	0.1	246	1331694683036615400
4	10000	0.2	246	441036031211081200
4	10000	0.4	246	1951113927449527e3
0.5	1000	0.1	247	1095345426274904300
0.5	1000	0.2	247	939305956599179300
0.5	1000	0.4	247	1296911338430518800
0.5	10000	0.1	247	63654783930287190
0.5	10000	0.2	247	544362696311079500
0.5	10000	0.4	247	1968975085172089900
1	1000	0.1	247	1265126544102719700
1	1000	0.2	247	541835506732462300
1	1000	0.4	247	930400559604256100
1	10000	0.1	247	1365789737148721e3
1	10000	0.2	247	100630823146420080
1	10000	0.4	247	1716718766856412200
2	1000	0.1	247	741765006778884400
2	1000	0.2	247	1259367328311345700
2	1000	0.4	247	200657069559020200
2	10000	0.1	247	1992547776900697e3
2	10000	0.2	247	1858092920445095e3
2	10000	0.4	247	2239564575181695500
4	1000	0.1	247	1635060852625435100
4	1000	0.2	247	1884304923476403500
4	1000	0.4	247	1975133450294248700
4	10000	0.1	247	1079520801753537400
4	10000	0.2	247	315837577937681500
4	10000	0.4	247	793473665310641200
0.5	1000	0.1	248	595218022718973600
0.5	1000	0.2	248	1221761524856228e3
0.5	1000	0.4	248	1106882734321978600
0.5	10000	0.1	248	2093188703472349400
0.5	10000	0.2	248	829936098536764200
0.5	10000	0.4	248	2152398568784952e3
1	1000	0.1	248	1010449626148651e3
1	1000	0.2	248	9.7035013331242394e+17
1	1000	0.4	248	1683057646385560300
1	10000	0.1	248	681783676024798300
1	10000	0.2	248	198287085990817920
1	10000	0.4	248	1857413986879998700
2	1000	0.1	248	495572526677775740
2	1000	0.2	248	727620634394074500
2	1000	0.4	248	1253529246302675e3
2	10000	0.1	248	605719203174838100
2	10000	0.2	248	1840425125957224400
2	10000	0.4	248	371779669350896500
4	1000	0.1	248	646037616035483300
4	1000	0.2	248	1478248405965279200
4	1000	0.4	248	972655993948133900
4	10000	0.1	248	1790495108681205500
4	10000	0.2	248	348068281829039550
4	10000	0.4	248	304017331594730050
0.5	1000	0.1	249	1352778367020471300
0.5	1000	0.2	249	1624503223029124600
0.5	1000	0.4	249	1229080634668895200
0.5	10000	0.1	249	395956940180168060
0.5	10000	0.2	249	1044578655809252600
0.5	10000	0.4	249	463332219972389100
1	1000	0.1	249	555023690821978560
1	1000	0.2	249	2244914209484313600
1	1000	0.4	249	593309694100495500
1	10000	0.1	249	1.9294679182012001e+18
1	10000	0.2	249	1297900849103075300
1	10000	0.4	249	1085284425576200700
2	1000	0.1	249	922293849955024500
2	1000	0.2	249	950276031015209700
2	1000	0.4	249	1357522638484581600
2	10000	0.1	249	928805665518818e3
2	10000	0.2	249	1895265977933860400
2	10000	0.4	249	987931672360392400
4	1000	0.1	249	581871111489765e3
4	1000	0.2	249	1585794642343013400
4	1000	0.4	249	1032086224253894400
4	10000	0.1	249	1129392526880215600
4	10000	0.2	249	2164406618713353200
4	10000	0.4	249	2140844573094492e3
0.5	1000	0.1	250	1451428256172910300
0.5	1000	0.2	250	1348567914342921200
0.5	1000	0.4	250	411646460843656640
0.5	10000	0.1	250	180676417861665e4
0.5	10000	0.2	250	1847108080661893e3
0.5	10000	0.4	250	1404771687093112600
1	1000	0.1	250	28290927972522324
1	1000	0.2	250	1975508744058284500
1	1000	0.4	250	1471885552199653400
1	10000	0.1	250	618027949168359300
1	10000	0.2	250	2002872073158021400
1	10000	0.4	250	1711910331162805800
2	1000	0.1	250	2002816422242041300
2	1000	0.2	250	1996305954236801e3
2	1000	0.4	250	1777144863074887400
2	10000	0.1	250	1767338168684326e3
2	10000	0.2	250	868870803603150500
2	10000	0.4	250	1377276828996025600
4	1000	0.1	250	2073176498821123600
4	1000	0.2	250	604144258179415300
4	1000	0.4	250	167878195723002340
4	10000	0.1	250	1971493197958854100
4	10000	0.2	250	706488009434514600
4	10000	0.4	250	1064033321954292e3
0.5	1000	0.1	251	2288541791164082200
0.5	1000	0.2	251	2036608651954044200
0.5	1000	0.4	251	1178445436616946200
0.5	10000	0.1	251	865051432116995500
0.5	10000	0.2	251	981926788975705700
0.5	10000	0.4	251	1834354146302932700
1	1000	0.1	251	811550936079376800
1	1000	0.2	251	1956509013936847600
1	1000	0.4	251	1911425256888763400
1	10000	0.1	251	451470016380414800
1	10000	0.2	251	793594838533499800
1	10000	0.4	251	711104173237028600
2	1000	0.1	251	1551449880211143700
2	1000	0.2	251	1250855345340553700
2	1000	0.4	251	195720004000718080
2	10000	0.1	251	692616474789894700
2	10000	0.2	251	548644687636823500
2	10000	0.4	251	968394111999358e3
4	1000	0.1	251	255314809430199200
4	1000	0.2	251	384964572331746750
4	1000	0.4	251	1779387392000993e3
4	10000	0.1	251	1007419289118982900
4	10000	0.2	251	622939899616771700
4	10000	0.4	251	1067859126457807200
0.5	1000	0.1	252	2096356142536863e3
0.5	1000	0.2	252	2265409585283254300
0.5	1000	0.4	252	824550732016930700
0.5	10000	0.1	252	1773569937870898e3
0.5	10000	0.2	252	1789718302881228500
0.5	10000	0.4	252	1769535959379364e3
1	1000	0.1	252	1531593763870726700
1	1000	0.2	252	921626061916405600
1	1000	0.4	252	1069508161832192300
1	10000	0.1	252	1033619309111373400
1	10000	0.2	252	896284060340279400
1	10000	0.4	252	1684703805727583700
2	1000	0.1	252	1567132095647249700
2	1000	0.2	252	1860297520698047700
2	1000	0.4	252	834232077975758e3
2	10000	0.1	252	1290271005655408400
2	10000	0.2	252	183004474834307400
2	10000	0.4	252	365563392254021200
4	1000	0.1	252	1739789331710070800
4	1000	0.2	252	1362471995990240800
4	1000	0.4	252	1268473780188808200
4	10000	0.1	252	1996599257803654700
4	10000	0.2	252	1697955426778595600
4	10000	0.4	252	1.8640450015418399e+18
0.5	1000	0.1	253	631964853553982700
0.5	1000	0.2	253	781544690355011700
0.5	1000	0.4	253	1799937704953848e3
0.5	10000	0.1	253	474651175796984100
0.5	10000	0.2	253	2105427161257106400
0.5	10000	0.4	253	46196875457670960
1	1000	0.1	253	5475334452676e5
1	1000	0.2	253	138125561234665380
1	1000	0.4	253	1.7067140337781279e+18
1	10000	0.1	253	2137655567567684e3
1	10000	0.2	253	1452243586643481900
1	10000	0.4	253	1975843505526412500
2	1000	0.1	253	475741613806158600
2	1000	0.2	253	595503513427609500
2	1000	0.4	253	1033548801256206100
2	10000	0.1	253	432364659790993600
2	10000	0.2	253	1655284354776542200
2	10000	0.4	253	904296314269670500
4	1000	0.1	253	10813483046859e4
4	1000	0.2	253	2007543601496348400
4	1000	0.4	253	176155541123536700
4	10000	0.1	253	404351450493669500
4	10000	0.2	253	1835050422312315100
4	10000	0.4	253	1091246003872106800
0.5	1000	0.1	254	1471355496722065e3
0.5	1000	0.2	254	403259450729822200
0.5	1000	0.4	254	1762522797909815800
0.5	10000	0.1	254	4.5361611787354963e+17
0.5	10000	0.2	254	219164574257004320
0.5	10000	0.4	254	937122580039158100
1	1000	0.1	254	1529208460063097900
1	1000	0.2	254	1554903728939036700
1	1000	0.4	254	1762504969146039e3
1	10000	0.1	254	460621400757666300
1	10000	0.2	254	167808141271396200
1	10000	0.4	254	545247272959880200
2	1000	0.1	254	636046755473633800
2	1000	0.2	254	2003046278032597800
2	1000	0.4	254	1205011059202766300
2	10000	0.1	254	1627821866293309700
2	10000	0.2	254	1783545209111267300
2	10000	0.4	254	1367489205332019e3
4	1000	0.1	254	1493985253923061500
4	1000	0.2	254	1229145096987827e3
4	1000	0.4	254	2114328936086587400
4	10000	0.1	254	864369303522974200
4	10000	0.2	254	56353760221643450
4	10000	0.4	254	1481235075959397e3
0.5	1000	0.1	255	2255611167168499e3
0.5	1000	0.2	255	1707061270821135e3
0.5	1000	0.4	255	373400691727276500
0.5	10000	0.1	255	1197418147163263500
0.5	10000	0.2	255	1304514547728521200
0.5	10000	0.4	255	141609879357005e4
1	1000	0.1	255	2197399296711175200
1	1000	0.2	255	1559203200899148300
1	1000	0.4	255	1594239606343130600
1	10000	0.1	255	2235962749227403500
1	10000	0.2	255	203022862081002e4
1	10000	0.4	255	1867680477588441300
2	1000	0.1	255	171423524718172e4
2	1000	0.2	255	361045143418386750
2	1000	0.4	255	1547892941401563600
2	10000	0.1	255	2178772518929249500
2	10000	0.2	255	210706821750164770
2	10000	0.4	255	1344007673473462800
4	1000	0.1	255	640145489863744800
4	1000	0.2	255	1698285937831195100
4	1000	0.4	255	864261049679925900
4	10000	0.1	255	909655895787301100
4	10000	0.2	255	1043190095170386200
4	10000	0.4	255	2250879553348152e3
0.5	1000	0.1	256	610819883968821200
0.5	1000	0.2	256	815825157029542800
0.5	1000	0.4	256	1631748537920265700
0.5	10000	0.1	256	1745987265804362200
0.5	10000	0.2	256	2211853957963644e3
0.5	10000	0.4	256	1336822266280002e3
1	1000	0.1	256	2099731911598010600
1	1000	0.2	256	1632677046242823400
1	1000	0.4	256	1246405555499047e3
1	10000	0.1	256	627461553761024100
1	10000	0.2	256	1874193401551555600
1	10000	0.4	256	2049891684966654500
2	1000	0.1	256	1394996022532436700
2	1000	0.2	256	1983185616758689800
2	1000	0.4	256	51065646617651856
2	10000	0.1	256	211786833821813570
2	10000	0.2	256	565164940984574460
2	10000	0.4	256	1879582727047586600
4	1000	0.1	256	259379709634512030
4	1000	0.2	256	1507182493004433400
4	1000	0.4	256	82536587818092420
4	10000	0.1	256	1500292642477420800
4	10000	0.2	256	1440357487280065500
4	10000	0.4	256	2117350778872194e3
0.5	1000	0.1	257	1190403271080618500
0.5	1000	0.2	257	324952193696206700
0.5	1000	0.4	257	1258627383328277500
0.5	10000	0.1	257	249933362237716320
0.5	10000	0.2	257	2155557953740307e3
0.5	10000	0.4	257	931059331042109600
1	1000	0.1	257	1390347352903783400
1	1000	0.2	257	735459441451118700
1	1000	0.4	257	1000581171503537400
1	10000	0.1	257	811349064917051e3
1	10000	0.2	257	42700470018380870
1	10000	0.4	257	2020765190280386600
2	1000	0.1	257	1399209188994258700
2	1000	0.2	257	164323755382878e4
2	1000	0.4	257	76166444674236900
2	10000	0.1	257	225320290927091070
2	10000	0.2	257	884068259693272200
2	10000	0.4	257	2186502589555631600
4	1000	0.1	257	1055607260943978900
4	1000	0.2	257	795782178887742600
4	1000	0.4	257	72481831609601310
4	10000	0.1	257	1161008234398600200
4	10000	0.2	257	1969914914418313200
4	10000	0.4	257	1961960022767539500
0.5	1000	0.1	258	1917785846440534e3
0.5	1000	0.2	258	1627988871220585200
0.5	1000	0.4	258	1317432719442495500
0.5	10000	0.1	258	177017552784863330
0.5	10000	0.2	258	2139252657278140400
0.5	10000	0.4	258	1905121483880884200
1	1000	0.1	258	1374102776656554500
1	1000	0.2	258	1158356392356352300
1	1000	0.4	258	1719785939167220500
1	10000	0.1	258	610636015072259800
1	10000	0.2	258	1967064891823423500
1	10000	0.4	258	1337244230363663e3
2	1000	0.1	258	1727876768632371200
2	1000	0.2	258	1209150952371209700
2	1000	0.4	258	1328419938683125500
2	10000	0.1	258	273514255384630600
2	10000	0.2	258	747274052780075800
2	10000	0.4	258	271881807508731780
4	1000	0.1	258	1513921351105244e3
4	1000	0.2	258	1318135072322546700
4	1000	0.4	258	678701206869493900
4	10000	0.1	258	311820316982172860
4	10000	0.2	258	1796949552081850600
4	10000	0.4	258	435957471939075460
0.5	1000	0.1	259	1228850817874052600
0.5	1000	0.2	259	1832319621567247e3
0.5	1000	0.4	259	2301236799419005e3
0.5	10000	0.1	259	1773973896001204500
0.5	10000	0.2	259	1946734817312504e3
0.5	10000	0.4	259	1074863917877814500
1	1000	0.1	259	1272321654536172e3
1	1000	0.2	259	167075777467031170
1	1000	0.4	259	344100347790274500
1	10000	0.1	259	1504209611602765300
1	10000	0.2	259	1000573557726128800
1	10000	0.4	259	621346673437730600
2	1000	0.1	259	1892509411325137e3
2	1000	0.2	259	182944773407694370
2	1000	0.4	259	1697493682082712600
2	10000	0.1	259	1488304454092814800
2	10000	0.2	259	103820334886827620
2	10000	0.4	259	631955021277278500
4	1000	0.1	259	1101179866122576800
4	1000	0.2	259	1650916418085114400
4	1000	0.4	259	733137801015339100
4	10000	0.1	259	1603326444503614e3
4	10000	0.2	259	1083110573904931200
4	10000	0.4	259	1767112624187332900
0.5	1000	0.1	260	2161934120398183700
0.5	1000	0.2	260	1420502970605301200
0.5	1000	0.4	260	1066442136543876100
0.5	10000	0.1	260	778031849101633900
0.5	10000	0.2	260	1568148612193927700
0.5	10000	0.4	260	1335508277003781400
1	1000	0.1	260	1704056368625708e3
1	1000	0.2	260	1390205132889374e3
1	1000	0.4	260	447097383189561200
1	10000	0.1	260	398916811387369700
1	10000	0.2	260	1679007754873500700
1	10000	0.4	260	689736397105758300
2	1000	0.1	260	1624001922660999200
2	1000	0.2	260	975792684444546700
2	1000	0.4	260	956449186593571500
2	10000	0.1	260	340798335327747400
2	10000	0.2	260	610392450830382800
2	10000	0.4	260	2281917857439167700
4	1000	0.1	260	1660190599762972400
4	1000	0.2	260	1920027396063788800
4	1000	0.4	260	15100161538121168
4	10000	0.1	260	276033401482789100
4	10000	0.2	260	1464094178190014e3
4	10000	0.4	260	688397765627474600
0.5	1000	0.1	261	1232516692079732500
0.5	1000	0.2	261	678865017498715e3
0.5	1000	0.4	261	1074840085485098500
0.5	10000	0.1	261	612112317769362e3
0.5	10000	0.2	261	474394277667522200
0.5	10000	0.4	261	1996942882632606500
1	1000	0.1	261	377314956861596740
1	1000	0.2	261	1815579468057652200
1	1000	0.4	261	772204591050816900
1	10000	0.1	261	1.9532950783045078e+17
1	10000	0.2	261	963721943756131100
1	10000	0.4	261	221620041319664e4
2	1000	0.1	261	96648714927522900
2	1000	0.2	261	766041076932047200
2	1000	0.4	261	2112576201277991700
2	10000	0.1	261	2.4201193814001482e+17
2	10000	0.2	261	464709346008499700
2	10000	0.4	261	94451336504734820
4	1000	0.1	261	2050514428545383700
4	1000	0.2	261	1360031698415797e3
4	1000	0.4	261	1278774156618916900
4	10000	0.1	261	162235825820785280
4	10000	0.2	261	1068953244353176800
4	10000	0.4	261	1027849254290765300
0.5	1000	0.1	262	1873419450188203e3
0.5	1000	0.2	262	2237840024619169500
0.5	1000	0.4	262	24401094690508892
0.5	10000	0.1	262	768591194678735400
0.5	10000	0.2	262	5.7050517002020243e+17
0.5	10000	0.4	262	1264203370705744400
1	1000	0.1	262	6.9718599298549606e+17
1	1000	0.2	262	227655094378593060
1	1000	0.4	262	1766116837471616300
1	10000	0.1	262	1566217669763795e3
1	10000	0.2	262	95287402309008850
1	10000	0.4	262	1975978625994216700
2	1000	0.1	262	140729582623322430
2	1000	0.2	262	189753489224708e4
2	1000	0.4	262	206964388608367040
2	10000	0.1	262	2161849402264554500
2	10000	0.2	262	1382055857931024400
2	10000	0.4	262	1771175111040737500
4	1000	0.1	262	1930105948331831e3
4	1000	0.2	262	1103484440461179e3
4	1000	0.4	262	1117753186353136100
4	10000	0.1	262	2129822464796928500
4	10000	0.2	262	108658724332365490
4	10000	0.4	262	1035822764451322900
0.5	1000	0.1	263	1078640217862077600
0.5	1000	0.2	263	1215677310262653700
0.5	1000	0.4	263	263929676423446600
0.5	10000	0.1	263	2264108521133798100
0.5	10000	0.2	263	1138564567928337400
0.5	10000	0.4	263	1716311839264383e3
1	1000	0.1	263	519045592733543300
1	1000	0.2	263	410986709189337100
1	1000	0.4	263	733130264220995600
1	10000	0.1	263	636798538847838800
1	10000	0.2	263	576332769024377600
1	10000	0.4	263	79091105213002660
2	1000	0.1	263	1866223225491224600
2	1000	0.2	263	3.5689333652346957e+17
2	1000	0.4	263	176315768365949950
2	10000	0.1	263	195734861946457900
2	10000	0.2	263	529184959977600960
2	10000	0.4	263	1063182118571053600
4	1000	0.1	263	206699447872765920
4	1000	0.2	263	1660666026950121500
4	1000	0.4	263	1361862167202826e3
4	10000	0.1	263	2265635162886123300
4	10000	0.2	263	640337737773234200
4	10000	0.4	263	1241143005275869200
0.5	1000	0.1	264	635676396272439800
0.5	1000	0.2	264	1688996180429725400
0.5	1000	0.4	264	290644920374251300
0.5	10000	0.1	264	1005083858245491500
0.5	10000	0.2	264	621610783665354100
0.5	10000	0.4	264	1394552211024158200
1	1000	0.1	264	815434461137291100
1	1000	0.2	264	1932481850215521300
1	1000	0.4	264	2096502841634501e3
1	10000	0.1	264	1427536472358453e3
1	10000	0.2	264	730476870379695700
1	10000	0.4	264	1578352646374870800
2	1000	0.1	264	738021363192591200
2	1000	0.2	264	2303235433456630800
2	1000	0.4	264	2087130535124034800
2	10000	0.1	264	767960100254084100
2	10000	0.2	264	164327425477707100
2	10000	0.4	264	295809389614196860
4	1000	0.1	264	197308371107827870
4	1000	0.2	264	19487466236243756
4	1000	0.4	264	1256499096667130600
4	10000	0.1	264	1410859442662509800
4	10000	0.2	264	494384802013774800
4	10000	0.4	264	1882316001654672400
0.5	1000	0.1	265	1386485264607797200
0.5	1000	0.2	265	391355608665881600
0.5	1000	0.4	265	99093151864825900
0.5	10000	0.1	265	1280664044602700300
0.5	10000	0.2	265	814518839355791400
0.5	10000	0.4	265	260094945705971070
1	1000	0.1	265	1495728637061467e3
1	1000	0.2	265	194110908058568740
1	1000	0.4	265	1701824342691545900
1	10000	0.1	265	1693902377684350500
1	10000	0.2	265	1679721573922376200
1	10000	0.4	265	1311626217941707300
2	1000	0.1	265	1784886307060277500
2	1000	0.2	265	986769859736206600
2	1000	0.4	265	357818676745142e3
2	10000	0.1	265	691560996561487400
2	10000	0.2	265	1490340005869560600
2	10000	0.4	265	2132230516426004500
4	1000	0.1	265	148663146554907460
4	1000	0.2	265	1114628013252620900
4	1000	0.4	265	885359418054907500
4	10000	0.1	265	1898537596067338e3
4	10000	0.2	265	1810436687278954e3
4	10000	0.4	265	2069371790477344800
0.5	1000	0.1	266	1894253971415588e3
0.5	1000	0.2	266	991178339759254e3
0.5	1000	0.4	266	1017957561873743500
0.5	10000	0.1	266	213550092648696670
0.5	10000	0.2	266	2019853731260753e3
0.5	10000	0.4	266	1820362324625935400
1	1000	0.1	266	1073367437333440500
1	1000	0.2	266	1769448359259066600
1	1000	0.4	266	2281967960394058800
1	10000	0.1	266	427513030728271100
1	10000	0.2	266	2289736833822820400
1	10000	0.4	266	2271613272263403800
2	1000	0.1	266	1572167061756983300
2	1000	0.2	266	2130282327336606500
2	1000	0.4	266	2151390156615475200
2	10000	0.1	266	1800541421055211e3
2	10000	0.2	266	1547624637881071600
2	10000	0.4	266	1045558983139099900
4	1000	0.1	266	510689730752849600
4	1000	0.2	266	55455427077036e4
4	1000	0.4	266	517257583515737600
4	10000	0.1	266	1106178829885815700
4	10000	0.2	266	2213887852475729e3
4	10000	0.4	266	1670722363479255e3
0.5	1000	0.1	267	2221248822263999500
0.5	1000	0.2	267	1986563091991888400
0.5	1000	0.4	267	1933537184231088400
0.5	10000	0.1	267	13095772249594e5
0.5	10000	0.2	267	263763787740172e3
0.5	10000	0.4	267	1397603895703998500
1	1000	0.1	267	1247280425053104400
1	1000	0.2	267	947226684577549e3
1	1000	0.4	267	2057891205686645500
1	10000	0.1	267	135871181026295200
1	10000	0.2	267	1184349752248985300
1	10000	0.4	267	1327290323837251600
2	1000	0.1	267	1272613078789474300
2	1000	0.2	267	1331529841573782800
2	1000	0.4	267	2104039522510541800
2	10000	0.1	267	1480041830762457600
2	10000	0.2	267	1462621591407025700
2	10000	0.4	267	640006037137102e3
4	1000	0.1	267	620681042813881e3
4	1000	0.2	267	613996453767324800
4	1000	0.4	267	79249780930674500
4	10000	0.1	267	146225567796279e4
4	10000	0.2	267	83293355777782460
4	10000	0.4	267	75856289658426160
0.5	1000	0.1	268	1138762876741923200
0.5	1000	0.2	268	773655651643367e3
0.5	1000	0.4	268	904805565098996900
0.5	10000	0.1	268	1331787996818542600
0.5	10000	0.2	268	1767947105125806300
0.5	10000	0.4	268	5.3970444316387597e+17
1	1000	0.1	268	40871322819545344
1	1000	0.2	268	2023830541004026600
1	1000	0.4	268	2042157447672439e3
1	10000	0.1	268	906231764580219300
1	10000	0.2	268	1154243681618007800
1	10000	0.4	268	1994600338425239e3
2	1000	0.1	268	1015002356583307e3
2	1000	0.2	268	579329601308495500
2	1000	0.4	268	104516436565002030
2	10000	0.1	268	751312829030702e3
2	10000	0.2	268	1828012949409098800
2	10000	0.4	268	177184849215839400
4	1000	0.1	268	1132626445654953700
4	1000	0.2	268	5.1456929001406803e+17
4	1000	0.4	268	437516156708758140
4	10000	0.1	268	133746666786463970
4	10000	0.2	268	1729217154201894700
4	10000	0.4	268	699419867195504800
0.5	1000	0.1	269	1975685581108894500
0.5	1000	0.2	269	1747768964106472e3
0.5	1000	0.4	269	469632490447813100
0.5	10000	0.1	269	1226142177292963300
0.5	10000	0.2	269	792233146274681500
0.5	10000	0.4	269	895850507946360300
1	1000	0.1	269	1487959630881336600
1	1000	0.2	269	381536717799461950
1	1000	0.4	269	271104604430499330
1	10000	0.1	269	4.4368677732121357e+17
1	10000	0.2	269	334903840959355600
1	10000	0.4	269	256202929753640800
2	1000	0.1	269	969884857851406800
2	1000	0.2	269	1852083873943362600
2	1000	0.4	269	934305412665395300
2	10000	0.1	269	1726356956207858700
2	10000	0.2	269	195061967357717860
2	10000	0.4	269	791511962152369500
4	1000	0.1	269	598319240574597600
4	1000	0.2	269	1202395129818570500
4	1000	0.4	269	2040421076593248300
4	10000	0.1	269	733334312478880500
4	10000	0.2	269	2091942215052230400
4	10000	0.4	269	563917504024353100
0.5	1000	0.1	270	673270192228564600
0.5	1000	0.2	270	2202822586619972600
0.5	1000	0.4	270	723633768485088800
0.5	10000	0.1	270	1033588497346958700
0.5	10000	0.2	270	1811809559579861500
0.5	10000	0.4	270	1925801483304337e3
1	1000	0.1	270	400880274789716740
1	1000	0.2	270	5.5817504535689363e+17
1	1000	0.4	270	858375482678717600
1	10000	0.1	270	1253435643230231600
1	10000	0.2	270	1.8102912794292602e+17
1	10000	0.4	270	81155112119011620
2	1000	0.1	270	58517058465654150
2	1000	0.2	270	1762043511642508300
2	1000	0.4	270	958217080956537900
2	10000	0.1	270	2219254381409653200
2	10000	0.2	270	1181528725129104600
2	10000	0.4	270	1721704100833553700
4	1000	0.1	270	1133251533863315200
4	1000	0.2	270	784168016144211300
4	1000	0.4	270	69692613468489710
4	10000	0.1	270	1776285116574049300
4	10000	0.2	270	808846157848113400
4	10000	0.4	270	342061485107749800
0.5	1000	0.1	271	1178714932540409900
0.5	1000	0.2	271	269885616352051420
0.5	1000	0.4	271	1748046073941455e3
0.5	10000	0.1	271	1241738924858325800
0.5	10000	0.2	271	912874238930857600
0.5	10000	0.4	271	3.5323913756697997e+17
1	1000	0.1	271	2036799344436902100
1	1000	0.2	271	2172978591649334800
1	1000	0.4	271	634961115677640700
1	10000	0.1	271	2053581668053593600
1	10000	0.2	271	1929154506641454300
1	10000	0.4	271	708223970305365800
2	1000	0.1	271	1642092619422243600
2	1000	0.2	271	2174931472264729300
2	1000	0.4	271	1755583791170667300
2	10000	0.1	271	1957212641760473900
2	10000	0.2	271	1610088024958589200
2	10000	0.4	271	79067842838418830
4	1000	0.1	271	1243547600873866e3
4	1000	0.2	271	1427513458821025500
4	1000	0.4	271	1960577731824786400
4	10000	0.1	271	357197439175404600
4	10000	0.2	271	150222707576147e4
4	10000	0.4	271	926557734042145e3
0.5	1000	0.1	272	507801213762439400
0.5	1000	0.2	272	1972645650762838500
0.5	1000	0.4	272	266789888544302180
0.5	10000	0.1	272	2005902199488556e3
0.5	10000	0.2	272	1397334957186112e3
0.5	10000	0.4	272	630992464134671e3
1	1000	0.1	272	705267434610059100
1	1000	0.2	272	496400499957802750
1	1000	0.4	272	1301465113929236500
1	10000	0.1	272	2139249771065047e3
1	10000	0.2	272	111079138863266290
1	10000	0.4	272	1706042552217117200
2	1000	0.1	272	212457803448617470
2	1000	0.2	272	2217841885937474800
2	1000	0.4	272	2087808749129340200
2	10000	0.1	272	2253094731080922e3
2	10000	0.2	272	1069706226224325800
2	10000	0.4	272	1733714126336511e3
4	1000	0.1	272	65797916290400130
4	1000	0.2	272	9881663105538048
4	1000	0.4	272	186178649665386600
4	10000	0.1	272	1480713605541593e3
4	10000	0.2	272	2278478392281513200
4	10000	0.4	272	813494232312137200
0.5	1000	0.1	273	357876325414082300
0.5	1000	0.2	273	1222157870756415e3
0.5	1000	0.4	273	1344511558611636e3
0.5	10000	0.1	273	1098140317009413800
0.5	10000	0.2	273	2286481230351148e3
0.5	10000	0.4	273	67695248265644064
1	1000	0.1	273	1307868123452243e3
1	1000	0.2	273	688013620457553300
1	1000	0.4	273	847003296175270800
1	10000	0.1	273	683836090530128400
1	10000	0.2	273	1312815644626656300
1	10000	0.4	273	1.1940097214120799e+18
2	1000	0.1	273	537871926963107800
2	1000	0.2	273	1166635919697052e3
2	1000	0.4	273	96274754574071680
2	10000	0.1	273	1317249438611078400
2	10000	0.2	273	1431479315347763500
2	10000	0.4	273	1900758489985267700
4	1000	0.1	273	965641958632204e3
4	1000	0.2	273	243243722855062980
4	1000	0.4	273	1949560233992961500
4	10000	0.1	273	1.8995479060655519e+18
4	10000	0.2	273	776318532519733100
4	10000	0.4	273	1886697674814066e3
0.5	1000	0.1	274	355409393875135700
0.5	1000	0.2	274	1763766864410298400
0.5	1000	0.4	274	771911646767998300
0.5	10000	0.1	274	2179035439137537e3
0.5	10000	0.2	274	1956937576520215e3
0.5	10000	0.4	274	944216754333993700
1	1000	0.1	274	1722916625516118800
1	1000	0.2	274	1327866336717475300
1	1000	0.4	274	1982364010754656800
1	10000	0.1	274	1.6907764914396319e+18
1	10000	0.2	274	1767261586419647500
1	10000	0.4	274	377280965697619460
2	1000	0.1	274	1399674388020671500
2	1000	0.2	274	982872933622228700
2	1000	0.4	274	1000482374219008600
2	10000	0.1	274	1212752108970904600
2	10000	0.2	274	2229085580175216600
2	10000	0.4	274	1963833809156903e3
4	1000	0.1	274	232128198072920800
4	1000	0.2	274	2183111559001323e3
4	1000	0.4	274	1648720869242533e3
4	10000	0.1	274	1139098703468766700
4	10000	0.2	274	907355601593152800
4	10000	0.4	274	1691178379355629600
0.5	1000	0.1	275	1504436262457327400
0.5	1000	0.2	275	1263266156524141600
0.5	1000	0.4	275	749756511589868
0.5	10000	0.1	275	627831189587347700
0.5	10000	0.2	275	1984314015533112800
0.5	10000	0.4	275	1694837809324132e3
1	1000	0.1	275	1900613991753144800
1	1000	0.2	275	729203724084915200
1	1000	0.4	275	141950206369991e4
1	10000	0.1	275	444627275362225540
1	10000	0.2	275	449656805727231740
1	10000	0.4	275	1642293711345371e3
2	1000	0.1	275	1752352134349770200
2	1000	0.2	275	1347881103227195400
2	1000	0.4	275	1656533274064670500
2	10000	0.1	275	1222846628008092700
2	10000	0.2	275	808433662755726300
2	10000	0.4	275	689091708447587500
4	1000	0.1	275	1977209025645908e3
4	1000	0.2	275	729920704853999500
4	1000	0.4	275	829446120312694e3
4	10000	0.1	275	322435423049882300
4	10000	0.2	275	1.1608561556688801e+18
4	10000	0.4	275	18409497721625672
0.5	1000	0.1	276	1735660781761645800
0.5	1000	0.2	276	1561907484571282400
0.5	1000	0.4	276	957871353152430600
0.5	10000	0.1	276	1313014437728159500
0.5	10000	0.2	276	1741721332582105600
0.5	10000	0.4	276	1100397323612895e3
1	1000	0.1	276	210537055079464450
1	1000	0.2	276	1513255578041553400
1	1000	0.4	276	187886161536363550
1	10000	0.1	276	1103841189453967200
1	10000	0.2	276	1490588619139215600
1	10000	0.4	276	1251157435826515e3
2	1000	0.1	276	2173584208068777e3
2	1000	0.2	276	326608720475249860
2	1000	0.4	276	1666763536200671700
2	10000	0.1	276	1464328318985185e3
2	10000	0.2	276	2042005006781063400
2	10000	0.4	276	1227690121589214700
4	1000	0.1	276	1451640707797427e3
4	1000	0.2	276	2032178837372513300
4	1000	0.4	276	209778035095397e4
4	10000	0.1	276	669825137586795800
4	10000	0.2	276	850902082588864e3
4	10000	0.4	276	1037795081819395200
0.5	1000	0.1	277	1061064636389826300
0.5	1000	0.2	277	1849161115779757600
0.5	1000	0.4	277	1415019980308253e3
0.5	10000	0.1	277	868416605093743600
0.5	10000	0.2	277	780280740203388900
0.5	10000	0.4	277	883081709953374100
1	1000	0.1	277	1801067927155738600
1	1000	0.2	277	976204026537572e3
1	1000	0.4	277	2136612755019647700
1	10000	0.1	277	1820831305417706e3
1	10000	0.2	277	722042242155428500
1	10000	0.4	277	628967380838596400
2	1000	0.1	277	156677064322883140
2	1000	0.2	277	2300414020328209e3
2	1000	0.4	277	1034484417259248400
2	10000	0.1	277	1827665793745725e3
2	10000	0.2	277	241039130394574750
2	10000	0.4	277	875893896053589900
4	1000	0.1	277	1435660060618203400
4	1000	0.2	277	207848826357051300
4	1000	0.4	277	875029203547205800
4	10000	0.1	277	533971289119222400
4	10000	0.2	277	942876927340501100
4	10000	0.4	277	1668417008031130600
0.5	1000	0.1	278	1206657475902972200
0.5	1000	0.2	278	1599675222296334800
0.5	1000	0.4	278	1484751071030991e3
0.5	10000	0.1	278	1386952844577525200
0.5	10000	0.2	278	2205049217533585700
0.5	10000	0.4	278	115828415655933280
1	1000	0.1	278	845765522702566e3
1	1000	0.2	278	629496681745700400
1	1000	0.4	278	7675268917396853
1	10000	0.1	278	2133564349286834e3
1	10000	0.2	278	1991450660838919400
1	10000	0.4	278	1798693043521284900
2	1000	0.1	278	1095448425782683100
2	1000	0.2	278	1339323820043812900
2	1000	0.4	278	1142236964348494200
2	10000	0.1	278	594800218818751900
2	10000	0.2	278	1.8089099299968438e+17
2	10000	0.4	278	1401306202248985e3
4	1000	0.1	278	1860320757835717600
4	1000	0.2	278	358233200330722750
4	1000	0.4	278	1022764839342616200
4	10000	0.1	278	2213981956621627400
4	10000	0.2	278	779946140523746e3
4	10000	0.4	278	2177567426150011100
0.5	1000	0.1	279	506600549916579700
0.5	1000	0.2	279	1815757447190213e3
0.5	1000	0.4	279	2131530437577105700
0.5	10000	0.1	279	681948712611315300
0.5	10000	0.2	279	698020157718908800
0.5	10000	0.4	279	107705127785783420
1	1000	0.1	279	1772247387952175e3
1	1000	0.2	279	1788235278942743300
1	1000	0.4	279	526919305203179800
1	10000	0.1	279	812650798884938600
1	10000	0.2	279	1176695169702926800
1	10000	0.4	279	712277448694283800
2	1000	0.1	279	1078269737238711700
2	1000	0.2	279	867981729495297800
2	1000	0.4	279	258683022988977920
2	10000	0.1	279	889328614483527e3
2	10000	0.2	279	709160490144371e3
2	10000	0.4	279	2120935150331158500
4	1000	0.1	279	159018147913481570
4	1000	0.2	279	1042734295077442800
4	1000	0.4	279	1550943673005273300
4	10000	0.1	279	1215349159603118300
4	10000	0.2	279	310689506958624960
4	10000	0.4	279	479333240860665900
0.5	1000	0.1	280	1894126256177855700
0.5	1000	0.2	280	1145557198498010800
0.5	1000	0.4	280	708462763788359e3
0.5	10000	0.1	280	1361133231862103600
0.5	10000	0.2	280	1261430726380159e3
0.5	10000	0.4	280	395218842391411650
1	1000	0.1	280	408957275071670800
1	1000	0.2	280	1918418094423923700
1	1000	0.4	280	1540122676225545700
1	10000	0.1	280	1463249867938423300
1	10000	0.2	280	1986807141440595200
1	10000	0.4	280	1570854516836345300
2	1000	0.1	280	270245599587776900
2	1000	0.2	280	1063767704698489900
2	1000	0.4	280	1651588534251195100
2	10000	0.1	280	1065187067211460100
2	10000	0.2	280	1460051879692177400
2	10000	0.4	280	355564119531416600
4	1000	0.1	280	1869683300322478300
4	1000	0.2	280	100642960471098350
4	1000	0.4	280	486485726799477250
4	10000	0.1	280	2284806745478276e3
4	10000	0.2	280	1464526752533877500
4	10000	0.4	280	383973151054285060
0.5	1000	0.1	281	2263400383447380700
0.5	1000	0.2	281	2271453002170740200
0.5	1000	0.4	281	835582173440679200
0.5	10000	0.1	281	1802496119347308800
0.5	10000	0.2	281	1404740813403411e3
0.5	10000	0.4	281	582006321591852700
1	1000	0.1	281	1018625453971425300
1	1000	0.2	281	1757649480772740900
1	1000	0.4	281	1245730038598416400
1	10000	0.1	281	194008734836234e4
1	10000	0.2	281	1009821807270248400
1	10000	0.4	281	2192156104675489e3
2	1000	0.1	281	647922970890657900
2	1000	0.2	281	215182536178567300
2	1000	0.4	281	133290916729300480
2	10000	0.1	281	2067718326532348e3
2	10000	0.2	281	382470237921266e3
2	10000	0.4	281	9.1894426474739994e+17
4	1000	0.1	281	130405275456078030
4	1000	0.2	281	610241952603072900
4	1000	0.4	281	1958728055061642200
4	10000	0.1	281	1111765983418878100
4	10000	0.2	281	1307430714049563100
4	10000	0.4	281	46773716967758030
0.5	1000	0.1	282	1350229130378451e3
0.5	1000	0.2	282	1258470979056020200
0.5	1000	0.4	282	2217770271474161700
0.5	10000	0.1	282	2012909676019844900
0.5	10000	0.2	282	2179728166531067100
0.5	10000	0.4	282	2099599452996897800
1	1000	0.1	282	753910720472784600
1	1000	0.2	282	1803187340983580200
1	1000	0.4	282	1093043028314428400
1	10000	0.1	282	2186662052602343e3
1	10000	0.2	282	347576214020965e3
1	10000	0.4	282	1004738449740665900
2	1000	0.1	282	34305284851237172
2	1000	0.2	282	828438826154652200
2	1000	0.4	282	320490625692263400
2	10000	0.1	282	108057152538247340
2	10000	0.2	282	4718240698070996
2	10000	0.4	282	1469919801460334600
4	1000	0.1	282	806202177332262e3
4	1000	0.2	282	282659665340565540
4	1000	0.4	282	772705014975290100
4	10000	0.1	282	1482350511311752e3
4	10000	0.2	282	1181394772241930500
4	10000	0.4	282	1353791782924320800
0.5	1000	0.1	283	98785985808510592
0.5	1000	0.2	283	116525564202932e4
0.5	1000	0.4	283	638571388969087100
0.5	10000	0.1	283	51317210845709370
0.5	10000	0.2	283	207333406754568600
0.5	10000	0.4	283	1500844768651289600
1	1000	0.1	283	1949316486910139e3
1	1000	0.2	283	181224044061440130
1	1000	0.4	283	1514083763367144700
1	10000	0.1	283	736472090028109200
1	10000	0.2	283	702024207495342100
1	10000	0.4	283	1904593814142742500
2	1000	0.1	283	153285797781902900
2	1000	0.2	283	1581950612718563600
2	1000	0.4	283	167477481389448930
2	10000	0.1	283	485193205079689400
2	10000	0.2	283	126025189386826290
2	10000	0.4	283	224820727953649e4
4	1000	0.1	283	944352051158977800
4	1000	0.2	283	1389849384861428200
4	1000	0.4	283	45318569197567296
4	10000	0.1	283	1769506788805534700
4	10000	0.2	283	2247870118363852500
4	10000	0.4	283	1042628833852550900
0.5	1000	0.1	284	1588968898961153e3
0.5	1000	0.2	284	590873076520831900
0.5	1000	0.4	284	1653002560123026e3
0.5	10000	0.1	284	742755647873085600
0.5	10000	0.2	284	637624147115717400
0.5	10000	0.4	284	1090131416174143400
1	1000	0.1	284	249590444431924900
1	1000	0.2	284	1075013670275384600
1	1000	0.4	284	129203820958518270
1	10000	0.1	284	822141317745100300
1	10000	0.2	284	97068663211004640
1	10000	0.4	284	364862868258724700
2	1000	0.1	284	1615612604571022800
2	1000	0.2	284	2195882220602771e3
2	1000	0.4	284	1817951544487780400
2	10000	0.1	284	1909580462670781400
2	10000	0.2	284	900728834126098e3
2	10000	0.4	284	178857798384115e4
4	1000	0.1	284	1391837634871478300
4	1000	0.2	284	954308502491273200
4	1000	0.4	284	1219548689124919600
4	10000	0.1	284	517066424324022900
4	10000	0.2	284	363233194355564600
4	10000	0.4	284	1201966918241592e3
0.5	1000	0.1	285	62877384519305e4
0.5	1000	0.2	285	1647873677352828200
0.5	1000	0.4	285	1.0916912781808541e+17
0.5	10000	0.1	285	1278314778319208e3
0.5	10000	0.2	285	1635541073976759800
0.5	10000	0.4	285	809602547475264800
1	1000	0.1	285	839503933411828900
1	1000	0.2	285	807955844762334e3
1	1000	0.4	285	1056751444104111100
1	10000	0.1	285	2074276169698577700
1	10000	0.2	285	396397468591127360
1	10000	0.4	285	2145400597491806500
2	1000	0.1	285	439545015793345800
2	1000	0.2	285	838694018531971100
2	1000	0.4	285	1782331725321670100
2	10000	0.1	285	4.0796029393433043e+17
2	10000	0.2	285	1920249725382538e3
2	10000	0.4	285	2085774296278611200
4	1000	0.1	285	1764801497404326700
4	1000	0.2	285	896653955362781700
4	1000	0.4	285	1828024746182504400
4	10000	0.1	285	2136078843757965e3
4	10000	0.2	285	219276923491364e4
4	10000	0.4	285	1426830331153289500
0.5	1000	0.1	286	1802487708350029800
0.5	1000	0.2	286	323143013858086500
0.5	1000	0.4	286	2055819801538510300
0.5	10000	0.1	286	225573369547785e4
0.5	10000	0.2	286	165430490472080670
0.5	10000	0.4	286	1206014564509116e3
1	1000	0.1	286	1161213329843245300
1	1000	0.2	286	1310842447550327800
1	1000	0.4	286	2195751849747694300
1	10000	0.1	286	656428256312774900
1	10000	0.2	286	814923814463090300
1	10000	0.4	286	1412464363511661800
2	1000	0.1	286	2011759431621566500
2	1000	0.2	286	2205950440926188e3
2	1000	0.4	286	1817268919592269e3
2	10000	0.1	286	1836044056512099800
2	10000	0.2	286	372311458117649400
2	10000	0.4	286	1500940194564743200
4	1000	0.1	286	2280142690821557800
4	1000	0.2	286	24594457382034048
4	1000	0.4	286	689845940355016400
4	10000	0.1	286	745521543496642600
4	10000	0.2	286	1277709239490915600
4	10000	0.4	286	754370640107171100
0.5	1000	0.1	287	475680987129558340
0.5	1000	0.2	287	1319410676785191400
0.5	1000	0.4	287	1019637147705260800
0.5	10000	0.1	287	1159792088180621800
0.5	10000	0.2	287	346725282455039400
0.5	10000	0.4	287	2297669917301594e3
1	1000	0.1	287	486747374011002050
1	1000	0.2	287	2106398972626693400
1	1000	0.4	287	225203517800967100
1	10000	0.1	287	1556310651147734e3
1	10000	0.2	287	391523745763844350
1	10000	0.4	287	371542361712028900
2	1000	0.1	287	2292951701758963e3
2	1000	0.2	287	143870677920140130
2	1000	0.4	287	1.0836444974099741e+17
2	10000	0.1	287	432614241236851600
2	10000	0.2	287	304959738387964540
2	10000	0.4	287	1103738189189815300
4	1000	0.1	287	819907757251889800
4	1000	0.2	287	636806788082377300
4	1000	0.4	287	2102779196401360400
4	10000	0.1	287	2057405701035782400
4	10000	0.2	287	1970106153538017800
4	10000	0.4	287	1520305793552020500
0.5	1000	0.1	288	1359897238769090600
0.5	1000	0.2	288	2284647526863980500
0.5	1000	0.4	288	1046951668059407400
0.5	10000	0.1	288	236487980320855400
0.5	10000	0.2	288	160057257379642300
0.5	10000	0.4	288	1186724525399256300
1	1000	0.1	288	1458702396483799300
1	1000	0.2	288	1.3380257224073139e+17
1	1000	0.4	288	709855296125934500
1	10000	0.1	288	4.4064132901966797e+17
1	10000	0.2	288	16829071935397164
1	10000	0.4	288	453195085604456060
2	1000	0.1	288	2152881493398368300
2	1000	0.2	288	446990837324788300
2	1000	0.4	288	1437948119630677e3
2	10000	0.1	288	2049955915412011800
2	10000	0.2	288	568249254050095600
2	10000	0.4	288	869382163211290500
4	1000	0.1	288	1920963637440303e3
4	1000	0.2	288	983161480390383400
4	1000	0.4	288	848630223033625e3
4	10000	0.1	288	515434092373834100
4	10000	0.2	288	392986560909418800
4	10000	0.4	288	1779526626422153200
0.5	1000	0.1	289	1514065325487314200
0.5	1000	0.2	289	326924415444593e3
0.5	1000	0.4	289	763952921085663600
0.5	10000	0.1	289	2303715473744724700
0.5	10000	0.2	289	1910476502381954600
0.5	10000	0.4	289	1208934176522649900
1	1000	0.1	289	1594890830340506600
1	1000	0.2	289	1669666025576907500
1	1000	0.4	289	441089847081904700
1	10000	0.1	289	963962675574880500
1	10000	0.2	289	1171709372445123600
1	10000	0.4	289	1797600294907825200
2	1000	0.1	289	1621181207478122500
2	1000	0.2	289	1509833239895055400
2	1000	0.4	289	2152474577552296400
2	10000	0.1	289	1400967124848896300
2	10000	0.2	289	869875533852561e3
2	10000	0.4	289	463428877329200100
4	1000	0.1	289	196945104426261470
4	1000	0.2	289	1638524713931854e3
4	1000	0.4	289	2179587050486701600
4	10000	0.1	289	2255553922589352700
4	10000	0.2	289	2193114697508549600
4	10000	0.4	289	811736752596936400
0.5	1000	0.1	290	1093555442425641500
0.5	1000	0.2	290	2021318365972565e3
0.5	1000	0.4	290	1988717206456797200
0.5	10000	0.1	290	1252758127900078
0.5	10000	0.2	290	477226936098001800
0.5	10000	0.4	290	1800997603119966700
1	1000	0.1	290	1612991215136433e3
1	1000	0.2	290	1051194929339474600
1	1000	0.4	290	64320516367539e4
1	10000	0.1	290	1171809334991853600
1	10000	0.2	290	532534403381782400
1	10000	0.4	290	1597341722809343700
2	1000	0.1	290	67463375029182344
2	1000	0.2	290	2157936667349473e3
2	1000	0.4	290	194691193394549e4
2	10000	0.1	290	517294915744237060
2	10000	0.2	290	186726785321309800
2	10000	0.4	290	748532859935335e3
4	1000	0.1	290	1562113759753188400
4	1000	0.2	290	588755184064746200
4	1000	0.4	290	708105823547802200
4	10000	0.1	290	1216445755230997800
4	10000	0.2	290	365165933356741950
4	10000	0.4	290	97524023229443180
0.5	1000	0.1	291	1960767691147584300
0.5	1000	0.2	291	960625985810311400
0.5	1000	0.4	291	284987356237133150
0.5	10000	0.1	291	1642756557256502e3
0.5	10000	0.2	291	2057828635620475100
0.5	10000	0.4	291	2282692926561422300
1	1000	0.1	291	1617197045869903400
1	1000	0.2	291	1932001784625771300
1	1000	0.4	291	2184806865024715300
1	10000	0.1	291	816615743439128700
1	10000	0.2	291	1759363879220408600
1	10000	0.4	291	843426634754979500
2	1000	0.1	291	1123132063785726700
2	1000	0.2	291	960830643218549600
2	1000	0.4	291	962187884712456800
2	10000	0.1	291	365837511399799550
2	10000	0.2	291	1091347158225279200
2	10000	0.4	291	493492506191362500
4	1000	0.1	291	1640004626190625500
4	1000	0.2	291	1182409034906520600
4	1000	0.4	291	1.0826066995079601e+18
4	10000	0.1	291	448045619774320200
4	10000	0.2	291	1528011146509943300
4	10000	0.4	291	546552459717743940
0.5	1000	0.1	292	1290611922912914700
0.5	1000	0.2	292	1540961146594958e3
0.5	1000	0.4	292	1903420852396765200
0.5	10000	0.1	292	1752060193455320600
0.5	10000	0.2	292	1649536146657382700
0.5	10000	0.4	292	1985359395269406200
1	1000	0.1	292	559223072977131800
1	1000	0.2	292	1676370477674218e3
1	1000	0.4	292	731621266351829400
1	10000	0.1	292	14343868658169334
1	10000	0.2	292	1550959173913717200
1	10000	0.4	292	698702655085555e3
2	1000	0.1	292	1275682855284569e3
2	1000	0.2	292	118385401229236860
2	1000	0.4	292	2200024658927776e3
2	10000	0.1	292	1652563543956545e3
2	10000	0.2	292	1416389348644904e3
2	10000	0.4	292	426153284942281150
4	1000	0.1	292	1043524955542681600
4	1000	0.2	292	49610900428971330
4	1000	0.4	292	17490123806166182
4	10000	0.1	292	5.0150107062919283e+17
4	10000	0.2	292	1317112665521142800
4	10000	0.4	292	1671900824119679500
0.5	1000	0.1	293	1717275355115596800
0.5	1000	0.2	293	2284344902792435500
0.5	1000	0.4	293	253190591020570500
0.5	10000	0.1	293	1752017268409435e3
0.5	10000	0.2	293	437199721061745e3
0.5	10000	0.4	293	1159797628289026300
1	1000	0.1	293	190297077453669470
1	1000	0.2	293	78976878774435950
1	1000	0.4	293	1843910393559955e3
1	10000	0.1	293	142078115679308880
1	10000	0.2	293	1536778598961064700
1	10000	0.4	293	100471588102673980
2	1000	0.1	293	7.7740620719647194e+17
2	1000	0.2	293	154905826424532260
2	1000	0.4	293	1072677084938508700
2	10000	0.1	293	2279560472085860900
2	10000	0.2	293	112561771168763540
2	10000	0.4	293	2144036944978555400
4	1000	0.1	293	1010649281884613600
4	1000	0.2	293	1817895636590973400
4	1000	0.4	293	1267015957324312600
4	10000	0.1	293	961900246967148700
4	10000	0.2	293	2105695374799115300
4	10000	0.4	293	1943423943986058500
0.5	1000	0.1	294	990269987018866200
0.5	1000	0.2	294	346627884317145150
0.5	1000	0.4	294	1031682346083078500
0.5	10000	0.1	294	1662110533399237e3
0.5	10000	0.2	294	794673837978676400
0.5	10000	0.4	294	107284954432652060
1	1000	0.1	294	1933444432555662e3
1	1000	0.2	294	1851343898608497200
1	1000	0.4	294	1812316636973589e3
1	10000	0.1	294	605265902020533e3
1	10000	0.2	294	942062454669984500
1	10000	0.4	294	231532284465184480
2	1000	0.1	294	1514379700016301600
2	1000	0.2	294	1049626549501510500
2	1000	0.4	294	3865265521791e4
2	10000	0.1	294	1534468199490092e3
2	10000	0.2	294	2228914529740475400
2	10000	0.4	294	1919483479712420400
4	1000	0.1	294	787573971164723700
4	1000	0.2	294	303951117884769700
4	1000	0.4	294	836599954790312700
4	10000	0.1	294	425967694293973250
4	10000	0.2	294	695032042592392300
4	10000	0.4	294	1427600778977381400
0.5	1000	0.1	295	338435329963521900
0.5	1000	0.2	295	92986744300164640
0.5	1000	0.4	295	850313372557031200
0.5	10000	0.1	295	220829399219966e4
0.5	10000	0.2	295	1.9975400460438881e+18
0.5	10000	0.4	295	472649473276446200
1	1000	0.1	295	2145332056259324200
1	1000	0.2	295	1406278821667289300
1	1000	0.4	295	1204302830602422500
1	10000	0.1	295	922102769846900500
1	10000	0.2	295	1988961454761190400
1	10000	0.4	295	402365509267846660
2	1000	0.1	295	1789314203695648800
2	1000	0.2	295	960395336058483300
2	1000	0.4	295	53705465323343776
2	10000	0.1	295	1197115987577824800
2	10000	0.2	295	1096634613644794100
2	10000	0.4	295	643775461232212200
4	1000	0.1	295	1995152097655480800
4	1000	0.2	295	767845581767932e3
4	1000	0.4	295	1262199887177125e3
4	10000	0.1	295	1106138117499604500
4	10000	0.2	295	1367272875623682600
4	10000	0.4	295	1.1572247077876301e+17
0.5	1000	0.1	296	550274171335291e3
0.5	1000	0.2	296	1275938149965941200
0.5	1000	0.4	296	2042290009560828e3
0.5	10000	0.1	296	663078718689141200
0.5	10000	0.2	296	1216176192998258700
0.5	10000	0.4	296	203990561134058e4
1	1000	0.1	296	1.3540812232228941e+17
1	1000	0.2	296	672531811307173900
1	1000	0.4	296	1637433236269122300
1	10000	0.1	296	1292272131062955300
1	10000	0.2	296	1348064325839074800
1	10000	0.4	296	1236361046526461200
2	1000	0.1	296	1268587758696649200
2	1000	0.2	296	733951658800258800
2	1000	0.4	296	1564827968392445400
2	10000	0.1	296	1624968857538416400
2	10000	0.2	296	44570135899611870
2	10000	0.4	296	1535341955231799800
4	1000	0.1	296	178250049969961300
4	1000	0.2	296	444384966049435260
4	1000	0.4	296	247027156804211680
4	10000	0.1	296	691175396074518e3
4	10000	0.2	296	1157144058437007e3
4	10000	0.4	296	161284863638028930
0.5	1000	0.1	297	2103669898148530200
0.5	1000	0.2	297	2252974117198054400
0.5	1000	0.4	297	746061068346429600
0.5	10000	0.1	297	2109737996778224400
0.5	10000	0.2	297	1472385524245090600
0.5	10000	0.4	297	503950393062353700
1	1000	0.1	297	567420509642637200
1	1000	0.2	297	382604076088632500
1	1000	0.4	297	1615459236115233300
1	10000	0.1	297	904759820326106600
1	10000	0.2	297	466860075993830600
1	10000	0.4	297	717460035625782400
2	1000	0.1	297	1910420806834210800
2	1000	0.2	297	1187295084556516900
2	1000	0.4	297	2044776201120140300
2	10000	0.1	297	5.3910015789099123e+17
2	10000	0.2	297	663691147294166100
2	10000	0.4	297	142677963139275250
4	1000	0.1	297	1437250742953226800
4	1000	0.2	297	98052962908223220
4	1000	0.4	297	332214501652591740
4	10000	0.1	297	784167846794558e3
4	10000	0.2	297	2254006613515507500
4	10000	0.4	297	503716973783120500
0.5	1000	0.1	298	509936181694657150
0.5	1000	0.2	298	1848140956917270800
0.5	1000	0.4	298	758383539420814200
0.5	10000	0.1	298	1603881278726081300
0.5	10000	0.2	298	884319269015704800
0.5	10000	0.4	298	1626568915531929300
1	1000	0.1	298	2087996084209236700
1	1000	0.2	298	822809119710361600
1	1000	0.4	298	770396036493789600
1	10000	0.1	298	2226600763153369600
1	10000	0.2	298	1696932858068241e3
1	10000	0.4	298	2281473591824321300
2	1000	0.1	298	1854934895804020500
2	1000	0.2	298	2063063487343049e3
2	1000	0.4	298	1013239194393825400
2	10000	0.1	298	993558966493383200
2	10000	0.2	298	935440443301320400
2	10000	0.4	298	1134629888987055600
4	1000	0.1	298	36877335852750990
4	1000	0.2	298	1089554468465938e3
4	1000	0.4	298	209816853473763700
4	10000	0.1	298	1224671878782528300
4	10000	0.2	298	1433858486587885300
4	10000	0.4	298	2082883055189483e3
0.5	1000	0.1	299	972656649737078700
0.5	1000	0.2	299	1700989923467348e3
0.5	1000	0.4	299	481867022348795650
0.5	10000	0.1	299	1733119384876374500
0.5	10000	0.2	299	2106527575973248500
0.5	10000	0.4	299	711509792432524900
1	1000	0.1	299	2118271431358814500
1	1000	0.2	299	580918818158255700
1	1000	0.4	299	123310106128537260
1	10000	0.1	299	432024024111937540
1	10000	0.2	299	1111302259771674600
1	10000	0.4	299	1335180040469208e3
2	1000	0.1	299	2081769014976103e3
2	1000	0.2	299	290349090090774600
2	1000	0.4	299	391526934587093440
2	10000	0.1	299	1668502746967844400
2	10000	0.2	299	2283091904736268500
2	10000	0.4	299	1.2784286812240339e+17
4	1000	0.1	299	898877840150545e3
4	1000	0.2	299	1656079792017998800
4	1000	0.4	299	1655897210706571800
4	10000	0.1	299	700034988131074700
4	10000	0.2	299	386619036117753200
4	10000	0.4	299	178319418827271170
0.5	1000	0.1	300	1434842511146445300
0.5	1000	0.2	300	2097739276051415300
0.5	1000	0.4	300	961636142284018700
0.5	10000	0.1	300	402197504220824e3
0.5	10000	0.2	300	910807705113623800
0.5	10000	0.4	300	1304573725261939e3
1	1000	0.1	300	396791660692489e3
1	1000	0.2	300	1290799145228892e3
1	1000	0.4	300	2296903285535874e3
1	10000	0.1	300	2042213416645868e3
1	10000	0.2	300	1199727194357416400
1	10000	0.4	300	1851719635586595300
2	1000	0.1	300	909711218861659900
2	1000	0.2	300	1488730371594211800
2	1000	0.4	300	55372949783610224
2	10000	0.1	300	2216348035957064700
2	10000	0.2	300	1506410883298288400
2	10000	0.4	300	633458409459402100
4	1000	0.1	300	1742286400109875e3
4	1000	0.2	300	1804770107198312400
4	1000	0.4	300	652778911757138e3
4	10000	0.1	300	748938896714819200
4	10000	0.2	300	788916727187713200
4	10000	0.4	300	1120555122085785300
0.5	1000	0.1	301	1562485914668308e3
0.5	1000	0.2	301	230440458308431330
0.5	1000	0.4	301	1367922913544218400
0.5	10000	0.1	301	1691884786476008e3
0.5	10000	0.2	301	137009805891565200
0.5	10000	0.4	301	1555371235888075300
1	1000	0.1	301	2194641347809456600
1	1000	0.2	301	162687899378653020
1	1000	0.4	301	393867842957640260
1	10000	0.1	301	228050450597962e4
1	10000	0.2	301	1269713918907085800
1	10000	0.4	301	259999487384684930
2	1000	0.1	301	1109466542953509900
2	1000	0.2	301	1522525435609318400
2	1000	0.4	301	568138994777390300
2	10000	0.1	301	218826679510996e4
2	10000	0.2	301	670141212386659100
2	10000	0.4	301	731386305408623900
4	1000	0.1	301	406759394160487300
4	1000	0.2	301	2018913069008901600
4	1000	0.4	301	1783505453216567800
4	10000	0.1	301	1729724626320641500
4	10000	0.2	301	2025238104407203800
4	10000	0.4	301	361500110908886e3
0.5	1000	0.1	302	1274765807167398400
0.5	1000	0.2	302	2272720535145751600
0.5	1000	0.4	302	1436644783231769900
0.5	10000	0.1	302	1022880349790071800
0.5	10000	0.2	302	1559681428727200300
0.5	10000	0.4	302	2059386490122234400
1	1000	0.1	302	863062420523273700
1	1000	0.2	302	433861865655549200
1	1000	0.4	302	330102531777732300
1	10000	0.1	302	545776918365921200
1	10000	0.2	302	2241879121033250800
1	10000	0.4	302	1600732608558263300
2	1000	0.1	302	2184579337612859100
2	1000	0.2	302	495519651822046e3
2	1000	0.4	302	464509668239570600
2	10000	0.1	302	2032470082981678300
2	10000	0.2	302	851537779649931300
2	10000	0.4	302	132113082491278830
4	1000	0.1	302	1080804855900240100
4	1000	0.2	302	561237229884048960
4	1000	0.4	302	549411881817193100
4	10000	0.1	302	1715852667558434300
4	10000	0.2	302	785935014809898e3
4	10000	0.4	302	700009149811321600
0.5	1000	0.1	303	1134196544330081300
0.5	1000	0.2	303	1506892109370633700
0.5	1000	0.4	303	1666892599918837800
0.5	10000	0.1	303	1180252742024900900
0.5	10000	0.2	303	932359664689432700
0.5	10000	0.4	303	206152093577642720
1	1000	0.1	303	2036816665318043e3
1	1000	0.2	303	509152031033685500
1	1000	0.4	303	2154289454432153600
1	10000	0.1	303	1875095476547886300
1	10000	0.2	303	954502314921710600
1	10000	0.4	303	571681871401257700
2	1000	0.1	303	1419981806492105e3
2	1000	0.2	303	20320637702076732
2	1000	0.4	303	2104144339340805600
2	10000	0.1	303	1077044969968607900
2	10000	0.2	303	346763567255360200
2	10000	0.4	303	49668779574892096
4	1000	0.1	303	2107945206606349300
4	1000	0.2	303	1561336577179123700
4	1000	0.4	303	1259659190461242400
4	10000	0.1	303	81299236240588020
4	10000	0.2	303	1189713626624923100
4	10000	0.4	303	1940335892599532800
0.5	1000	0.1	304	2074204059350259e3
0.5	1000	0.2	304	199836933262302720
0.5	1000	0.4	304	1121161287284281300
0.5	10000	0.1	304	1834775003262844200
0.5	10000	0.2	304	318865899784319900
0.5	10000	0.4	304	799699210615876e3
1	1000	0.1	304	37621032759897280
1	1000	0.2	304	1679579071285003800
1	1000	0.4	304	1814062745658449e3
1	10000	0.1	304	1763351117698841600
1	10000	0.2	304	311408034481693060
1	10000	0.4	304	1506758098838457600
2	1000	0.1	304	1977802008231188200
2	1000	0.2	304	170450753363459070
2	1000	0.4	304	1939454452343183400
2	10000	0.1	304	1731271951812221700
2	10000	0.2	304	556381083765372500
2	10000	0.4	304	1168494441359782700
4	1000	0.1	304	1528808304778769700
4	1000	0.2	304	758852084956280800
4	1000	0.4	304	2302652044978446800
4	10000	0.1	304	63928046544871990
4	10000	0.2	304	1551376863851074600
4	10000	0.4	304	1774845284819229400
0.5	1000	0.1	305	142654202993959440
0.5	1000	0.2	305	1739536311672323e3
0.5	1000	0.4	305	2048090562691398700
0.5	10000	0.1	305	1548806471322867200
0.5	10000	0.2	305	754529000423809200
0.5	10000	0.4	305	2066839917891425800
1	1000	0.1	305	1777811928337174500
1	1000	0.2	305	1739202600168363e3
1	1000	0.4	305	1838070800465100300
1	10000	0.1	305	1443559293180907500
1	10000	0.2	305	465393950753478500
1	10000	0.4	305	825824266505923100
2	1000	0.1	305	1388913143517402600
2	1000	0.2	305	1451803864401419800
2	1000	0.4	305	1.7216942775611679e+18
2	10000	0.1	305	1408924541104088800
2	10000	0.2	305	56122713021905544
2	10000	0.4	305	263705530353611780
4	1000	0.1	305	1082334772829850400
4	1000	0.2	305	1394694639856314600
4	1000	0.4	305	1938465226618598100
4	10000	0.1	305	1503552499088619300
4	10000	0.2	305	579880073964361500
4	10000	0.4	305	707082280078227100
0.5	1000	0.1	306	938887001679930900
0.5	1000	0.2	306	1151605680384574700
0.5	1000	0.4	306	593544957314636300
0.5	10000	0.1	306	14552191367018732
0.5	10000	0.2	306	2124036257042692e3
0.5	10000	0.4	306	1011080949217743500
1	1000	0.1	306	1945806581089275100
1	1000	0.2	306	519471733880299650
1	1000	0.4	306	623178837014591200
1	10000	0.1	306	40928998520117576
1	10000	0.2	306	1474485040748561400
1	10000	0.4	306	2273008908382300700
2	1000	0.1	306	1032567338283028700
2	1000	0.2	306	108447303308408830
2	1000	0.4	306	61312073509102570
2	10000	0.1	306	2101011117471663600
2	10000	0.2	306	101868581732417300
2	10000	0.4	306	760728153407105400
4	1000	0.1	306	189870005539593660
4	1000	0.2	306	421246000768108300
4	1000	0.4	306	1284608556253657300
4	10000	0.1	306	1959641005591139600
4	10000	0.2	306	2163361419917870600
4	10000	0.4	306	1423303923865756e3
0.5	1000	0.1	307	946761252021328100
0.5	1000	0.2	307	435093615270285800
0.5	1000	0.4	307	1769697962209633800
0.5	10000	0.1	307	164785186052026200
0.5	10000	0.2	307	381128208040107700
0.5	10000	0.4	307	1880467684031882200
1	1000	0.1	307	235429766096479870
1	1000	0.2	307	352648918849639300
1	1000	0.4	307	2224825686837008400
1	10000	0.1	307	189422751996085120
1	10000	0.2	307	1109827375813293400
1	10000	0.4	307	2117166571666667800
2	1000	0.1	307	1455941616618060300
2	1000	0.2	307	1044313693693311700
2	1000	0.4	307	561945898837837300
2	10000	0.1	307	777560000517746400
2	10000	0.2	307	910509425270659600
2	10000	0.4	307	1187088574517540900
4	1000	0.1	307	1485674799132238800
4	1000	0.2	307	1152632384715873e3
4	1000	0.4	307	196571537023511700
4	10000	0.1	307	1993304676507074600
4	10000	0.2	307	475581190249211300
4	10000	0.4	307	1251787248199571200
0.5	1000	0.1	308	2118309847804853500
0.5	1000	0.2	308	1851786850868554500
0.5	1000	0.4	308	291426984297524600
0.5	10000	0.1	308	1523508126405456600
0.5	10000	0.2	308	8804391288501926
0.5	10000	0.4	308	1399474474090065400
1	1000	0.1	308	1117404387051874400
1	1000	0.2	308	1056254040432885100
1	1000	0.4	308	1517851941805243e3
1	10000	0.1	308	2146195789510733800
1	10000	0.2	308	889209502009247500
1	10000	0.4	308	2209877547294017e3
2	1000	0.1	308	276482395138307420
2	1000	0.2	308	1534786046867038500
2	1000	0.4	308	18368727163750840
2	10000	0.1	308	393584585923259400
2	10000	0.2	308	2146738251104052500
2	10000	0.4	308	2292820223494105900
4	1000	0.1	308	1972079094176500500
4	1000	0.2	308	2008909138523750400
4	1000	0.4	308	2088364920672708900
4	10000	0.1	308	223027521339770370
4	10000	0.2	308	4.8112391688351917e+17
4	10000	0.4	308	1262103374522492400
0.5	1000	0.1	309	1014691777472259600
0.5	1000	0.2	309	1203007716991244800
0.5	1000	0.4	309	142173590828663900
0.5	10000	0.1	309	1000491504405746e3
0.5	10000	0.2	309	1134910236522557400
0.5	10000	0.4	309	1223424637568381700
1	1000	0.1	309	796355246296575700
1	1000	0.2	309	43570676991180816
1	1000	0.4	309	1.7510966932318758e+17
1	10000	0.1	309	788033387328801e3
1	10000	0.2	309	535725030804736960
1	10000	0.4	309	2269633355000078300
2	1000	0.1	309	1713069424970606300
2	1000	0.2	309	1111895951400423400
2	1000	0.4	309	1268750264873444600
2	10000	0.1	309	1878510118712734500
2	10000	0.2	309	1239469258368718300
2	10000	0.4	309	2279088256453425200
4	1000	0.1	309	2229796037295751400
4	1000	0.2	309	2028346191300932e3
4	1000	0.4	309	978034274035765800
4	10000	0.1	309	90009037832373900
4	10000	0.2	309	891864066220302700
4	10000	0.4	309	169252059076322e4
0.5	1000	0.1	310	1101526303027952600
0.5	1000	0.2	310	2260312300760719e3
0.5	1000	0.4	310	784195342132263600
0.5	10000	0.1	310	2204952283878779e3
0.5	10000	0.2	310	950933300953065200
0.5	10000	0.4	310	1640233664410559500
1	1000	0.1	310	30271312042654840
1	1000	0.2	310	459395963175719100
1	1000	0.4	310	1643176606920749e3
1	10000	0.1	310	1221649006034846500
1	10000	0.2	310	854378631604261100
1	10000	0.4	310	1820184457211959300
2	1000	0.1	310	2060908952618577700
2	1000	0.2	310	1933285222575421700
2	1000	0.4	310	1913032416069404700
2	10000	0.1	310	770480008180386800
2	10000	0.2	310	2034278188136070700
2	10000	0.4	310	675420924896886e3
4	1000	0.1	310	1595102413140528400
4	1000	0.2	310	858814101225872900
4	1000	0.4	310	2149557001204303400
4	10000	0.1	310	1553578159956505600
4	10000	0.2	310	787422094117914e3
4	10000	0.4	310	672890652600833400
0.5	1000	0.1	311	298163398453231550
0.5	1000	0.2	311	729182326774927400
0.5	1000	0.4	311	318068530312112600
0.5	10000	0.1	311	833983538327119500
0.5	10000	0.2	311	1315059870142464300
0.5	10000	0.4	311	1492611584588032300
1	1000	0.1	311	1459308840721014300
1	1000	0.2	311	1407183833301721900
1	1000	0.4	311	2117939981834906600
1	10000	0.1	311	2.1116136362638278e+17
1	10000	0.2	311	16975449368569644
1	10000	0.4	311	2110705739942025700
2	1000	0.1	311	1671533481787070700
2	1000	0.2	311	136976549350852320
2	1000	0.4	311	1087939936639425800
2	10000	0.1	311	1277986219371667e3
2	10000	0.2	311	693712360500513800
2	10000	0.4	311	165511932601275300
4	1000	0.1	311	558079700974693440
4	1000	0.2	311	2101175024906819e3
4	1000	0.4	311	2041270761292406800
4	10000	0.1	311	1961434192513781800
4	10000	0.2	311	1178544781528469e3
4	10000	0.4	311	1470970211496125e3
0.5	1000	0.1	312	111248758661228450
0.5	1000	0.2	312	81446816827966670
0.5	1000	0.4	312	1939065923562485800
0.5	10000	0.1	312	2119490432322244900
0.5	10000	0.2	312	993120513759866500
0.5	10000	0.4	312	1829404681772525800
1	1000	0.1	312	4.1240103971580717e+17
1	1000	0.2	312	1567850677616471600
1	1000	0.4	312	1170866909731705900
1	10000	0.1	312	1773234608129319e3
1	10000	0.2	312	1915623371459965e3
1	10000	0.4	312	2127014933167366700
2	1000	0.1	312	2121015839109836300
2	1000	0.2	312	2244794478792386600
2	1000	0.4	312	1559772885362959400
2	10000	0.1	312	2028664563977866e3
2	10000	0.2	312	1000741393066738200
2	10000	0.4	312	812078411476567700
4	1000	0.1	312	2055905897012940800
4	1000	0.2	312	2233260791227253500
4	1000	0.4	312	1553477688483766300
4	10000	0.1	312	1801555158092961300
4	10000	0.2	312	2094417646641868500
4	10000	0.4	312	2015607120170038300
0.5	1000	0.1	313	1921993681245512200
0.5	1000	0.2	313	1127430823577483300
0.5	1000	0.4	313	722583806307215400
0.5	10000	0.1	313	2012544956627849e3
0.5	10000	0.2	313	6.8085714748596006e+17
0.5	10000	0.4	313	1533013341506940400
1	1000	0.1	313	1834309786993003e3
1	1000	0.2	313	226483494435858530
1	1000	0.4	313	336128437080068100
1	10000	0.1	313	1581844691149543700
1	10000	0.2	313	1544131957733859300
1	10000	0.4	313	1270838196104907500
2	1000	0.1	313	301073769253451200
2	1000	0.2	313	340023730066402700
2	1000	0.4	313	1264448901542101500
2	10000	0.1	313	1104984111294144600
2	10000	0.2	313	750122929924469500
2	10000	0.4	313	1752443085255351300
4	1000	0.1	313	316685588238500700
4	1000	0.2	313	128834941978834270
4	1000	0.4	313	290686705794376600
4	10000	0.1	313	180274916879261340
4	10000	0.2	313	957491543530926800
4	10000	0.4	313	2039297196219202300
0.5	1000	0.1	314	29180742206201992
0.5	1000	0.2	314	1.8772995647776159e+18
0.5	1000	0.4	314	920741847864058600
0.5	10000	0.1	314	1000782396103215600
0.5	10000	0.2	314	1995668046247800800
0.5	10000	0.4	314	21329552074387388
1	1000	0.1	314	4.4074578508789043e+17
1	1000	0.2	314	1372163658790008e3
1	1000	0.4	314	717247202383055200
1	10000	0.1	314	1381332335182385e3
1	10000	0.2	314	1649022921762590500
1	10000	0.4	314	81033247963857540
2	1000	0.1	314	1108899004721047300
2	1000	0.2	314	347275596581258560
2	1000	0.4	314	1026251153723338200
2	10000	0.1	314	930876808112911700
2	10000	0.2	314	222024982864229e4
2	10000	0.4	314	1088596106645162900
4	1000	0.1	314	127788313215236420
4	1000	0.2	314	147703848197910560
4	1000	0.4	314	556341630534296400
4	10000	0.1	314	1911936243794988e3
4	10000	0.2	314	1076175967536415700
4	10000	0.4	314	2040032574244711700
0.5	1000	0.1	315	1026509401233451400
0.5	1000	0.2	315	1974508186832484400
0.5	1000	0.4	315	204246020904795870
0.5	10000	0.1	315	98472426836096720
0.5	10000	0.2	315	1197405249652459e3
0.5	10000	0.4	315	1777178615228304400
1	1000	0.1	315	1090847322537340300
1	1000	0.2	315	1727628525046753300
1	1000	0.4	315	164236886475377340
1	10000	0.1	315	547351130572745700
1	10000	0.2	315	1088724210137419500
1	10000	0.4	315	1564279075866266600
2	1000	0.1	315	1590599881365038300
2	1000	0.2	315	1340387960777481700
2	1000	0.4	315	381112283474508160
2	10000	0.1	315	1682955314153483300
2	10000	0.2	315	2066374828202842e3
2	10000	0.4	315	280844028808551800
4	1000	0.1	315	128147246790535500
4	1000	0.2	315	1407926329473347e3
4	1000	0.4	315	966885070176010900
4	10000	0.1	315	1057864982356900100
4	10000	0.2	315	1217602790099645e3
4	10000	0.4	315	1706634964986507800
0.5	1000	0.1	316	97092464005098720
0.5	1000	0.2	316	2171476367577428200
0.5	1000	0.4	316	516675141029073150
0.5	10000	0.1	316	514689442900910660
0.5	10000	0.2	316	39047388986341624
0.5	10000	0.4	316	1862790475563082200
1	1000	0.1	316	430789823508833600
1	1000	0.2	316	2239367033311763200
1	1000	0.4	316	1163447900920500500
1	10000	0.1	316	1.5062319255137482e+17
1	10000	0.2	316	1008327993283237100
1	10000	0.4	316	1116263712549413400
2	1000	0.1	316	1228635202420996600
2	1000	0.2	316	1581122243571278300
2	1000	0.4	316	92412176166962640
2	10000	0.1	316	1177422467985006600
2	10000	0.2	316	404467506298695e3
2	10000	0.4	316	2.8719790137812038e+17
4	1000	0.1	316	1580333203783725800
4	1000	0.2	316	1867928433099706400
4	1000	0.4	316	678842657619534800
4	10000	0.1	316	573056346666881e3
4	10000	0.2	316	519206579027901250
4	10000	0.4	316	2287199440633095200
0.5	1000	0.1	317	1135480472622265100
0.5	1000	0.2	317	1887267003019984600
0.5	1000	0.4	317	1197243267971595800
0.5	10000	0.1	317	348649456866495600
0.5	10000	0.2	317	2303279555213709300
0.5	10000	0.4	317	543692312611135360
1	1000	0.1	317	1750523966297253e3
1	1000	0.2	317	1948486355935832600
1	1000	0.4	317	1334349155372312600
1	10000	0.1	317	1893019257261575400
1	10000	0.2	317	1927142144231637800
1	10000	0.4	317	1109184793795509800
2	1000	0.1	317	2210527549111892500
2	1000	0.2	317	1977039006957537500
2	1000	0.4	317	1363938614795032e3
2	10000	0.1	317	1192595398164823e3
2	10000	0.2	317	1786275557871685400
2	10000	0.4	317	2014296268170091800
4	1000	0.1	317	26468389594086712
4	1000	0.2	317	2212791820927189500
4	1000	0.4	317	558795567929133440
4	10000	0.1	317	325267608430976400
4	10000	0.2	317	1784510571238748400
4	10000	0.4	317	2247832077366585600
0.5	1000	0.1	318	1257342705542077e3
0.5	1000	0.2	318	501373106940528700
0.5	1000	0.4	318	5.1564918358069203e+17
0.5	10000	0.1	318	1522146546328543700
0.5	10000	0.2	318	1967202802464806700
0.5	10000	0.4	318	1573187236309823500
1	1000	0.1	318	267154946162219260
1	1000	0.2	318	793440757432534500
1	1000	0.4	318	1913932121414862e3
1	10000	0.1	318	212143375540949300
1	10000	0.2	318	848289406955578200
1	10000	0.4	318	518869146680348160
2	1000	0.1	318	748429092274457300
2	1000	0.2	318	1699347904436165600
2	1000	0.4	318	797823889573460100
2	10000	0.1	318	1458997200651550700
2	10000	0.2	318	261973064683863840
2	10000	0.4	318	787524434362179700
4	1000	0.1	318	1978996811702487e3
4	1000	0.2	318	1902222786811951400
4	1000	0.4	318	1707791448560651500
4	10000	0.1	318	838129246168530400
4	10000	0.2	318	228258255880132200
4	10000	0.4	318	847487850962491900
0.5	1000	0.1	319	226690658203150400
0.5	1000	0.2	319	594061381868617700
0.5	1000	0.4	319	2083504895278443300
0.5	10000	0.1	319	157190739675934560
0.5	10000	0.2	319	916921558604576300
0.5	10000	0.4	319	1952902838694397400
1	1000	0.1	319	7.2589487653219994e+17
1	1000	0.2	319	1036215170110379400
1	1000	0.4	319	478088024112102400
1	10000	0.1	319	1163905064502265900
1	10000	0.2	319	1916958496800846800
1	10000	0.4	319	913898245552480600
2	1000	0.1	319	1099976607476742500
2	1000	0.2	319	2016602688720337400
2	1000	0.4	319	1715978221115427800
2	10000	0.1	319	1619333985885033200
2	10000	0.2	319	2058769304868804600
2	10000	0.4	319	820077431795544400
4	1000	0.1	319	1860308292779100400
4	1000	0.2	319	2018451202442809600
4	1000	0.4	319	2181697678696856300
4	10000	0.1	319	1645237971396748500
4	10000	0.2	319	1009175121582477e3
4	10000	0.4	319	593375739969211500
0.5	1000	0.1	320	500267742922598140
0.5	1000	0.2	320	1545192086932773400
0.5	1000	0.4	320	2273786631831919400
0.5	10000	0.1	320	1468983324346952e3
0.5	10000	0.2	320	1868512855500113700
0.5	10000	0.4	320	1283111165228137500
1	1000	0.1	320	1017786833104427600
1	1000	0.2	320	15654025868850228
1	1000	0.4	320	146216708927480770
1	10000	0.1	320	1105408596494587600
1	10000	0.2	320	1562782386064257300
1	10000	0.4	320	1428444414280166400
2	1000	0.1	320	509944898457401400
2	1000	0.2	320	795839801768768100
2	1000	0.4	320	1017639658400033300
2	10000	0.1	320	193930591417175740
2	10000	0.2	320	2072771785073109800
2	10000	0.4	320	385206941464581e3
4	1000	0.1	320	328374464067690940
4	1000	0.2	320	379531351862629900
4	1000	0.4	320	1361390401504768e3
4	10000	0.1	320	612576855308523900
4	10000	0.2	320	732810376320231800
4	10000	0.4	320	1221241768575918600
0.5	1000	0.1	321	1296677881630179600
0.5	1000	0.2	321	989077227970977900
0.5	1000	0.4	321	987221361192048400
0.5	10000	0.1	321	879757903768703500
0.5	10000	0.2	321	1585982982366351e3
0.5	10000	0.4	321	490350381923685300
1	1000	0.1	321	71671944006304816
1	1000	0.2	321	1039553994760776800
1	1000	0.4	321	343016710341036200
1	10000	0.1	321	632937662835321e3
1	10000	0.2	321	671393293712409100
1	10000	0.4	321	647829359545300200
2	1000	0.1	321	97278128299952320
2	1000	0.2	321	671819416048976600
2	1000	0.4	321	1766614847307768800
2	10000	0.1	321	1662020463947579e3
2	10000	0.2	321	1481775002392001300
2	10000	0.4	321	1842643500807223e3
4	1000	0.1	321	6.5764794093762406e+17
4	1000	0.2	321	1242834706577987e3
4	1000	0.4	321	1793301261990365200
4	10000	0.1	321	1918727653914236200
4	10000	0.2	321	271058973741118180
4	10000	0.4	321	722475055840521e3
0.5	1000	0.1	322	2178292868103594e3
0.5	1000	0.2	322	50249024045883744
0.5	1000	0.4	322	1150224581767931500
0.5	10000	0.1	322	1080342442047771400
0.5	10000	0.2	322	279294831101913020
0.5	10000	0.4	322	646403726555438700
1	1000	0.1	322	793782850021277600
1	1000	0.2	322	1046727131382810200
1	1000	0.4	322	59753848386404784
1	10000	0.1	322	948855115642704900
1	10000	0.2	322	1458239530460545300
1	10000	0.4	322	499335084263374400
2	1000	0.1	322	23786485897572080
2	1000	0.2	322	1708330547550422800
2	1000	0.4	322	1539837961783006200
2	10000	0.1	322	848571794497314e3
2	10000	0.2	322	1480921687640264e3
2	10000	0.4	322	1281416556212419600
4	1000	0.1	322	1321040118102959600
4	1000	0.2	322	1849387081127549700
4	1000	0.4	322	508392563428560300
4	10000	0.1	322	1646728010995957800
4	10000	0.2	322	1664147248284589e3
4	10000	0.4	322	1856525632740375600
0.5	1000	0.1	323	1240566643187163600
0.5	1000	0.2	323	283702008900442240
0.5	1000	0.4	323	1183610127485393400
0.5	10000	0.1	323	1635821692679038700
0.5	10000	0.2	323	465165352487354300
0.5	10000	0.4	323	549583934647000640
1	1000	0.1	323	9880149578591034
1	1000	0.2	323	1840272473271975e3
1	1000	0.4	323	2256858639265699800
1	10000	0.1	323	1664308736452569900
1	10000	0.2	323	1599383614463339500
1	10000	0.4	323	1.8241734660878118e+17
2	1000	0.1	323	1413394338678204e3
2	1000	0.2	323	923474143750066600
2	1000	0.4	323	2154304692407491600
2	10000	0.1	323	1.6733167596633558e+17
2	10000	0.2	323	325727323053439800
2	10000	0.4	323	1925164008666007e3
4	1000	0.1	323	1239674041564207600
4	1000	0.2	323	2275564535355315700
4	1000	0.4	323	1641340016103512300
4	10000	0.1	323	1799666535944116700
4	10000	0.2	323	1325982923236730400
4	10000	0.4	323	893904521678967700
0.5	1000	0.1	324	5.3251475194606483e+17
0.5	1000	0.2	324	301557823331142500
0.5	1000	0.4	324	739073526316585500
0.5	10000	0.1	324	1963904889488322600
0.5	10000	0.2	324	1731389118540154600
0.5	10000	0.4	324	2024256330884229400
1	1000	0.1	324	1935769558774620400
1	1000	0.2	324	412726703885553860
1	1000	0.4	324	982463129505500200
1	10000	0.1	324	2227848830458808300
1	10000	0.2	324	666578611954227600
1	10000	0.4	324	1466289290867623700
2	1000	0.1	324	548920604080546200
2	1000	0.2	324	1325403978884382200
2	1000	0.4	324	848637565402546400
2	10000	0.1	324	1699226210548893400
2	10000	0.2	324	1696923413968578600
2	10000	0.4	324	71960602483649896
4	1000	0.1	324	322623506834061440
4	1000	0.2	324	4252603814882254
4	1000	0.4	324	1075704717897676200
4	10000	0.1	324	1982347785009621e3
4	10000	0.2	324	456602053331793900
4	10000	0.4	324	819715203504727400
0.5	1000	0.1	325	290488927489556740
0.5	1000	0.2	325	564740055673800300
0.5	1000	0.4	325	1742373968229223400
0.5	10000	0.1	325	1172555256013739300
0.5	10000	0.2	325	786681232829531900
0.5	10000	0.4	325	1390929650722225700
1	1000	0.1	325	1889857998610983400
1	1000	0.2	325	859615999835391900
1	1000	0.4	325	1076558343097915e3
1	10000	0.1	325	1260747771389610800
1	10000	0.2	325	1829593409017687600
1	10000	0.4	325	864731878451981700
2	1000	0.1	325	754245704034741600
2	1000	0.2	325	2196167706068045800
2	1000	0.4	325	1881976426963604500
2	10000	0.1	325	724160847969657100
2	10000	0.2	325	1773446736957433300
2	10000	0.4	325	269624997596436060
4	1000	0.1	325	1830040972391287800
4	1000	0.2	325	401696322357487300
4	1000	0.4	325	228021781623836600
4	10000	0.1	325	2029013157326110200
4	10000	0.2	325	2293482809946167800
4	10000	0.4	325	1854912359126610200
0.5	1000	0.1	326	408622840279239940
0.5	1000	0.2	326	1574818380574584600
0.5	1000	0.4	326	9001207111364792
0.5	10000	0.1	326	615805803994492800
0.5	10000	0.2	326	1575410930155245600
0.5	10000	0.4	326	1550606156502655e3
1	1000	0.1	326	780392137805775400
1	1000	0.2	326	1878079065484038400
1	1000	0.4	326	648410148600717600
1	10000	0.1	326	535955409956750140
1	10000	0.2	326	1246991249211199700
1	10000	0.4	326	780785395055801500
2	1000	0.1	326	1495916415697444e3
2	1000	0.2	326	3873191207446457
2	1000	0.4	326	1513932777536281900
2	10000	0.1	326	301774264027126700
2	10000	0.2	326	1141367760859488300
2	10000	0.4	326	1722623779028869600
4	1000	0.1	326	175922196787251200
4	1000	0.2	326	708737660545284500
4	1000	0.4	326	1086503934792977800
4	10000	0.1	326	578593046571426400
4	10000	0.2	326	705012153594713100
4	10000	0.4	326	1987251019941102e3
0.5	1000	0.1	327	537027456528542100
0.5	1000	0.2	327	872531298467064400
0.5	1000	0.4	327	2166833676379911700
0.5	10000	0.1	327	1523943781928322800
0.5	10000	0.2	327	1942283815534359600
0.5	10000	0.4	327	89742285791586900
1	1000	0.1	327	1247721430139986700
1	1000	0.2	327	1287661627966564e3
1	1000	0.4	327	1811625298232624600
1	10000	0.1	327	2272754171689122800
1	10000	0.2	327	2091346398557212400
1	10000	0.4	327	1380544923563031e3
2	1000	0.1	327	137899384549423330
2	1000	0.2	327	628607184475348900
2	1000	0.4	327	1222158697074490400
2	10000	0.1	327	1463677137272774100
2	10000	0.2	327	873831500974089e3
2	10000	0.4	327	456440126452431e3
4	1000	0.1	327	1036440699956758300
4	1000	0.2	327	1434590092548565e3
4	1000	0.4	327	2219311113362915800
4	10000	0.1	327	1204327055257115600
4	10000	0.2	327	464363622960362e3
4	10000	0.4	327	1243575144207147800
0.5	1000	0.1	328	1807748353525078e3
0.5	1000	0.2	328	989270892607390500
0.5	1000	0.4	328	1290629613811986700
0.5	10000	0.1	328	2074474007212891e3
0.5	10000	0.2	328	1699915300278824400
0.5	10000	0.4	328	1206465166586223600
1	1000	0.1	328	531187156218800600
1	1000	0.2	328	1290466729119267800
1	1000	0.4	328	222724854774281e4
1	10000	0.1	328	952747302341836400
1	10000	0.2	328	1040927152029781100
1	10000	0.4	328	1230317093577000400
2	1000	0.1	328	752124729725601300
2	1000	0.2	328	1996112025769906200
2	1000	0.4	328	7.4640000596960806e+17
2	10000	0.1	328	2131772195972587300
2	10000	0.2	328	329606267994323140
2	10000	0.4	328	1652755185725378e3
4	1000	0.1	328	1871702230268602400
4	1000	0.2	328	568645333253746500
4	1000	0.4	328	1670861893734413300
4	10000	0.1	328	3.1794856998877683e+17
4	10000	0.2	328	1270537530505023e3
4	10000	0.4	328	1423667551147129300
0.5	1000	0.1	329	2228495044485724700
0.5	1000	0.2	329	1939215665900457200
0.5	1000	0.4	329	1602814377112035600
0.5	10000	0.1	329	1268668285820591400
0.5	10000	0.2	329	1456473643695479e3
0.5	10000	0.4	329	1825767259209090300
1	1000	0.1	329	693795389220918100
1	1000	0.2	329	1975600900863603200
1	1000	0.4	329	2015102536623352300
1	10000	0.1	329	363104304971231500
1	10000	0.2	329	431231300467321860
1	10000	0.4	329	1867797746671931400
2	1000	0.1	329	1970559407683722200
2	1000	0.2	329	291234783945074200
2	1000	0.4	329	630140868342204800
2	10000	0.1	329	1632728404008277e3
2	10000	0.2	329	2050807642910244400
2	10000	0.4	329	1684631787312835e3
4	1000	0.1	329	2.9256205438689843e+17
4	1000	0.2	329	262743294675728500
4	1000	0.4	329	1384240330117471700
4	10000	0.1	329	79707258708791460
4	10000	0.2	329	194992380866946270
4	10000	0.4	329	1830341842546548200
0.5	1000	0.1	330	2208933885762970600
0.5	1000	0.2	330	779036618981284e3
0.5	1000	0.4	330	1388387361002606300
0.5	10000	0.1	330	1566442892931924e3
0.5	10000	0.2	330	547900358416233400
0.5	10000	0.4	330	83888668391222300
1	1000	0.1	330	820339431971947900
1	1000	0.2	330	1143393436621354400
1	1000	0.4	330	1604178803074247700
1	10000	0.1	330	1715553866531660300
1	10000	0.2	330	97887055130646080
1	10000	0.4	330	1638594991281247e3
2	1000	0.1	330	8.8262098668084006e+17
2	1000	0.2	330	5.5572009181587597e+17
2	1000	0.4	330	1379624792702341600
2	10000	0.1	330	55721349710933370
2	10000	0.2	330	1425650352895029500
2	10000	0.4	330	1789242011437697e3
4	1000	0.1	330	1507886030212571600
4	1000	0.2	330	1356502455338142e3
4	1000	0.4	330	2178685769602562e3
4	10000	0.1	330	346993137345701500
4	10000	0.2	330	2245698072545081900
4	10000	0.4	330	504036351449566460
0.5	1000	0.1	331	1522989211309333500
0.5	1000	0.2	331	357305606992082800
0.5	1000	0.4	331	1868866726622972e3
0.5	10000	0.1	331	1737868841439326500
0.5	10000	0.2	331	2187185573248103e3
0.5	10000	0.4	331	688155922085490600
1	1000	0.1	331	221418396009087680
1	1000	0.2	331	735546713672199e3
1	1000	0.4	331	2092073073411946200
1	10000	0.1	331	948145044775466800
1	10000	0.2	331	2099370906272323e3
1	10000	0.4	331	1762151366477182700
2	1000	0.1	331	893793459993744900
2	1000	0.2	331	1143740662934050300
2	1000	0.4	331	1535648632570287e3
2	10000	0.1	331	2269869218158973200
2	10000	0.2	331	1622801106334278700
2	10000	0.4	331	18138316463587740
4	1000	0.1	331	1010190229134425700
4	1000	0.2	331	515422903108738e3
4	1000	0.4	331	423262307561864260
4	10000	0.1	331	1354155061459819500
4	10000	0.2	331	74825333703784720
4	10000	0.4	331	1839358851575656e3
0.5	1000	0.1	332	1306751190519104300
0.5	1000	0.2	332	986553050479197200
0.5	1000	0.4	332	1331562971129915600
0.5	10000	0.1	332	1556749773513498e3
0.5	10000	0.2	332	1743040851288901600
0.5	10000	0.4	332	1411865778090678800
1	1000	0.1	332	1352203560825375200
1	1000	0.2	332	1760109868541884400
1	1000	0.4	332	5.5112717153060883e+17
1	10000	0.1	332	1191270382996818700
1	10000	0.2	332	2206321835117617700
1	10000	0.4	332	1607205182979390700
2	1000	0.1	332	205223420443191230
2	1000	0.2	332	728839400827804900
2	1000	0.4	332	1182246598014243300
2	10000	0.1	332	875756518458523e3
2	10000	0.2	332	1960989728889405400
2	10000	0.4	332	451840302630804300
4	1000	0.1	332	2119922221092536300
4	1000	0.2	332	815338541616024200
4	1000	0.4	332	858306056893393e3
4	10000	0.1	332	885262469440422700
4	10000	0.2	332	563567827111256960
4	10000	0.4	332	1710184499270548200
0.5	1000	0.1	333	1116754632643942400
0.5	1000	0.2	333	2061339203261274e3
0.5	1000	0.4	333	1647749335475837400
0.5	10000	0.1	333	697871855647890800
0.5	10000	0.2	333	668877054353728800
0.5	10000	0.4	333	1276582812136532e3
1	1000	0.1	333	1549845926650713300
1	1000	0.2	333	687588488540302800
1	1000	0.4	333	587477318111442200
1	10000	0.1	333	240540327637288160
1	10000	0.2	333	704794981992161700
1	10000	0.4	333	1331246636798727400
2	1000	0.1	333	438689117823798460
2	1000	0.2	333	1709906768736752400
2	1000	0.4	333	1241992121567196200
2	10000	0.1	333	2235810598896998400
2	10000	0.2	333	2048128604391263700
2	10000	0.4	333	1711799532785464800
4	1000	0.1	333	2151239903627407e3
4	1000	0.2	333	1465090088502930400
4	1000	0.4	333	1091682019405557800
4	10000	0.1	333	2294571147051402800
4	10000	0.2	333	934676839766443100
4	10000	0.4	333	115105970855883e4
0.5	1000	0.1	334	631522212436656e3
0.5	1000	0.2	334	192625894522443650
0.5	1000	0.4	334	563558454286546800
0.5	10000	0.1	334	1061981507628950400
0.5	10000	0.2	334	989874063667941200
0.5	10000	0.4	334	1287769540708768300
1	1000	0.1	334	1426001412246622200
1	1000	0.2	334	248773525416058400
1	1000	0.4	334	1698905092963831e3
1	10000	0.1	334	99200562129144e4
1	10000	0.2	334	628991973368178300
1	10000	0.4	334	1735767990930607e3
2	1000	0.1	334	2235321000059663e3
2	1000	0.2	334	2263367739278854100
2	1000	0.4	334	793194600361472300
2	10000	0.1	334	1733923680616161e3
2	10000	0.2	334	61721145222315010
2	10000	0.4	334	1797955044162464800
4	1000	0.1	334	1435930389325975600
4	1000	0.2	334	483721200119564540
4	1000	0.4	334	683415625298649100
4	10000	0.1	334	45331816363300240
4	10000	0.2	334	1249205603930778e3
4	10000	0.4	334	1979037185238462e3
0.5	1000	0.1	335	1356236619294106400
0.5	1000	0.2	335	116166248888085680
0.5	1000	0.4	335	502932089314420540
0.5	10000	0.1	335	248145174288919740
0.5	10000	0.2	335	2150329804126476500
0.5	10000	0.4	335	749304184607563900
1	1000	0.1	335	833013369023535200
1	1000	0.2	335	1901233825190797800
1	1000	0.4	335	1740603784766045400
1	10000	0.1	335	1770243364560815600
1	10000	0.2	335	61464991095914e4
1	10000	0.4	335	459415551263159700
2	1000	0.1	335	1371085778972941e3
2	1000	0.2	335	821374573845623200
2	1000	0.4	335	2304853363631983400
2	10000	0.1	335	733222114209560700
2	10000	0.2	335	228184021862875070
2	10000	0.4	335	297969040003165440
4	1000	0.1	335	872948454226039700
4	1000	0.2	335	2113584351468379e3
4	1000	0.4	335	532008383193418560
4	10000	0.1	335	182286905414044e4
4	10000	0.2	335	2108389607226365700
4	10000	0.4	335	1646593168471563300
0.5	1000	0.1	336	2261387223708718600
0.5	1000	0.2	336	1877588184183307300
0.5	1000	0.4	336	1049347636561961200
0.5	10000	0.1	336	106211332450811950
0.5	10000	0.2	336	553378725986227300
0.5	10000	0.4	336	173478905949414240
1	1000	0.1	336	1664367132849037e3
1	1000	0.2	336	1106860794894483e3
1	1000	0.4	336	1645972332641520400
1	10000	0.1	336	675552351498786200
1	10000	0.2	336	213235555669608160
1	10000	0.4	336	2115907169509287700
2	1000	0.1	336	1057803612354175e3
2	1000	0.2	336	1905691451567342300
2	1000	0.4	336	1.0435869370901979e+17
2	10000	0.1	336	1078728433689551400
2	10000	0.2	336	2217052910004452900
2	10000	0.4	336	2290479848598281e3
4	1000	0.1	336	893056346505436800
4	1000	0.2	336	2271347248840136200
4	1000	0.4	336	243333960123817950
4	10000	0.1	336	878289085440092200
4	10000	0.2	336	1174520946927241e3
4	10000	0.4	336	1846115896366516200
0.5	1000	0.1	337	981614855067005200
0.5	1000	0.2	337	747641056829087700
0.5	1000	0.4	337	1916052323411069200
0.5	10000	0.1	337	553145730778610560
0.5	10000	0.2	337	697302239808384800
0.5	10000	0.4	337	1551570536600641500
1	1000	0.1	337	1452338407913255e3
1	1000	0.2	337	1009112376164272800
1	1000	0.4	337	625355088164987800
1	10000	0.1	337	409526968319560060
1	10000	0.2	337	1221420126468454400
1	10000	0.4	337	1699549259180631300
2	1000	0.1	337	22727431265571592
2	1000	0.2	337	2214989939629689300
2	1000	0.4	337	740658582346800100
2	10000	0.1	337	626048560906004500
2	10000	0.2	337	1313001935035965200
2	10000	0.4	337	140392462884411500
4	1000	0.1	337	82789398425376940
4	1000	0.2	337	1786158946115542e3
4	1000	0.4	337	2280461604633276200
4	10000	0.1	337	833123444278135300
4	10000	0.2	337	825859389115415200
4	10000	0.4	337	1222711856752115500
0.5	1000	0.1	338	1990815361229673200
0.5	1000	0.2	338	1754926176862727200
0.5	1000	0.4	338	1021578785165941600
0.5	10000	0.1	338	487824384180679100
0.5	10000	0.2	338	2009158221691289600
0.5	10000	0.4	338	278685330748632220
1	1000	0.1	338	1027833541658360600
1	1000	0.2	338	309550905418846140
1	1000	0.4	338	1550638579724983800
1	10000	0.1	338	968691142525291800
1	10000	0.2	338	867604957328817900
1	10000	0.4	338	4794692441893517
2	1000	0.1	338	101395023812567820
2	1000	0.2	338	821877433004202900
2	1000	0.4	338	7314014934081893
2	10000	0.1	338	1605626609750493700
2	10000	0.2	338	48041911096464336
2	10000	0.4	338	877835491281648800
4	1000	0.1	338	1443069941111572200
4	1000	0.2	338	1079777236361104500
4	1000	0.4	338	2128905710173664e3
4	10000	0.1	338	550250718865878500
4	10000	0.2	338	573747416517323840
4	10000	0.4	338	1379734096801802800
0.5	1000	0.1	339	396125596883173e3
0.5	1000	0.2	339	465931214240200700
0.5	1000	0.4	339	1029147591818045200
0.5	10000	0.1	339	1612453152853278500
0.5	10000	0.2	339	880265156015680500
0.5	10000	0.4	339	784617570779703300
1	1000	0.1	339	2163318545469697500
1	1000	0.2	339	502859856004466600
1	1000	0.4	339	741480047944548700
1	10000	0.1	339	1484617327669056e3
1	10000	0.2	339	771130449387651300
1	10000	0.4	339	1084067749303693800
2	1000	0.1	339	2276571409438273e3
2	1000	0.2	339	1199187459800327200
2	1000	0.4	339	2047014404920153300
2	10000	0.1	339	1272763945241489200
2	10000	0.2	339	2035458435260505e3
2	10000	0.4	339	119240389997903620
4	1000	0.1	339	1987502716121111600
4	1000	0.2	339	2218467933337772500
4	1000	0.4	339	1052627139113881300
4	10000	0.1	339	1192099856968579800
4	10000	0.2	339	224671275107624200
4	10000	0.4	339	2256874147063763200
0.5	1000	0.1	340	1422098744226818600
0.5	1000	0.2	340	295660548221230500
0.5	1000	0.4	340	140052101395724e4
0.5	10000	0.1	340	268012752092554850
0.5	10000	0.2	340	2097236593812508200
0.5	10000	0.4	340	275541332913562850
1	1000	0.1	340	2245704835627555800
1	1000	0.2	340	1706300517766581800
1	1000	0.4	340	5.7550001377185517e+17
1	10000	0.1	340	1480002032592193e3
1	10000	0.2	340	2118743185481494800
1	10000	0.4	340	821275784980301200
2	1000	0.1	340	627398063963842200
2	1000	0.2	340	361436706008040500
2	1000	0.4	340	901602076463836800
2	10000	0.1	340	1622459058689578500
2	10000	0.2	340	1.5542724988992522e+17
2	10000	0.4	340	542618385489027650
4	1000	0.1	340	2238874486014088e3
4	1000	0.2	340	1374634664240813600
4	1000	0.4	340	2011947873559507500
4	10000	0.1	340	1165670074288019e3
4	10000	0.2	340	1144185642622520600
4	10000	0.4	340	983796238205099600
0.5	1000	0.1	341	2172276962964340500
0.5	1000	0.2	341	1599431463487634200
0.5	1000	0.4	341	110338411952411900
0.5	10000	0.1	341	102506636882488380
0.5	10000	0.2	341	885592549337012900
0.5	10000	0.4	341	2239108500601098e3
1	1000	0.1	341	1510401950785676500
1	1000	0.2	341	1105871866386766800
1	1000	0.4	341	1180593932901335300
1	10000	0.1	341	413623966884575500
1	10000	0.2	341	489003622814734600
1	10000	0.4	341	1584945744999063600
2	1000	0.1	341	1171934907539367700
2	1000	0.2	341	209591765320027700
2	1000	0.4	341	1668119180956078e3
2	10000	0.1	341	202921682141110880
2	10000	0.2	341	375735884306641150
2	10000	0.4	341	192414783677135230
4	1000	0.1	341	1751357763417346300
4	1000	0.2	341	885750941356799500
4	1000	0.4	341	604239555221812100
4	10000	0.1	341	1377371405901782500
4	10000	0.2	341	2077700032793725200
4	10000	0.4	341	842072708077285900
0.5	1000	0.1	342	1911568169628662e3
0.5	1000	0.2	342	854932219183093400
0.5	1000	0.4	342	974284926071578500
0.5	10000	0.1	342	1368786880412850700
0.5	10000	0.2	342	305085353466729500
0.5	10000	0.4	342	1881042667610818600
1	1000	0.1	342	1551797509485544e3
1	1000	0.2	342	1218750802513636400
1	1000	0.4	342	641713567209559800
1	10000	0.1	342	784680356475040100
1	10000	0.2	342	282271332843981100
1	10000	0.4	342	1379729504580996400
2	1000	0.1	342	732989575908751600
2	1000	0.2	342	98900875426665260
2	1000	0.4	342	1547743315161817300
2	10000	0.1	342	7396464391845827
2	10000	0.2	342	786305176857195400
2	10000	0.4	342	1041452979670563700
4	1000	0.1	342	1042531438392529800
4	1000	0.2	342	24307070574005424
4	1000	0.4	342	2.5131895879988042e+17
4	10000	0.1	342	1251369211129660400
4	10000	0.2	342	102838935438730530
4	10000	0.4	342	103304725828174670
0.5	1000	0.1	343	1486449811719100400
0.5	1000	0.2	343	2302630145247344600
0.5	1000	0.4	343	1559346861427202800
0.5	10000	0.1	343	767486525287466900
0.5	10000	0.2	343	1016450177416296700
0.5	10000	0.4	343	320832004585141700
1	1000	0.1	343	1418479034814884400
1	1000	0.2	343	861597717071609500
1	1000	0.4	343	1947836316239170800
1	10000	0.1	343	511772961815866240
1	10000	0.2	343	1166952556194250800
1	10000	0.4	343	500415025758009660
2	1000	0.1	343	2079226695600195800
2	1000	0.2	343	910263002989993900
2	1000	0.4	343	2212526670692573700
2	10000	0.1	343	468332639202172600
2	10000	0.2	343	134518751854352e4
2	10000	0.4	343	1562893428991048700
4	1000	0.1	343	1507967316156357400
4	1000	0.2	343	1013775873895658200
4	1000	0.4	343	434482202606621440
4	10000	0.1	343	1870740279423348500
4	10000	0.2	343	49509084582938936
4	10000	0.4	343	2243144214977080800
0.5	1000	0.1	344	154487896299564e4
0.5	1000	0.2	344	1218223790538198300
0.5	1000	0.4	344	552979476911448300
0.5	10000	0.1	344	2088501602526943e3
0.5	10000	0.2	344	244559407973117820
0.5	10000	0.4	344	133480793255875100
1	1000	0.1	344	319777015454248260
1	1000	0.2	344	1059004706410853400
1	1000	0.4	344	1348930292006641e3
1	10000	0.1	344	1599657730164242e3
1	10000	0.2	344	2209934549548036e3
1	10000	0.4	344	1103306757342305900
2	1000	0.1	344	75532115623509920
2	1000	0.2	344	1402082501655388400
2	1000	0.4	344	431486177290567550
2	10000	0.1	344	1819798857216547300
2	10000	0.2	344	1211082661390077e3
2	10000	0.4	344	61442100648814310
4	1000	0.1	344	1807609410670963500
4	1000	0.2	344	1588361352501991700
4	1000	0.4	344	2084726432402387500
4	10000	0.1	344	655657967226080300
4	10000	0.2	344	153577719629017340
4	10000	0.4	344	1706473822318375e3
0.5	1000	0.1	345	1238672532549344e3
0.5	1000	0.2	345	157703419965578300
0.5	1000	0.4	345	2018860957029307e3
0.5	10000	0.1	345	47318590027311736
0.5	10000	0.2	345	1509394181961673200
0.5	10000	0.4	345	1983190242146214e3
1	1000	0.1	345	1425876733973075e3
1	1000	0.2	345	1936281029640921600
1	1000	0.4	345	132185095284377920
1	10000	0.1	345	1990891277951939800
1	10000	0.2	345	343805230398911e3
1	10000	0.4	345	1376431038670329e3
2	1000	0.1	345	1630615035240930800
2	1000	0.2	345	456118256864428100
2	1000	0.4	345	1938787120368613400
2	10000	0.1	345	770499278136756e3
2	10000	0.2	345	2174516912248031700
2	10000	0.4	345	1576611781814916600
4	1000	0.1	345	356883502401474300
4	1000	0.2	345	912646491338588800
4	1000	0.4	345	2206645189524122e3
4	10000	0.1	345	1709647740899310600
4	10000	0.2	345	877703159533243800
4	10000	0.4	345	573602231847138240
0.5	1000	0.1	346	1667994027809756700
0.5	1000	0.2	346	479945805351565440
0.5	1000	0.4	346	306356640183899700
0.5	10000	0.1	346	1290785722434573800
0.5	10000	0.2	346	1203219106596212500
0.5	10000	0.4	346	1511951841530286300
1	1000	0.1	346	29226939332225136
1	1000	0.2	346	1015884325615146400
1	1000	0.4	346	1049873116108914e3
1	10000	0.1	346	488029402608513400
1	10000	0.2	346	2.2128820834515562e+17
1	10000	0.4	346	798521050508362600
2	1000	0.1	346	25415369036680148
2	1000	0.2	346	1692708966344883e3
2	1000	0.4	346	1737675576897206300
2	10000	0.1	346	1607289946111213e3
2	10000	0.2	346	256092835476311520
2	10000	0.4	346	2134881104047795e3
4	1000	0.1	346	1590051171947632400
4	1000	0.2	346	1689015299885744600
4	1000	0.4	346	273807803438986430
4	10000	0.1	346	2198062279109665500
4	10000	0.2	346	1263213592360560400
4	10000	0.4	346	590551107742411100
0.5	1000	0.1	347	1547598169913434e3
0.5	1000	0.2	347	950012896642531800
0.5	1000	0.4	347	836499319798671200
0.5	10000	0.1	347	320028663713677760
0.5	10000	0.2	347	659186305697711400
0.5	10000	0.4	347	717525618324457e3
1	1000	0.1	347	844030008147081700
1	1000	0.2	347	135519710165121150
1	1000	0.4	347	1006247240546530400
1	10000	0.1	347	943038928017414400
1	10000	0.2	347	1393185819684172800
1	10000	0.4	347	1508740882981784600
2	1000	0.1	347	1186246025464738300
2	1000	0.2	347	1417094991399156700
2	1000	0.4	347	1509489251451303400
2	10000	0.1	347	537964015987816400
2	10000	0.2	347	1294686600945275
2	10000	0.4	347	575770774640055600
4	1000	0.1	347	543323329788665540
4	1000	0.2	347	1907552433960723e3
4	1000	0.4	347	2194776258840502e3
4	10000	0.1	347	971819169070098e3
4	10000	0.2	347	2190243828370838800
4	10000	0.4	347	1219222581120499200
0.5	1000	0.1	348	534928771810743700
0.5	1000	0.2	348	350609826212607800
0.5	1000	0.4	348	1851858352679592e3
0.5	10000	0.1	348	2010801149907534800
0.5	10000	0.2	348	1419884323346325200
0.5	10000	0.4	348	1787749316651913700
1	1000	0.1	348	1624665183240507100
1	1000	0.2	348	908703140688215800
1	1000	0.4	348	1009930248586212900
1	10000	0.1	348	178679137657660350
1	10000	0.2	348	1505308156242097e3
1	10000	0.4	348	1462971370918230800
2	1000	0.1	348	372127630593650300
2	1000	0.2	348	946954347380951200
2	1000	0.4	348	199935804411878980
2	10000	0.1	348	2097964789667765500
2	10000	0.2	348	778472417897326700
2	10000	0.4	348	631427929020941400
4	1000	0.1	348	1087403480990880500
4	1000	0.2	348	1448426642073746200
4	1000	0.4	348	1197131006283864e3
4	10000	0.1	348	12564309804779834
4	10000	0.2	348	855000048053144400
4	10000	0.4	348	915425670548449500
0.5	1000	0.1	349	139692272142382620
0.5	1000	0.2	349	1281193528550234e3
0.5	1000	0.4	349	452414255107410300
0.5	10000	0.1	349	1527324468981820200
0.5	10000	0.2	349	1502680998155527200
0.5	10000	0.4	349	1399168367640724e3
1	1000	0.1	349	1737100346074804700
1	1000	0.2	349	944131811546142500
1	1000	0.4	349	414303849873740350
1	10000	0.1	349	5.2794577621295123e+17
1	10000	0.2	349	1499842157477701600
1	10000	0.4	349	2030871955481462300
2	1000	0.1	349	1991931714825636400
2	1000	0.2	349	2025816693610027800
2	1000	0.4	349	759564517310236500
2	10000	0.1	349	2083042382072700200
2	10000	0.2	349	1926959001694527700
2	10000	0.4	349	897535079774495700
4	1000	0.1	349	1826158823667479e3
4	1000	0.2	349	1786415570115463400
4	1000	0.4	349	1023907612597781600
4	10000	0.1	349	1565188193588505e3
4	10000	0.2	349	1625409071491806700
4	10000	0.4	349	4.2232823438436397e+17
0.5	1000	0.1	350	406854145229659100
0.5	1000	0.2	350	929260694332160500
0.5	1000	0.4	350	1554346584755876900
0.5	10000	0.1	350	1764643358358776800
0.5	10000	0.2	350	1737401476054391300
0.5	10000	0.4	350	134764700331099710
1	1000	0.1	350	145761873202646900
1	1000	0.2	350	1189067985710738e3
1	1000	0.4	350	949959590572258700
1	10000	0.1	350	201099781933490180
1	10000	0.2	350	1024052383585946800
1	10000	0.4	350	106382814443066690
2	1000	0.1	350	1143474237807502e3
2	1000	0.2	350	1919045068661081900
2	1000	0.4	350	1549170932729620500
2	10000	0.1	350	273153693541191780
2	10000	0.2	350	1680139356781039e3
2	10000	0.4	350	1075658484178698800
4	1000	0.1	350	362452279547224960
4	1000	0.2	350	1022477695725414900
4	1000	0.4	350	41565042937992160
4	10000	0.1	350	118600328875873200
4	10000	0.2	350	332179687072825500
4	10000	0.4	350	1686138165536713200
0.5	1000	0.1	351	2085771735230630700
0.5	1000	0.2	351	9861822186732764
0.5	1000	0.4	351	283385369134701860
0.5	10000	0.1	351	1013065527833121800
0.5	10000	0.2	351	162692139088764e4
0.5	10000	0.4	351	1093897892457902800
1	1000	0.1	351	897911294435467e3
1	1000	0.2	351	1878361258275310300
1	1000	0.4	351	668752197244661500
1	10000	0.1	351	1343329232223642e3
1	10000	0.2	351	2242202267116421400
1	10000	0.4	351	2129628602458296600
2	1000	0.1	351	289372505098356500
2	1000	0.2	351	171937720097691140
2	1000	0.4	351	202503253997140480
2	10000	0.1	351	2096089155083688e3
2	10000	0.2	351	497843226801379460
2	10000	0.4	351	1628348191169079800
4	1000	0.1	351	1501610846069671400
4	1000	0.2	351	1050805845003115600
4	1000	0.4	351	895421057796799500
4	10000	0.1	351	1526390884285990400
4	10000	0.2	351	899587235608799600
4	10000	0.4	351	1685455063111299e3
0.5	1000	0.1	352	1941215731561034800
0.5	1000	0.2	352	1373900562486792700
0.5	1000	0.4	352	1916604934630472200
0.5	10000	0.1	352	289209674758159800
0.5	10000	0.2	352	143482057652341420
0.5	10000	0.4	352	1679423082493525500
1	1000	0.1	352	335884555999441150
1	1000	0.2	352	703130265460245900
1	1000	0.4	352	1280452126043308500
1	10000	0.1	352	356761696669477300
1	10000	0.2	352	2257768528138172200
1	10000	0.4	352	300039944518019840
2	1000	0.1	352	2056865869441988900
2	1000	0.2	352	2295110390197938e3
2	1000	0.4	352	2150724849951541200
2	10000	0.1	352	632128448104082600
2	10000	0.2	352	939131524340010500
2	10000	0.4	352	2131285290192374300
4	1000	0.1	352	1013321584304642800
4	1000	0.2	352	2093382724098987500
4	1000	0.4	352	666295917663882600
4	10000	0.1	352	1372578027621858e3
4	10000	0.2	352	3068602467516570
4	10000	0.4	352	364764996283312500
0.5	1000	0.1	353	190837026035502750
0.5	1000	0.2	353	1437479413494139600
0.5	1000	0.4	353	1718481622590323700
0.5	10000	0.1	353	2158752922902906600
0.5	10000	0.2	353	1981343309139187700
0.5	10000	0.4	353	1525544943794549200
1	1000	0.1	353	772255290432701200
1	1000	0.2	353	2142605929165641200
1	1000	0.4	353	557492360903354500
1	10000	0.1	353	1499496573356951e3
1	10000	0.2	353	1245401724567313e3
1	10000	0.4	353	716763600576811900
2	1000	0.1	353	2094679214184858e3
2	1000	0.2	353	855956106128092300
2	1000	0.4	353	1828640599925789200
2	10000	0.1	353	2222165655636050200
2	10000	0.2	353	1597113039247957e3
2	10000	0.4	353	1301187722626540800
4	1000	0.1	353	1670805005929848800
4	1000	0.2	353	2174088394342433300
4	1000	0.4	353	1959924109570018800
4	10000	0.1	353	1027259408210931e3
4	10000	0.2	353	161496063572363e4
4	10000	0.4	353	1796069182913784e3
0.5	1000	0.1	354	1061727385238748200
0.5	1000	0.2	354	683954014513999900
0.5	1000	0.4	354	650044394731887400
0.5	10000	0.1	354	1.3309330387872159e+18
0.5	10000	0.2	354	2139942946311526400
0.5	10000	0.4	354	1263970952921179600
1	1000	0.1	354	866330753787313e3
1	1000	0.2	354	217172628657981630
1	1000	0.4	354	1398373574359513600
1	10000	0.1	354	1470035658977312800
1	10000	0.2	354	2085122007725224700
1	10000	0.4	354	391437030172394600
2	1000	0.1	354	1680538553275816700
2	1000	0.2	354	1465925529978437400
2	1000	0.4	354	746879332643631200
2	10000	0.1	354	1131218945769698800
2	10000	0.2	354	617417795125429800
2	10000	0.4	354	1158013776572447e3
4	1000	0.1	354	2161844709390983200
4	1000	0.2	354	1503181332796708400
4	1000	0.4	354	2164833799349633300
4	10000	0.1	354	156056983426059170
4	10000	0.2	354	35694634919619236
4	10000	0.4	354	1538994719356093400
0.5	1000	0.1	355	1921648555783520800
0.5	1000	0.2	355	1571405927382920200
0.5	1000	0.4	355	2009512501196164900
0.5	10000	0.1	355	464825725621272960
0.5	10000	0.2	355	2195306694064031200
0.5	10000	0.4	355	1923398257423121400
1	1000	0.1	355	1503014579587644e3
1	1000	0.2	355	32413883969378332
1	1000	0.4	355	2020145920549848e3
1	10000	0.1	355	1488397742628819500
1	10000	0.2	355	1324731151194282e3
1	10000	0.4	355	1440086360565444e3
2	1000	0.1	355	1883082184495117300
2	1000	0.2	355	97262303628567808
2	1000	0.4	355	1718590632321474300
2	10000	0.1	355	333409323510811460
2	10000	0.2	355	1215415862316301300
2	10000	0.4	355	554489525841095500
4	1000	0.1	355	1231555465159007e3
4	1000	0.2	355	309977427976104450
4	1000	0.4	355	895537291373015800
4	10000	0.1	355	401360642445905340
4	10000	0.2	355	1989100275819290600
4	10000	0.4	355	818983301866445200
0.5	1000	0.1	356	1170841302242416600
0.5	1000	0.2	356	1279247886457221600
0.5	1000	0.4	356	1767298856813e6
0.5	10000	0.1	356	1392721205489607200
0.5	10000	0.2	356	1090594517763434e3
0.5	10000	0.4	356	633562023431693800
1	1000	0.1	356	1289930997574495700
1	1000	0.2	356	51568885696834656
1	1000	0.4	356	1613657470285335300
1	10000	0.1	356	762749383047082200
1	10000	0.2	356	8.1206362832759194e+17
1	10000	0.4	356	1781670364313864700
2	1000	0.1	356	1025421513238692600
2	1000	0.2	356	2152206461556346600
2	1000	0.4	356	939289516878514200
2	10000	0.1	356	1981491258544517e3
2	10000	0.2	356	1793677139718441e3
2	10000	0.4	356	1168542117210054100
4	1000	0.1	356	937833805523060900
4	1000	0.2	356	2288853320451597800
4	1000	0.4	356	2082636926880374300
4	10000	0.1	356	1595023504684951600
4	10000	0.2	356	266762351666685440
4	10000	0.4	356	276434003020501860
0.5	1000	0.1	357	134083519983507520
0.5	1000	0.2	357	279213248468768770
0.5	1000	0.4	357	397566324066423360
0.5	10000	0.1	357	1102500073799002600
0.5	10000	0.2	357	1229578713820075300
0.5	10000	0.4	357	3351104052777457
1	1000	0.1	357	1241649955954344400
1	1000	0.2	357	474818774996271360
1	1000	0.4	357	1536716172780546e3
1	10000	0.1	357	726824380160907900
1	10000	0.2	357	242069829683275330
1	10000	0.4	357	242264019576141730
2	1000	0.1	357	2092624404564920600
2	1000	0.2	357	1792256934195941e3
2	1000	0.4	357	2154213051007923e3
2	10000	0.1	357	690635074132334300
2	10000	0.2	357	2170336584721688300
2	10000	0.4	357	2030286124048497700
4	1000	0.1	357	1473143060984864300
4	1000	0.2	357	2146540611582533e3
4	1000	0.4	357	2282231813384673800
4	10000	0.1	357	750551769690313e3
4	10000	0.2	357	1660513458957316e3
4	10000	0.4	357	1998903504842139e3
0.5	1000	0.1	358	1691697587448181800
0.5	1000	0.2	358	620915945915246700
0.5	1000	0.4	358	1776565376020460800
0.5	10000	0.1	358	384764878061059140
0.5	10000	0.2	358	211457616545749e4
0.5	10000	0.4	358	1510181351610692e3
1	1000	0.1	358	702785825984902900
1	1000	0.2	358	2122698148994908e3
1	1000	0.4	358	1916474286482814500
1	10000	0.1	358	1843191788364337e3
1	10000	0.2	358	899465487362636800
1	10000	0.4	358	594094073835870200
2	1000	0.1	358	1862736866528791600
2	1000	0.2	358	820619472890733600
2	1000	0.4	358	524227112271331260
2	10000	0.1	358	1427899853263968300
2	10000	0.2	358	361524699837275800
2	10000	0.4	358	589336579631941200
4	1000	0.1	358	35688514312832008
4	1000	0.2	358	2088760882474803200
4	1000	0.4	358	29182385851769908
4	10000	0.1	358	1852268779095272400
4	10000	0.2	358	255360775833394140
4	10000	0.4	358	677035758064982400
0.5	1000	0.1	359	2022458332259303400
0.5	1000	0.2	359	103897049683903490
0.5	1000	0.4	359	662055489296933900
0.5	10000	0.1	359	1683513303249177300
0.5	10000	0.2	359	2015050906914520300
0.5	10000	0.4	359	663613930283385300
1	1000	0.1	359	1873486025762367e3
1	1000	0.2	359	10209140815060242
1	1000	0.4	359	75370561600987792
1	10000	0.1	359	562315870593273600
1	10000	0.2	359	476626911042981300
1	10000	0.4	359	1446164661738588700
2	1000	0.1	359	320744924389013440
2	1000	0.2	359	662903241804878100
2	1000	0.4	359	1383923627256260400
2	10000	0.1	359	818591173639980900
2	10000	0.2	359	2064048821224151300
2	10000	0.4	359	487344922959504500
4	1000	0.1	359	1743788450637036e3
4	1000	0.2	359	550032468645350800
4	1000	0.4	359	629915617121063400
4	10000	0.1	359	1331768753534732300
4	10000	0.2	359	2227654934254882800
4	10000	0.4	359	1.7491702034680522e+17
0.5	1000	0.1	360	1911365375106113e3
0.5	1000	0.2	360	221013099353570940
0.5	1000	0.4	360	517082575171375740
0.5	10000	0.1	360	856606492704278300
0.5	10000	0.2	360	802158857327759700
0.5	10000	0.4	360	1348867315673947100
1	1000	0.1	360	88441609099003740
1	1000	0.2	360	2294343489139265e3
1	1000	0.4	360	1600781777143308500
1	10000	0.1	360	1581113795662204200
1	10000	0.2	360	927787054099360400
1	10000	0.4	360	634535718563319400
2	1000	0.1	360	3.8751704129102483e+17
2	1000	0.2	360	565142177045756500
2	1000	0.4	360	1865530783687606800
2	10000	0.1	360	2227769049679039500
2	10000	0.2	360	2275476330370045400
2	10000	0.4	360	380831367124935550
4	1000	0.1	360	2262803061687534300
4	1000	0.2	360	1127665015487192800
4	1000	0.4	360	2014558803265918e3
4	10000	0.1	360	2251947011395138600
4	10000	0.2	360	636705116805774700
4	10000	0.4	360	1495225084592396300
0.5	1000	0.1	361	1399400319716207e3
0.5	1000	0.2	361	2189702380127094800
0.5	1000	0.4	361	2059008359660615200
0.5	10000	0.1	361	173891654809862180
0.5	10000	0.2	361	1246617975069572e3
0.5	10000	0.4	361	1880453474026774e3
1	1000	0.1	361	1188316383661970200
1	1000	0.2	361	2251236203647667500
1	1000	0.4	361	201410814995832320
1	10000	0.1	361	377495320225504500
1	10000	0.2	361	1481439533900210700
1	10000	0.4	361	507479018311575900
2	1000	0.1	361	135351715099356220
2	1000	0.2	361	1354465655383018200
2	1000	0.4	361	1220179760268089900
2	10000	0.1	361	788794660034350100
2	10000	0.2	361	1403492505008572400
2	10000	0.4	361	2149895822139202600
4	1000	0.1	361	737930535982066200
4	1000	0.2	361	1517417321046057500
4	1000	0.4	361	1949153439567763e3
4	10000	0.1	361	1870127182618351600
4	10000	0.2	361	473528686347745100
4	10000	0.4	361	723602237041705100
0.5	1000	0.1	362	1641558758089081600
0.5	1000	0.2	362	1017232383231518500
0.5	1000	0.4	362	1374203941485166800
0.5	10000	0.1	362	675160185468382700
0.5	10000	0.2	362	216634693770230240
0.5	10000	0.4	362	729019422412181400
1	1000	0.1	362	1894101834061714400
1	1000	0.2	362	1402945110624466400
1	1000	0.4	362	257613515712276900
1	10000	0.1	362	35844280065479824
1	10000	0.2	362	1626576585078166800
1	10000	0.4	362	1568151358287368200
2	1000	0.1	362	1376425748769436700
2	1000	0.2	362	1075313713138466600
2	1000	0.4	362	406428913037929500
2	10000	0.1	362	1822310637400091e3
2	10000	0.2	362	1942121140570916900
2	10000	0.4	362	1795876428816949500
4	1000	0.1	362	341248066986267260
4	1000	0.2	362	331343425934517060
4	1000	0.4	362	1331597207848794600
4	10000	0.1	362	2201521151730573800
4	10000	0.2	362	812984855029965300
4	10000	0.4	362	465672415475001340
0.5	1000	0.1	363	1320418972710425300
0.5	1000	0.2	363	5.7568039499387443e+17
0.5	1000	0.4	363	2265481491812110800
0.5	10000	0.1	363	914458750220246700
0.5	10000	0.2	363	345493587509432640
0.5	10000	0.4	363	1268980065130052900
1	1000	0.1	363	2135051682481934e3
1	1000	0.2	363	1290845369451740200
1	1000	0.4	363	1960148926033870300
1	10000	0.1	363	2281840199023081500
1	10000	0.2	363	869825428308026100
1	10000	0.4	363	1969798869421668900
2	1000	0.1	363	2124984843922734e3
2	1000	0.2	363	2239735096797822e3
2	1000	0.4	363	1454043486463175700
2	10000	0.1	363	990426908761484300
2	10000	0.2	363	909237997339343600
2	10000	0.4	363	350523378628676400
4	1000	0.1	363	5.6989209823629677e+17
4	1000	0.2	363	1783140015434630400
4	1000	0.4	363	1730659076107974700
4	10000	0.1	363	534405687482790300
4	10000	0.2	363	618225246389822800
4	10000	0.4	363	2282936567937146400
0.5	1000	0.1	364	2091947491458529800
0.5	1000	0.2	364	2294320208692985900
0.5	1000	0.4	364	1326111937478477300
0.5	10000	0.1	364	829890998810780900
0.5	10000	0.2	364	1727416703395081e3
0.5	10000	0.4	364	1679790388219425300
1	1000	0.1	364	1337398076228920300
1	1000	0.2	364	1371465410296480300
1	1000	0.4	364	859636767720158700
1	10000	0.1	364	627945203669295900
1	10000	0.2	364	266251702412879740
1	10000	0.4	364	1592904744572129300
2	1000	0.1	364	154659426342978100
2	1000	0.2	364	1596615943675174700
2	1000	0.4	364	698684166530382700
2	10000	0.1	364	1182415795685566500
2	10000	0.2	364	91728733793307940
2	10000	0.4	364	1101721717153813600
4	1000	0.1	364	360266073501342850
4	1000	0.2	364	923184670869153400
4	1000	0.4	364	78495619339158860
4	10000	0.1	364	1183929235108917200
4	10000	0.2	364	216009422429670270
4	10000	0.4	364	1428458674358944800
0.5	1000	0.1	365	1715251009018049500
0.5	1000	0.2	365	1945765539309857800
0.5	1000	0.4	365	1893551091748707800
0.5	10000	0.1	365	742599148076234500
0.5	10000	0.2	365	10946232259239850
0.5	10000	0.4	365	180955732794384e4
1	1000	0.1	365	1266298561357122800
1	1000	0.2	365	1934598717436097e3
1	1000	0.4	365	1860112498655678500
1	10000	0.1	365	1003377591630019200
1	10000	0.2	365	1828906114271513300
1	10000	0.4	365	844488919963697300
2	1000	0.1	365	1238386601817299e3
2	1000	0.2	365	708582776749473400
2	1000	0.4	365	652472509741865e3
2	10000	0.1	365	46084487498648424
2	10000	0.2	365	479125738350123700
2	10000	0.4	365	1427089170982207700
4	1000	0.1	365	1258903835958071e3
4	1000	0.2	365	2041403347506306800
4	1000	0.4	365	1372055225294699500
4	10000	0.1	365	2004925276645395e3
4	10000	0.2	365	1121049190442835200
4	10000	0.4	365	2245326805415619600
0.5	1000	0.1	366	1507311644632086e3
0.5	1000	0.2	366	1204355371043879200
0.5	1000	0.4	366	1635716558167306800
0.5	10000	0.1	366	2155139042568456e3
0.5	10000	0.2	366	2089222740316191700
0.5	10000	0.4	366	1.1226904323902001e+18
1	1000	0.1	366	389527620911791800
1	1000	0.2	366	1285793809241043700
1	1000	0.4	366	1443898618683958800
1	10000	0.1	366	576802175316618200
1	10000	0.2	366	1953507235479019300
1	10000	0.4	366	1366795171187497700
2	1000	0.1	366	611144491920425200
2	1000	0.2	366	1760639147049591e3
2	1000	0.4	366	1158188755832576500
2	10000	0.1	366	791030390184574600
2	10000	0.2	366	211649387430436500
2	10000	0.4	366	601387038592591900
4	1000	0.1	366	6.9710804273984806e+17
4	1000	0.2	366	1529261019736530400
4	1000	0.4	366	1599426803913771500
4	10000	0.1	366	599135472167524400
4	10000	0.2	366	2073379693285986800
4	10000	0.4	366	2248351880843121700
0.5	1000	0.1	367	1115540525868245200
0.5	1000	0.2	367	514032657405708500
0.5	1000	0.4	367	1841979304266487800
0.5	10000	0.1	367	329858947162579700
0.5	10000	0.2	367	2076754898374206e3
0.5	10000	0.4	367	939800781572890200
1	1000	0.1	367	11563389239908180
1	1000	0.2	367	1116561495170853200
1	1000	0.4	367	485968705044598200
1	10000	0.1	367	1845468239303569400
1	10000	0.2	367	745936745115929100
1	10000	0.4	367	1134475144719860500
2	1000	0.1	367	1813305253492184600
2	1000	0.2	367	339441439676539100
2	1000	0.4	367	696441452910163800
2	10000	0.1	367	1042876289876469200
2	10000	0.2	367	277719042752452860
2	10000	0.4	367	19332175567668020
4	1000	0.1	367	1774943922080695800
4	1000	0.2	367	560408531887465300
4	1000	0.4	367	2090637457945090800
4	10000	0.1	367	353408463099038340
4	10000	0.2	367	1407205487980758500
4	10000	0.4	367	1663882672161789700
0.5	1000	0.1	368	761820259490494200
0.5	1000	0.2	368	1211285266650335200
0.5	1000	0.4	368	1269133201795930600
0.5	10000	0.1	368	2251760223739139e3
0.5	10000	0.2	368	596885404666888600
0.5	10000	0.4	368	2219134273277925
1	1000	0.1	368	2113558957761409500
1	1000	0.2	368	1612214782435967700
1	1000	0.4	368	1482547084663372300
1	10000	0.1	368	66922746432837430
1	10000	0.2	368	94807879842275520
1	10000	0.4	368	1116120484536358300
2	1000	0.1	368	1471033646642841e3
2	1000	0.2	368	1062392767422108800
2	1000	0.4	368	970788643742452700
2	10000	0.1	368	1697828235208718e3
2	10000	0.2	368	167453143362097e4
2	10000	0.4	368	914959899367242600
4	1000	0.1	368	111167533781590980
4	1000	0.2	368	632049268024363500
4	1000	0.4	368	2135074525621919e3
4	10000	0.1	368	1325504891750684700
4	10000	0.2	368	1355145032698268200
4	10000	0.4	368	40061439965143320
0.5	1000	0.1	369	956987220915811800
0.5	1000	0.2	369	107855885938339150
0.5	1000	0.4	369	1205462644023533800
0.5	10000	0.1	369	1347905783392103e3
0.5	10000	0.2	369	594803119737441800
0.5	10000	0.4	369	1177723805789019400
1	1000	0.1	369	1850175277358709500
1	1000	0.2	369	1762640303003242200
1	1000	0.4	369	346669885330353400
1	10000	0.1	369	615959320227533800
1	10000	0.2	369	1835327531843283200
1	10000	0.4	369	1209376045138752300
2	1000	0.1	369	817743655516443500
2	1000	0.2	369	1765651426156253200
2	1000	0.4	369	817879324632160800
2	10000	0.1	369	1889058134884416300
2	10000	0.2	369	1542630447253043200
2	10000	0.4	369	1096030089689021600
4	1000	0.1	369	1624651291943319e3
4	1000	0.2	369	1526326168141048800
4	1000	0.4	369	1441320610608576500
4	10000	0.1	369	578638078636997100
4	10000	0.2	369	1411307425476038400
4	10000	0.4	369	134603732048847470
0.5	1000	0.1	370	2104010726705957400
0.5	1000	0.2	370	1302391750278024200
0.5	1000	0.4	370	1.3890342338694559e+18
0.5	10000	0.1	370	2060042179871112700
0.5	10000	0.2	370	1145084576587447300
0.5	10000	0.4	370	968105877568359400
1	1000	0.1	370	1482707940708935200
1	1000	0.2	370	237404809923599520
1	1000	0.4	370	2099692782802836500
1	10000	0.1	370	1371474378261401e3
1	10000	0.2	370	733912663920106800
1	10000	0.4	370	917216839803812900
2	1000	0.1	370	1877303324400438800
2	1000	0.2	370	354063393009391500
2	1000	0.4	370	61237667726801336
2	10000	0.1	370	771444044615866400
2	10000	0.2	370	642030241302790400
2	10000	0.4	370	2184426275009005800
4	1000	0.1	370	1646819478549544e3
4	1000	0.2	370	1691606298682163700
4	1000	0.4	370	2230636003207612400
4	10000	0.1	370	537206698253312100
4	10000	0.2	370	1459277580758147800
4	10000	0.4	370	512463798841687100
0.5	1000	0.1	371	1722045909206356500
0.5	1000	0.2	371	2127683839605410600
0.5	1000	0.4	371	1423256608253992e3
0.5	10000	0.1	371	542004990223535300
0.5	10000	0.2	371	2292077943944292e3
0.5	10000	0.4	371	1844084263326317e3
1	1000	0.1	371	338776198154886460
1	1000	0.2	371	1256059539792999400
1	1000	0.4	371	1744455925772701200
1	10000	0.1	371	348181224113889540
1	10000	0.2	371	1813824669489642200
1	10000	0.4	371	200046426366715700
2	1000	0.1	371	1806102133833853200
2	1000	0.2	371	831311168060089600
2	1000	0.4	371	910039112001627400
2	10000	0.1	371	162238799153165150
2	10000	0.2	371	424243500902882940
2	10000	0.4	371	1958235453167552500
4	1000	0.1	371	1845430250067144700
4	1000	0.2	371	2234537337677764900
4	1000	0.4	371	1464844309436806400
4	10000	0.1	371	279964965371345380
4	10000	0.2	371	1721825987089664500
4	10000	0.4	371	1013643249442320400
0.5	1000	0.1	372	194305007814382560
0.5	1000	0.2	372	2276884077185166800
0.5	1000	0.4	372	1619355039645553e3
0.5	10000	0.1	372	443309425165765800
0.5	10000	0.2	372	1841349451828142300
0.5	10000	0.4	372	1062664106281297200
1	1000	0.1	372	2036649815907487200
1	1000	0.2	372	32315456264383212
1	1000	0.4	372	1393048331572962300
1	10000	0.1	372	994947700602847e3
1	10000	0.2	372	10022427447912240
1	10000	0.4	372	1193915176993284900
2	1000	0.1	372	1307436361686969300
2	1000	0.2	372	1688754022471961300
2	1000	0.4	372	1526797847371105800
2	10000	0.1	372	2040757438612023e3
2	10000	0.2	372	2053640893779325200
2	10000	0.4	372	1499712851627407e3
4	1000	0.1	372	3.8424219351450957e+17
4	1000	0.2	372	2253561436253963800
4	1000	0.4	372	165207474144613e4
4	10000	0.1	372	859407093876241800
4	10000	0.2	372	101929919213147220
4	10000	0.4	372	1637762757429023200
0.5	1000	0.1	373	529295172380879550
0.5	1000	0.2	373	346563254082371460
0.5	1000	0.4	373	1656542540884772e3
0.5	10000	0.1	373	60481451870240256
0.5	10000	0.2	373	2056060068853425200
0.5	10000	0.4	373	676435566968167200
1	1000	0.1	373	998145799307798400
1	1000	0.2	373	1855889159701802500
1	1000	0.4	373	1190986114757005800
1	10000	0.1	373	1507518486381513e3
1	10000	0.2	373	1832088455075424300
1	10000	0.4	373	628248067075660300
2	1000	0.1	373	442072497913100860
2	1000	0.2	373	379486923035266100
2	1000	0.4	373	58591165236857824
2	10000	0.1	373	1.1111924316113841e+18
2	10000	0.2	373	2280004695701895200
2	10000	0.4	373	1802278526205916200
4	1000	0.1	373	546805651053059400
4	1000	0.2	373	858657494565577600
4	1000	0.4	373	1419472841426102500
4	10000	0.1	373	771734922091794300
4	10000	0.2	373	1840309113604562400
4	10000	0.4	373	1018379964584051500
0.5	1000	0.1	374	1211740447526907100
0.5	1000	0.2	374	898560625502064500
0.5	1000	0.4	374	397338932353701e3
0.5	10000	0.1	374	160069893396736e4
0.5	10000	0.2	374	1641004608608110600
0.5	10000	0.4	374	1240682905765655300
1	1000	0.1	374	912073389504123e3
1	1000	0.2	374	1302283793459648e3
1	1000	0.4	374	1699033623555125800
1	10000	0.1	374	4.4037184472854643e+17
1	10000	0.2	374	1168695787659224300
1	10000	0.4	374	489153211538228100
2	1000	0.1	374	83037119513895680
2	1000	0.2	374	50261274904210130
2	1000	0.4	374	5.9428608318287206e+17
2	10000	0.1	374	515168023625742300
2	10000	0.2	374	1548901429732487200
2	10000	0.4	374	43306339042811224
4	1000	0.1	374	1.3569046170900959e+18
4	1000	0.2	374	1904299370417748700
4	1000	0.4	374	105933794173831980
4	10000	0.1	374	2210695900709772500
4	10000	0.2	374	697250634017204700
4	10000	0.4	374	1644449421311774700
0.5	1000	0.1	375	1342601657410355700
0.5	1000	0.2	375	376076316730560900
0.5	1000	0.4	375	1302313964276860400
0.5	10000	0.1	375	498793085641091460
0.5	10000	0.2	375	2125867835167664400
0.5	10000	0.4	375	975423580979584100
1	1000	0.1	375	2011455448084038400
1	1000	0.2	375	495016479236907800
1	1000	0.4	375	243973230084803970
1	10000	0.1	375	713457790727192200
1	10000	0.2	375	1520201290578754e3
1	10000	0.4	375	1568887718856974e3
2	1000	0.1	375	1115699832983866100
2	1000	0.2	375	1316375899206622e3
2	1000	0.4	375	1903497186854205200
2	10000	0.1	375	1881247929692973e3
2	10000	0.2	375	2040975163274555e3
2	10000	0.4	375	458154907422228200
4	1000	0.1	375	2004842314251288300
4	1000	0.2	375	653923975744279400
4	1000	0.4	375	589695944826421200
4	10000	0.1	375	73243427034631180
4	10000	0.2	375	424775890952444860
4	10000	0.4	375	2.6127193363522198e+17
0.5	1000	0.1	376	456219148141084400
0.5	1000	0.2	376	1307460376646053600
0.5	1000	0.4	376	1790006610392828400
0.5	10000	0.1	376	4.2558853185914477e+17
0.5	10000	0.2	376	792557451423291100
0.5	10000	0.4	376	1977672164030001e3
1	1000	0.1	376	670546413296649600
1	1000	0.2	376	1751078662122661e3
1	1000	0.4	376	211959630040783e4
1	10000	0.1	376	1699381508359461400
1	10000	0.2	376	1419368844668034800
1	10000	0.4	376	583136150325453600
2	1000	0.1	376	95113820863248030
2	1000	0.2	376	2258683162787247400
2	1000	0.4	376	515324765045242700
2	10000	0.1	376	851479731018433300
2	10000	0.2	376	1223445858851566600
2	10000	0.4	376	496541685206853400
4	1000	0.1	376	1749136883820273e3
4	1000	0.2	376	848503228769219800
4	1000	0.4	376	1992711913293688300
4	10000	0.1	376	2092742487346024700
4	10000	0.2	376	1312971812727293400
4	10000	0.4	376	1473289665508280600
0.5	1000	0.1	377	2158649710446828500
0.5	1000	0.2	377	1396345463096778200
0.5	1000	0.4	377	931661241393737e3
0.5	10000	0.1	377	340735308523878900
0.5	10000	0.2	377	5.3506323343159123e+17
0.5	10000	0.4	377	1680557731997793300
1	1000	0.1	377	1546907359852652800
1	1000	0.2	377	2104222937984156400
1	1000	0.4	377	615754709265402600
1	10000	0.1	377	1807077108917787600
1	10000	0.2	377	2283102657688788200
1	10000	0.4	377	855542988280883600
2	1000	0.1	377	1591986002183527400
2	1000	0.2	377	1586727517667829800
2	1000	0.4	377	943389766411343700
2	10000	0.1	377	2019335271284401200
2	10000	0.2	377	1993192110862584e3
2	10000	0.4	377	28048579615824988
4	1000	0.1	377	355311083824297300
4	1000	0.2	377	1070628755626995200
4	1000	0.4	377	697859029571717900
4	10000	0.1	377	72007791113406224
4	10000	0.2	377	1613543518758190600
4	10000	0.4	377	180948558779347040
0.5	1000	0.1	378	92271913660099980
0.5	1000	0.2	378	1660029855350856e3
0.5	1000	0.4	378	1222850907374388200
0.5	10000	0.1	378	436457870398921700
0.5	10000	0.2	378	1086003892022183700
0.5	10000	0.4	378	2236836825614923500
1	1000	0.1	378	1784772084451895800
1	1000	0.2	378	99187421564605392
1	1000	0.4	378	1621206795483707e3
1	10000	0.1	378	53171015259874450
1	10000	0.2	378	935038578054288600
1	10000	0.4	378	253606382694011500
2	1000	0.1	378	1248292703057048600
2	1000	0.2	378	1101272489200636e3
2	1000	0.4	378	4.4604317419042797e+17
2	10000	0.1	378	2108378397003509800
2	10000	0.2	378	2136078582305175600
2	10000	0.4	378	1405648061728588500
4	1000	0.1	378	1283872120003886600
4	1000	0.2	378	668873235566326900
4	1000	0.4	378	1786904244250138e3
4	10000	0.1	378	4.3285777924243117e+17
4	10000	0.2	378	1728753524205135400
4	10000	0.4	378	1.6095794613115162e+17
0.5	1000	0.1	379	218245254797726e4
0.5	1000	0.2	379	1432557375341339100
0.5	1000	0.4	379	1389002593044809500
0.5	10000	0.1	379	1290503487900331e3
0.5	10000	0.2	379	127350885235232e4
0.5	10000	0.4	379	144806268384905700
1	1000	0.1	379	567519434907086200
1	1000	0.2	379	264031374196656130
1	1000	0.4	379	1121174816259649500
1	10000	0.1	379	1497808739904063500
1	10000	0.2	379	2297068482467855600
1	10000	0.4	379	1500252833026522600
2	1000	0.1	379	1678694726447244300
2	1000	0.2	379	1846560873798036700
2	1000	0.4	379	1238718519033120300
2	10000	0.1	379	1018170311093060600
2	10000	0.2	379	1433056542579984600
2	10000	0.4	379	1843246713658451e3
4	1000	0.1	379	2052515144100502800
4	1000	0.2	379	776195257101470600
4	1000	0.4	379	1194705943199658500
4	10000	0.1	379	535831683535447500
4	10000	0.2	379	1323794668362175200
4	10000	0.4	379	2177097211027615200
0.5	1000	0.1	380	1738272948717011200
0.5	1000	0.2	380	802216521499523800
0.5	1000	0.4	380	1463916976819275500
0.5	10000	0.1	380	1510021514601932500
0.5	10000	0.2	380	921177585044537100
0.5	10000	0.4	380	1078359803044165200
1	1000	0.1	380	1284918668817701400
1	1000	0.2	380	2175561853097533700
1	1000	0.4	380	1866871770753761500
1	10000	0.1	380	1.5900361722343199e+18
1	10000	0.2	380	642054536048096800
1	10000	0.4	380	1661728474013740800
2	1000	0.1	380	744445623116406700
2	1000	0.2	380	99233676778248592
2	1000	0.4	380	8.5390703219583194e+17
2	10000	0.1	380	5557565308076482
2	10000	0.2	380	28078774531076952
2	10000	0.4	380	1983765401670062600
4	1000	0.1	380	1833466486851711500
4	1000	0.2	380	1152117436099884300
4	1000	0.4	380	1772965529407302700
4	10000	0.1	380	1767865543755883800
4	10000	0.2	380	1856367699554264600
4	10000	0.4	380	726383190301742700
0.5	1000	0.1	381	1425219337443664600
0.5	1000	0.2	381	349146885823096900
0.5	1000	0.4	381	1264482691533982200
0.5	10000	0.1	381	2081697815660094700
0.5	10000	0.2	381	2064001059005021700
0.5	10000	0.4	381	1014924205131917800
1	1000	0.1	381	1301384271534452700
1	1000	0.2	381	1258552142757759500
1	1000	0.4	381	1928703182190671e3
1	10000	0.1	381	1099578954254163500
1	10000	0.2	381	1079263515887347100
1	10000	0.4	381	1934603699788465700
2	1000	0.1	381	1970528937870032400
2	1000	0.2	381	2244086507917679400
2	1000	0.4	381	883688251289788500
2	10000	0.1	381	2008324982856419800
2	10000	0.2	381	904912387901876100
2	10000	0.4	381	1530897006522705e3
4	1000	0.1	381	1714883985583022600
4	1000	0.2	381	602061958516564600
4	1000	0.4	381	674754247597898800
4	10000	0.1	381	6958035391618651
4	10000	0.2	381	1743744449111192e3
4	10000	0.4	381	178449693857186720
0.5	1000	0.1	382	538976398862946240
0.5	1000	0.2	382	642670984250583e3
0.5	1000	0.4	382	1059792002445433600
0.5	10000	0.1	382	1035111146714850800
0.5	10000	0.2	382	1830885234285811e3
0.5	10000	0.4	382	2281941323122101500
1	1000	0.1	382	90028226056268770
1	1000	0.2	382	1068748048889494800
1	1000	0.4	382	136993511734978e4
1	10000	0.1	382	596935608020779400
1	10000	0.2	382	443993676439415e3
1	10000	0.4	382	2081158984793972700
2	1000	0.1	382	1171377575221682700
2	1000	0.2	382	626403015608622500
2	1000	0.4	382	2164852319037985500
2	10000	0.1	382	2164096046343102500
2	10000	0.2	382	117406642579941090
2	10000	0.4	382	2237490787635751400
4	1000	0.1	382	691383798749702800
4	1000	0.2	382	1091187550312835700
4	1000	0.4	382	2300054647125147100
4	10000	0.1	382	200171227327277300
4	10000	0.2	382	336298421925357700
4	10000	0.4	382	915920907923427300
0.5	1000	0.1	383	1869030405606147e3
0.5	1000	0.2	383	21186964966415572
0.5	1000	0.4	383	1832973052723637800
0.5	10000	0.1	383	2100233416025535e3
0.5	10000	0.2	383	685056136869608200
0.5	10000	0.4	383	340583699683805800
1	1000	0.1	383	1501991111367656e3
1	1000	0.2	383	106343948409465650
1	1000	0.4	383	1001604429273657300
1	10000	0.1	383	922686420623273700
1	10000	0.2	383	2039833416415433e3
1	10000	0.4	383	512793444896718200
2	1000	0.1	383	211868982031032030
2	1000	0.2	383	694341154169307500
2	1000	0.4	383	364832775072280900
2	10000	0.1	383	624002465699522800
2	10000	0.2	383	1882473876597535e3
2	10000	0.4	383	235149546902575700
4	1000	0.1	383	1183718276696575500
4	1000	0.2	383	1334042444626138e3
4	1000	0.4	383	446663129291752700
4	10000	0.1	383	1403753878425432600
4	10000	0.2	383	1350565085669649700
4	10000	0.4	383	956804426211854200
0.5	1000	0.1	384	2199717529239419e3
0.5	1000	0.2	384	465380029412913400
0.5	1000	0.4	384	2032053970375608800
0.5	10000	0.1	384	1761852189161054500
0.5	10000	0.2	384	1596948313194732500
0.5	10000	0.4	384	741726818627101600
1	1000	0.1	384	31334185018706344
1	1000	0.2	384	2040219356482983400
1	1000	0.4	384	343346440597617860
1	10000	0.1	384	1475403529294502400
1	10000	0.2	384	439877167054708740
1	10000	0.4	384	2174790620467276800
2	1000	0.1	384	1.2385539774900639e+18
2	1000	0.2	384	2019040640566396200
2	1000	0.4	384	131288843345115330
2	10000	0.1	384	663780656789397500
2	10000	0.2	384	2229944681406101800
2	10000	0.4	384	568604997424761e3
4	1000	0.1	384	2021804710003269600
4	1000	0.2	384	1602438014929058800
4	1000	0.4	384	595065076320032400
4	10000	0.1	384	1426878893467986e3
4	10000	0.2	384	10793170219623356
4	10000	0.4	384	788407989787073500
0.5	1000	0.1	385	1638731865301053400
0.5	1000	0.2	385	628888902239439900
0.5	1000	0.4	385	2289584603959876600
0.5	10000	0.1	385	2043259142527854600
0.5	10000	0.2	385	768990683618371200
0.5	10000	0.4	385	1276128500099933e3
1	1000	0.1	385	1387271841642110500
1	1000	0.2	385	56697655701618704
1	1000	0.4	385	2113431941589239e3
1	10000	0.1	385	1613217758743041500
1	10000	0.2	385	1374382688177631e3
1	10000	0.4	385	1734445844425525500
2	1000	0.1	385	2176992356892902e3
2	1000	0.2	385	804572928130212900
2	1000	0.4	385	350836519217845900
2	10000	0.1	385	1675953381231999500
2	10000	0.2	385	2129078403431266600
2	10000	0.4	385	1082508378971443800
4	1000	0.1	385	1743086031432622300
4	1000	0.2	385	872238141450602100
4	1000	0.4	385	1945258189570069e3
4	10000	0.1	385	1351247927338989300
4	10000	0.2	385	2104526478877973800
4	10000	0.4	385	2235381526905606700
0.5	1000	0.1	386	337595409843479550
0.5	1000	0.2	386	1281871549653907700
0.5	1000	0.4	386	652296051325403600
0.5	10000	0.1	386	183939262867791e4
0.5	10000	0.2	386	2136915996842594800
0.5	10000	0.4	386	1008539343294955400
1	1000	0.1	386	3.8658450920210477e+17
1	1000	0.2	386	1359447360293213700
1	1000	0.4	386	1655092586274023e3
1	10000	0.1	386	1007300517628838500
1	10000	0.2	386	1167151583222811600
1	10000	0.4	386	580905257815071400
2	1000	0.1	386	97796781848149440
2	1000	0.2	386	2015996740623877400
2	1000	0.4	386	1851927426681247200
2	10000	0.1	386	672235798019560400
2	10000	0.2	386	2293414981935632600
2	10000	0.4	386	1.6152422672888758e+17
4	1000	0.1	386	887049068282505200
4	1000	0.2	386	212675278292670200
4	1000	0.4	386	476152523469192700
4	10000	0.1	386	2041181556476159500
4	10000	0.2	386	150734766128068800
4	10000	0.4	386	400851946171013250
0.5	1000	0.1	387	1180870139225216500
0.5	1000	0.2	387	1779348783009932300
0.5	1000	0.4	387	1954510225070088e3
0.5	10000	0.1	387	2114366917938653200
0.5	10000	0.2	387	156066506840141250
0.5	10000	0.4	387	1558908399042452e3
1	1000	0.1	387	1409553376905156900
1	1000	0.2	387	1096198502504193300
1	1000	0.4	387	1777655052403737e3
1	10000	0.1	387	1709611451223884300
1	10000	0.2	387	169917104939321800
1	10000	0.4	387	2153890881490012200
2	1000	0.1	387	2068919717943004200
2	1000	0.2	387	287673932248429100
2	1000	0.4	387	1859618246338025200
2	10000	0.1	387	1684259345872394800
2	10000	0.2	387	1122904105126654700
2	10000	0.4	387	1924732293422494500
4	1000	0.1	387	1590536831000402400
4	1000	0.2	387	905148375483338800
4	1000	0.4	387	2262062749484945e3
4	10000	0.1	387	956912810228158e3
4	10000	0.2	387	1297030609155116500
4	10000	0.4	387	1984432444068885800
0.5	1000	0.1	388	48633267985242320
0.5	1000	0.2	388	1518745026214037e3
0.5	1000	0.4	388	925617044217614700
0.5	10000	0.1	388	1595925056401535700
0.5	10000	0.2	388	1693293919203160300
0.5	10000	0.4	388	1533896072588364500
1	1000	0.1	388	1038872786955624700
1	1000	0.2	388	1409362650117226
1	1000	0.4	388	676852054934630700
1	10000	0.1	388	221704770314114720
1	10000	0.2	388	231595917417452300
1	10000	0.4	388	63262012369969824
2	1000	0.1	388	464452660959461950
2	1000	0.2	388	1951842973534719e3
2	1000	0.4	388	407019884517267500
2	10000	0.1	388	2081619064227438300
2	10000	0.2	388	1938444607656881200
2	10000	0.4	388	2289596021197527300
4	1000	0.1	388	824878790455861800
4	1000	0.2	388	4.3454143687212877e+17
4	1000	0.4	388	1898361586655529500
4	10000	0.1	388	1642763270624121600
4	10000	0.2	388	324050230932904640
4	10000	0.4	388	682319558732198700
0.5	1000	0.1	389	1301221508747124700
0.5	1000	0.2	389	1064032730669489200
0.5	1000	0.4	389	719801159700185200
0.5	10000	0.1	389	893777414794293800
0.5	10000	0.2	389	1177652119514649900
0.5	10000	0.4	389	1476569479494319600
1	1000	0.1	389	1665442859851605e3
1	1000	0.2	389	954423825274665100
1	1000	0.4	389	930863502657993e3
1	10000	0.1	389	2136474564323508500
1	10000	0.2	389	1128546552363358100
1	10000	0.4	389	386339870036490200
2	1000	0.1	389	220083442435959e4
2	1000	0.2	389	1615235649509766700
2	1000	0.4	389	2236871666220078600
2	10000	0.1	389	2004224650013391e3
2	10000	0.2	389	2.1346946985068959e+18
2	10000	0.4	389	1690710143366141200
4	1000	0.1	389	805325055124432100
4	1000	0.2	389	519560106188346940
4	1000	0.4	389	2181924208405047e3
4	10000	0.1	389	2083181418845503700
4	10000	0.2	389	769628094219003600
4	10000	0.4	389	799165546586812200
0.5	1000	0.1	390	119289349248703e4
0.5	1000	0.2	390	1293727495875995600
0.5	1000	0.4	390	554603288875904060
0.5	10000	0.1	390	519117506063519900
0.5	10000	0.2	390	1439445187718745600
0.5	10000	0.4	390	540463294211085760
1	1000	0.1	390	1068834371703872100
1	1000	0.2	390	1778907731347119600
1	1000	0.4	390	1005674141350457300
1	10000	0.1	390	37867084303102840
1	10000	0.2	390	1424398905583861500
1	10000	0.4	390	316525451876403700
2	1000	0.1	390	922705202353201e3
2	1000	0.2	390	303015238348038300
2	1000	0.4	390	1797127120232408300
2	10000	0.1	390	393534319994986750
2	10000	0.2	390	1904491924232578800
2	10000	0.4	390	1074741482940892400
4	1000	0.1	390	1115474473577801700
4	1000	0.2	390	1697952281357910500
4	1000	0.4	390	1769138223479438800
4	10000	0.1	390	1200363341407206700
4	10000	0.2	390	130778888782022140
4	10000	0.4	390	180004754354276130
0.5	1000	0.1	391	1639522679596503300
0.5	1000	0.2	391	49030398653938656
0.5	1000	0.4	391	1099523982634347400
0.5	10000	0.1	391	1309785231544526e3
0.5	10000	0.2	391	1725417025806143700
0.5	10000	0.4	391	821304138954003700
1	1000	0.1	391	1572338207911662e3
1	1000	0.2	391	1118042739161109e3
1	1000	0.4	391	838192656668561700
1	10000	0.1	391	832659639326012700
1	10000	0.2	391	603186926359007e3
1	10000	0.4	391	1390291664785588700
2	1000	0.1	391	1503470675305159400
2	1000	0.2	391	1147120215443774800
2	1000	0.4	391	132258468118013280
2	10000	0.1	391	1070636570933185e3
2	10000	0.2	391	81287084922687730
2	10000	0.4	391	768608277471470800
4	1000	0.1	391	1893147863492546800
4	1000	0.2	391	961766593104654600
4	1000	0.4	391	2028448566760707800
4	10000	0.1	391	5.2922259293350797e+17
4	10000	0.2	391	573313520039894300
4	10000	0.4	391	1920465184669193700
0.5	1000	0.1	392	2194160809087802600
0.5	1000	0.2	392	936884365065523300
0.5	1000	0.4	392	2180996598282194e3
0.5	10000	0.1	392	1353563102725314e3
0.5	10000	0.2	392	1734717497261292500
0.5	10000	0.4	392	1.2202809338325279e+18
1	1000	0.1	392	1564487694436791e3
1	1000	0.2	392	892083375107847700
1	1000	0.4	392	2290095293777201e3
1	10000	0.1	392	2100206036897999600
1	10000	0.2	392	614809406839957900
1	10000	0.4	392	440806266137020860
2	1000	0.1	392	2233000527258811400
2	1000	0.2	392	56449424886188616
2	1000	0.4	392	2108682181383568600
2	10000	0.1	392	2151871486602816e3
2	10000	0.2	392	1678706615053567700
2	10000	0.4	392	1519944187469182500
4	1000	0.1	392	1546538028529842700
4	1000	0.2	392	901157341237140700
4	1000	0.4	392	1215335607324712400
4	10000	0.1	392	283236378386056220
4	10000	0.2	392	1923369708120838400
4	10000	0.4	392	1964329239361661e3
0.5	1000	0.1	393	2018425122829916200
0.5	1000	0.2	393	751834440952197100
0.5	1000	0.4	393	1175074149363423200
0.5	10000	0.1	393	5.5033003211062157e+17
0.5	10000	0.2	393	507968229216012200
0.5	10000	0.4	393	953049885812106100
1	1000	0.1	393	451990760104080300
1	1000	0.2	393	619388732328714800
1	1000	0.4	393	1130408217493811e3
1	10000	0.1	393	1993153339391739400
1	10000	0.2	393	1379965161798297600
1	10000	0.4	393	1015134532266152300
2	1000	0.1	393	757970483022596700
2	1000	0.2	393	1434483725968985300
2	1000	0.4	393	85028876686575230
2	10000	0.1	393	1239771866945606e3
2	10000	0.2	393	2137931242510413e3
2	10000	0.4	393	2290721945444691e3
4	1000	0.1	393	580795714073520800
4	1000	0.2	393	1243516448538197500
4	1000	0.4	393	91491441732229170
4	10000	0.1	393	1415702718694975e3
4	10000	0.2	393	5.1323447539967277e+17
4	10000	0.4	393	69647502399607570
0.5	1000	0.1	394	1176028840290368e3
0.5	1000	0.2	394	1048983104798609800
0.5	1000	0.4	394	51965019099327936
0.5	10000	0.1	394	398159333704456400
0.5	10000	0.2	394	435964949349113400
0.5	10000	0.4	394	387526948504228600
1	1000	0.1	394	1628824431458185700
1	1000	0.2	394	680650163350879200
1	1000	0.4	394	1835146585847432200
1	10000	0.1	394	159535710911906370
1	10000	0.2	394	613953220145012e3
1	10000	0.4	394	867170097723783e3
2	1000	0.1	394	1621052629687982600
2	1000	0.2	394	1055236660807595500
2	1000	0.4	394	668657774499536400
2	10000	0.1	394	133158909020703600
2	10000	0.2	394	1300543036645280500
2	10000	0.4	394	1992918006999084
4	1000	0.1	394	1042776377447971600
4	1000	0.2	394	1917660927410840600
4	1000	0.4	394	288489271878731700
4	10000	0.1	394	234781143190980450
4	10000	0.2	394	1136522251741403100
4	10000	0.4	394	30208523232871536
0.5	1000	0.1	395	1627804892751638e3
0.5	1000	0.2	395	1028053611544106500
0.5	1000	0.4	395	220733945683009900
0.5	10000	0.1	395	1019632748004275e3
0.5	10000	0.2	395	1328740410312609500
0.5	10000	0.4	395	2033086062426471400
1	1000	0.1	395	1589694072002652e3
1	1000	0.2	395	1302849401284840200
1	1000	0.4	395	1854628975481417e3
1	10000	0.1	395	1887793800527727e3
1	10000	0.2	395	454770915861266200
1	10000	0.4	395	1606626475524087800
2	1000	0.1	395	631419660876534900
2	1000	0.2	395	222876402189138240
2	1000	0.4	395	896550768479865e3
2	10000	0.1	395	1956616743470154500
2	10000	0.2	395	1351304126990565600
2	10000	0.4	395	1421162367221939e3
4	1000	0.1	395	1247313897906825700
4	1000	0.2	395	119690990126282180
4	1000	0.4	395	429455585114526700
4	10000	0.1	395	2099583420931964e3
4	10000	0.2	395	250404424201622980
4	10000	0.4	395	2063598839281438200
0.5	1000	0.1	396	1712869372591129300
0.5	1000	0.2	396	1038119193933309300
0.5	1000	0.4	396	638645545092540500
0.5	10000	0.1	396	97349093198242820
0.5	10000	0.2	396	1853023205814249500
0.5	10000	0.4	396	2129112956998400500
1	1000	0.1	396	1923367129607677200
1	1000	0.2	396	934937392660854700
1	1000	0.4	396	618866117055038700
1	10000	0.1	396	5143976471329656
1	10000	0.2	396	1366144799403293700
1	10000	0.4	396	779399689603085200
2	1000	0.1	396	587578259823610900
2	1000	0.2	396	1391148807133031400
2	1000	0.4	396	1566572415779609900
2	10000	0.1	396	961122089687955800
2	10000	0.2	396	477382777705959800
2	10000	0.4	396	1894177031424406500
4	1000	0.1	396	1402309522048672e3
4	1000	0.2	396	1124069286905357400
4	1000	0.4	396	542135315700132160
4	10000	0.1	396	7.2218724642186394e+17
4	10000	0.2	396	1901583906084659200
4	10000	0.4	396	1508811588559262200
0.5	1000	0.1	397	150468631370650560
0.5	1000	0.2	397	1394868102419950800
0.5	1000	0.4	397	109199851577602900
0.5	10000	0.1	397	1357916380885746400
0.5	10000	0.2	397	1028217200645546400
0.5	10000	0.4	397	2108938181347186e3
1	1000	0.1	397	379708695851069300
1	1000	0.2	397	1931234426860450600
1	1000	0.4	397	2298303938318139e3
1	10000	0.1	397	2163066389927252700
1	10000	0.2	397	55169162713850890
1	10000	0.4	397	2205002619531054300
2	1000	0.1	397	158788997681247360
2	1000	0.2	397	1310007559936954600
2	1000	0.4	397	1.9239567191231201e+18
2	10000	0.1	397	522627412494258240
2	10000	0.2	397	1608333645664508e3
2	10000	0.4	397	69753231052262410
4	1000	0.1	397	1725548649834232800
4	1000	0.2	397	1645008460992185600
4	1000	0.4	397	282466235202608160
4	10000	0.1	397	919609701146045300
4	10000	0.2	397	436205205173504060
4	10000	0.4	397	365529715283344260
0.5	1000	0.1	398	1171967583863255600
0.5	1000	0.2	398	1824938336379077400
0.5	1000	0.4	398	2039833288399906800
0.5	10000	0.1	398	1377082643586997e3
0.5	10000	0.2	398	2067352464931697200
0.5	10000	0.4	398	837887781400469500
1	1000	0.1	398	1320506295600895700
1	1000	0.2	398	4.6079740383681677e+17
1	1000	0.4	398	466541766812551800
1	10000	0.1	398	1169413959456076300
1	10000	0.2	398	2067339351146494700
1	10000	0.4	398	2213684352981699e3
2	1000	0.1	398	2124477725264092e3
2	1000	0.2	398	471023634454992900
2	1000	0.4	398	582608042698532200
2	10000	0.1	398	810763224557341200
2	10000	0.2	398	537946245207321150
2	10000	0.4	398	941560215910699600
4	1000	0.1	398	59662624669406184
4	1000	0.2	398	1818922502091913700
4	1000	0.4	398	976866505926796500
4	10000	0.1	398	809503219968126300
4	10000	0.2	398	1968504849168341500
4	10000	0.4	398	1087558041337024800
0.5	1000	0.1	399	1296758247215957800
0.5	1000	0.2	399	1720857861515957200
0.5	1000	0.4	399	792769208202534e3
0.5	10000	0.1	399	271979928956185280
0.5	10000	0.2	399	87160700492457090
0.5	10000	0.4	399	787271435319599100
1	1000	0.1	399	808485186853961600
1	1000	0.2	399	556565669925655600
1	1000	0.4	399	1985675831855240200
1	10000	0.1	399	1484910643704688400
1	10000	0.2	399	1721139945853830100
1	10000	0.4	399	1736013492223341800
2	1000	0.1	399	547941943918119100
2	1000	0.2	399	729145322755990800
2	1000	0.4	399	645300465483437700
2	10000	0.1	399	887851511341092100
2	10000	0.2	399	192846361442538660
2	10000	0.4	399	1629439064046153e3
4	1000	0.1	399	219267463600703680
4	1000	0.2	399	2059603001040457e3
4	1000	0.4	399	423527349967060300
4	10000	0.1	399	959874923090997400
4	10000	0.2	399	707783427847285900
4	10000	0.4	399	420961988451859500
0.5	1000	0.1	400	221618395227859e3
0.5	1000	0.2	400	1768811361640840700
0.5	1000	0.4	400	1352390901316563500
0.5	10000	0.1	400	1322032738665926e3
0.5	10000	0.2	400	626721044918162400
0.5	10000	0.4	400	349421182095599e3
1	1000	0.1	400	2026128702572544500
1	1000	0.2	400	1650976060959898e3
1	1000	0.4	400	2128166855914982400
1	10000	0.1	400	1106488306398857e3
1	10000	0.2	400	5.7236354021903603e+17
1	10000	0.4	400	124341901036231060
2	1000	0.1	400	776711848882308600
2	1000	0.2	400	510731293510374900
2	1000	0.4	400	2291052734112292900
2	10000	0.1	400	1593023196327219200
2	10000	0.2	400	205984252811255e3
2	10000	0.4	400	793828311936417200
4	1000	0.1	400	1055561156078876400
4	1000	0.2	400	1207999343609556700
4	1000	0.4	400	468627402174958500
4	10000	0.1	400	1709073748790274300
4	10000	0.2	400	1646780775192432400
4	10000	0.4	400	1350458254627223600
0.5	1000	0.1	401	1018198726266109300
0.5	1000	0.2	401	447506920717470700
0.5	1000	0.4	401	2284301939073484300
0.5	10000	0.1	401	1076144117548453e3
0.5	10000	0.2	401	1717380979436522e3
0.5	10000	0.4	401	1827615314291139800
1	1000	0.1	401	1778284076048361500
1	1000	0.2	401	1370642423807008500
1	1000	0.4	401	114129645616091e4
1	10000	0.1	401	1992254124573410600
1	10000	0.2	401	1238985374089288200
1	10000	0.4	401	828701033338039700
2	1000	0.1	401	2287077607152608300
2	1000	0.2	401	523007800510511600
2	1000	0.4	401	1961195271041177300
2	10000	0.1	401	1675420825779067400
2	10000	0.2	401	593852685119494500
2	10000	0.4	401	1692492586380302300
4	1000	0.1	401	1677533624132605700
4	1000	0.2	401	1828786318189540400
4	1000	0.4	401	1589525733412738300
4	10000	0.1	401	131396268691076020
4	10000	0.2	401	1959993841120325e3
4	10000	0.4	401	1539334884125406500
0.5	1000	0.1	402	273532291531536100
0.5	1000	0.2	402	707704386270320900
0.5	1000	0.4	402	2085231632742336300
0.5	10000	0.1	402	2149279474579855600
0.5	10000	0.2	402	1578880187354707500
0.5	10000	0.4	402	445184254356610940
1	1000	0.1	402	380882112423179900
1	1000	0.2	402	310941600856237060
1	1000	0.4	402	851330335685250400
1	10000	0.1	402	1732898090006715400
1	10000	0.2	402	406998826281729860
1	10000	0.4	402	580905655723628e3
2	1000	0.1	402	2109536545480667100
2	1000	0.2	402	2105685117712451800
2	1000	0.4	402	2096974198190595600
2	10000	0.1	402	931616290237853700
2	10000	0.2	402	192126270101300480
2	10000	0.4	402	1340600055480755500
4	1000	0.1	402	2190569743156906e3
4	1000	0.2	402	2294644626875641300
4	1000	0.4	402	523304882232175740
4	10000	0.1	402	1071442723578243200
4	10000	0.2	402	1661652278893276700
4	10000	0.4	402	227605711323636e4
0.5	1000	0.1	403	661663929709531400
0.5	1000	0.2	403	614342647805891300
0.5	1000	0.4	403	726079147700186100
0.5	10000	0.1	403	1525429688239507500
0.5	10000	0.2	403	1231797682671915e3
0.5	10000	0.4	403	1168212543585300200
1	1000	0.1	403	942235245759523800
1	1000	0.2	403	1250844630250534e3
1	1000	0.4	403	137103494765299500
1	10000	0.1	403	1616833168244290800
1	10000	0.2	403	1817052217731227e3
1	10000	0.4	403	92750810940325440
2	1000	0.1	403	259847543884923360
2	1000	0.2	403	2282785284409987e3
2	1000	0.4	403	1752608836267663e3
2	10000	0.1	403	1965105057517674200
2	10000	0.2	403	1929382408222335700
2	10000	0.4	403	914174539696865700
4	1000	0.1	403	1469769642185670700
4	1000	0.2	403	984885917113543800
4	1000	0.4	403	1634890524320172e3
4	10000	0.1	403	1805641648269673e3
4	10000	0.2	403	977170304707329200
4	10000	0.4	403	712418423007179500
0.5	1000	0.1	404	521764097693403100
0.5	1000	0.2	404	1374687566534281700
0.5	1000	0.4	404	2040581185413439e3
0.5	10000	0.1	404	1259050127691895e3
0.5	10000	0.2	404	744363092704108400
0.5	10000	0.4	404	1739744606622166500
1	1000	0.1	404	262992488898005900
1	1000	0.2	404	323925763720451140
1	1000	0.4	404	754058588349157e3
1	10000	0.1	404	147056238494002900
1	10000	0.2	404	1445187302845204e3
1	10000	0.4	404	2119944888045448700
2	1000	0.1	404	674617017936403600
2	1000	0.2	404	38298674942117616
2	1000	0.4	404	1338532536453132800
2	10000	0.1	404	149491912939363040
2	10000	0.2	404	197259873760887e4
2	10000	0.4	404	1027705741258846700
4	1000	0.1	404	1634699965968707e3
4	1000	0.2	404	741973862431317500
4	1000	0.4	404	682123834922099200
4	10000	0.1	404	347442337247937200
4	10000	0.2	404	1819340651293890800
4	10000	0.4	404	1550066322532845600
0.5	1000	0.1	405	2255583763220066300
0.5	1000	0.2	405	1429608651720081200
0.5	1000	0.4	405	722688689658000300
0.5	10000	0.1	405	475194887547599500
0.5	10000	0.2	405	1759660937007215400
0.5	10000	0.4	405	2006054665684712700
1	1000	0.1	405	1678144870104768e3
1	1000	0.2	405	747994201227229700
1	1000	0.4	405	1516322545839351e3
1	10000	0.1	405	1626288348299149e3
1	10000	0.2	405	935531202520744400
1	10000	0.4	405	958925834122305300
2	1000	0.1	405	1628294722950997800
2	1000	0.2	405	235147630856152830
2	1000	0.4	405	1503146405613528e3
2	10000	0.1	405	1787024004879919600
2	10000	0.2	405	2172948746030896400
2	10000	0.4	405	1518891181467928e3
4	1000	0.1	405	569365247945434500
4	1000	0.2	405	35822795409874300
4	1000	0.4	405	1128031018150898700
4	10000	0.1	405	718459893758973700
4	10000	0.2	405	1.5101282771242442e+17
4	10000	0.4	405	763165093753024300
0.5	1000	0.1	406	1054527624022280400
0.5	1000	0.2	406	731430894842327400
0.5	1000	0.4	406	974926813158837600
0.5	10000	0.1	406	657007286373329e3
0.5	10000	0.2	406	2023534960671726e3
0.5	10000	0.4	406	1313323023316718600
1	1000	0.1	406	335412896589346500
1	1000	0.2	406	2197674871534203400
1	1000	0.4	406	1144553015096610400
1	10000	0.1	406	1273566384667893500
1	10000	0.2	406	1210337096488479700
1	10000	0.4	406	1381802629813352400
2	1000	0.1	406	1911941186946100200
2	1000	0.2	406	1362110184836396e3
2	1000	0.4	406	1546411635276045800
2	10000	0.1	406	1659954895274777600
2	10000	0.2	406	1413668195903471e3
2	10000	0.4	406	1463457647474909700
4	1000	0.1	406	1643298492498738700
4	1000	0.2	406	1598062355083561200
4	1000	0.4	406	1839597431914584e3
4	10000	0.1	406	1065561177454380300
4	10000	0.2	406	1326238370485967400
4	10000	0.4	406	3.3928104722094797e+17
0.5	1000	0.1	407	1066720508838350200
0.5	1000	0.2	407	1770619241302339600
0.5	1000	0.4	407	1928142884971713300
0.5	10000	0.1	407	1641752614463297e3
0.5	10000	0.2	407	793303634627387500
0.5	10000	0.4	407	329902797472225300
1	1000	0.1	407	971742519057760100
1	1000	0.2	407	912475489024065900
1	1000	0.4	407	659395585976898400
1	10000	0.1	407	238031509999378980
1	10000	0.2	407	1203685437154331600
1	10000	0.4	407	46158771958915710
2	1000	0.1	407	2003589371475452e3
2	1000	0.2	407	1599272026362894800
2	1000	0.4	407	1549509673832352e3
2	10000	0.1	407	1698037960586824200
2	10000	0.2	407	90012210603405630
2	10000	0.4	407	493292932226247600
4	1000	0.1	407	993066184119770400
4	1000	0.2	407	792377078681328900
4	1000	0.4	407	1608677993825052e3
4	10000	0.1	407	1895478642305677300
4	10000	0.2	407	2299108901187050500
4	10000	0.4	407	83501434845818500
0.5	1000	0.1	408	2099014195744610300
0.5	1000	0.2	408	1458724270256806100
0.5	1000	0.4	408	2184728564183637800
0.5	10000	0.1	408	1.4379325099443041e+18
0.5	10000	0.2	408	795656860363872e3
0.5	10000	0.4	408	1099059176694357600
1	1000	0.1	408	981787894326154600
1	1000	0.2	408	2269184041534417400
1	1000	0.4	408	2101015249102684400
1	10000	0.1	408	1074788427351014500
1	10000	0.2	408	272630280125415800
1	10000	0.4	408	2065552857100699100
2	1000	0.1	408	1573490331224261400
2	1000	0.2	408	1765627736010477600
2	1000	0.4	408	2183347066582634500
2	10000	0.1	408	1971867666719591400
2	10000	0.2	408	1570714732516352e3
2	10000	0.4	408	1342406218643640800
4	1000	0.1	408	1105534609447741200
4	1000	0.2	408	1488230621409345500
4	1000	0.4	408	260227475299078270
4	10000	0.1	408	1418094858809394400
4	10000	0.2	408	26667367269799372
4	10000	0.4	408	746070676360271900
0.5	1000	0.1	409	1242663908269729500
0.5	1000	0.2	409	132519368891333740
0.5	1000	0.4	409	76011852147029310
0.5	10000	0.1	409	1325272874171137500
0.5	10000	0.2	409	965101450167563900
0.5	10000	0.4	409	110162565649213730
1	1000	0.1	409	1682910921850596e3
1	1000	0.2	409	667711319887431800
1	1000	0.4	409	141636324955575e4
1	10000	0.1	409	45756297470893184
1	10000	0.2	409	1597526472464044e3
1	10000	0.4	409	1083213324106680400
2	1000	0.1	409	1636945338896943e3
2	1000	0.2	409	47986188633463e4
2	1000	0.4	409	1460677569294637e3
2	10000	0.1	409	1321722342379363e3
2	10000	0.2	409	400059717685681540
2	10000	0.4	409	1414319163914818e3
4	1000	0.1	409	1572054832578942e3
4	1000	0.2	409	78742892463539460
4	1000	0.4	409	914967123448239400
4	10000	0.1	409	917861798101217400
4	10000	0.2	409	2215869378523169800
4	10000	0.4	409	1466291638468468700
0.5	1000	0.1	410	1958066191293827600
0.5	1000	0.2	410	740297305411109900
0.5	1000	0.4	410	1150559386411680600
0.5	10000	0.1	410	1433856856197515300
0.5	10000	0.2	410	367063513250780740
0.5	10000	0.4	410	1962954962667227600
1	1000	0.1	410	2284190667505144600
1	1000	0.2	410	912218229868769700
1	1000	0.4	410	473178725999404160
1	10000	0.1	410	1985952093110189e3
1	10000	0.2	410	1025342852186899700
1	10000	0.4	410	1059706117422508e3
2	1000	0.1	410	515226031267681600
2	1000	0.2	410	153263782053282370
2	1000	0.4	410	24704979162739836
2	10000	0.1	410	2266330549431357e3
2	10000	0.2	410	1293435728847139300
2	10000	0.4	410	128385642388953500
4	1000	0.1	410	608536955512831500
4	1000	0.2	410	556944964813092500
4	1000	0.4	410	1767503402730088700
4	10000	0.1	410	1934291218186699300
4	10000	0.2	410	2217303253589320200
4	10000	0.4	410	1838724770035186700
0.5	1000	0.1	411	2209925980111050200
0.5	1000	0.2	411	5137311599923679
0.5	1000	0.4	411	2105069976529756e3
0.5	10000	0.1	411	312382120149781060
0.5	10000	0.2	411	478333098569715260
0.5	10000	0.4	411	1940487604268580400
1	1000	0.1	411	1511684670168719e3
1	1000	0.2	411	616660277722583200
1	1000	0.4	411	1137410163032325200
1	10000	0.1	411	2158768261045458200
1	10000	0.2	411	1212340204857901600
1	10000	0.4	411	1345081293235187e3
2	1000	0.1	411	1971589167980918300
2	1000	0.2	411	590292447303926400
2	1000	0.4	411	802891024925013500
2	10000	0.1	411	1530720040165181e3
2	10000	0.2	411	2035758023198745300
2	10000	0.4	411	2234891857214473700
4	1000	0.1	411	120620403220363650
4	1000	0.2	411	927791315919961700
4	1000	0.4	411	2298067280384466e3
4	10000	0.1	411	1328383720889932800
4	10000	0.2	411	1214663071896883e3
4	10000	0.4	411	1190548661659737e3
0.5	1000	0.1	412	1951387716649411600
0.5	1000	0.2	412	958544713093155800
0.5	1000	0.4	412	799626148701825e3
0.5	10000	0.1	412	1661039548733530600
0.5	10000	0.2	412	1551725678987772400
0.5	10000	0.4	412	36093549549898610
1	1000	0.1	412	922435378392760300
1	1000	0.2	412	1331579839093649400
1	1000	0.4	412	938283116829043700
1	10000	0.1	412	2022895256936817700
1	10000	0.2	412	1632182057613729e3
1	10000	0.4	412	1782380715030078e3
2	1000	0.1	412	1506436717861894400
2	1000	0.2	412	1585069802735447e3
2	1000	0.4	412	385017571962738800
2	10000	0.1	412	1814284624809608700
2	10000	0.2	412	186472220976579550
2	10000	0.4	412	1294568714952080400
4	1000	0.1	412	546509776622842240
4	1000	0.2	412	116524678097412e4
4	1000	0.4	412	2079550770663435300
4	10000	0.1	412	717845497703484200
4	10000	0.2	412	1938245309145569800
4	10000	0.4	412	1443670767177699300
0.5	1000	0.1	413	2155045587306383600
0.5	1000	0.2	413	2229911098982857700
0.5	1000	0.4	413	567124492083842750
0.5	10000	0.1	413	869083312850265900
0.5	10000	0.2	413	1032696377924862e3
0.5	10000	0.4	413	892756954993555600
1	1000	0.1	413	1263959810848993e3
1	1000	0.2	413	1944203563775065300
1	1000	0.4	413	849589192853716900
1	10000	0.1	413	977154733400443600
1	10000	0.2	413	1326335598714807600
1	10000	0.4	413	7.5221643768237594e+17
2	1000	0.1	413	178596435637337440
2	1000	0.2	413	1142273792894918300
2	1000	0.4	413	833817336885963100
2	10000	0.1	413	2046025508232873200
2	10000	0.2	413	2045934523218179600
2	10000	0.4	413	1884090100379624700
4	1000	0.1	413	1331218377719001600
4	1000	0.2	413	1570214840768576300
4	1000	0.4	413	1286021971297873200
4	10000	0.1	413	740287957598069100
4	10000	0.2	413	1545353587914809300
4	10000	0.4	413	364477841090071360
0.5	1000	0.1	414	587667523856515600
0.5	1000	0.2	414	904212838652860500
0.5	1000	0.4	414	646999244993581400
0.5	10000	0.1	414	669402540906225200
0.5	10000	0.2	414	1099853786599605900
0.5	10000	0.4	414	851196159585112800
1	1000	0.1	414	791852837927802e3
1	1000	0.2	414	638850096894739100
1	1000	0.4	414	825642250802866300
1	10000	0.1	414	2274577701169219800
1	10000	0.2	414	2169459448318659800
1	10000	0.4	414	1179709817837672200
2	1000	0.1	414	1322184023569563100
2	1000	0.2	414	1608387124580900400
2	1000	0.4	414	1136867602333127e3
2	10000	0.1	414	171191217380951900
2	10000	0.2	414	1033031285325934600
2	10000	0.4	414	1904797600042965e3
4	1000	0.1	414	1959946182814037800
4	1000	0.2	414	1701621256116192300
4	1000	0.4	414	225937469182818050
4	10000	0.1	414	828759993437863400
4	10000	0.2	414	1738408270653704e3
4	10000	0.4	414	697310507618934100
0.5	1000	0.1	415	373431458082949300
0.5	1000	0.2	415	868189193373353300
0.5	1000	0.4	415	1140471417431065500
0.5	10000	0.1	415	1878430626579049e3
0.5	10000	0.2	415	2274542350468910600
0.5	10000	0.4	415	1830158171734664e3
1	1000	0.1	415	8.3590449100261594e+17
1	1000	0.2	415	1078808095526466e3
1	1000	0.4	415	481529343694867300
1	10000	0.1	415	789522264799228900
1	10000	0.2	415	820777819670700900
1	10000	0.4	415	1647185908169374700
2	1000	0.1	415	1144935589807338500
2	1000	0.2	415	566334304938340800
2	1000	0.4	415	383903806824476200
2	10000	0.1	415	1004017618657837300
2	10000	0.2	415	770118529579399200
2	10000	0.4	415	809267725758585300
4	1000	0.1	415	1435494950349834800
4	1000	0.2	415	1794155210889452800
4	1000	0.4	415	892845765824914300
4	10000	0.1	415	1938201026883358500
4	10000	0.2	415	467482829488323500
4	10000	0.4	415	2163548753826999800
0.5	1000	0.1	416	2059232765589061600
0.5	1000	0.2	416	227462794769174850
0.5	1000	0.4	416	1673890264003549700
0.5	10000	0.1	416	1613637595036743400
0.5	10000	0.2	416	1751413814582313e3
0.5	10000	0.4	416	1454836217574217200
1	1000	0.1	416	9.5087922794323994e+17
1	1000	0.2	416	2.4483563955087318e+17
1	1000	0.4	416	507691977094565e3
1	10000	0.1	416	1636882084391780900
1	10000	0.2	416	554053026708956500
1	10000	0.4	416	587428579853116400
2	1000	0.1	416	796913948646996700
2	1000	0.2	416	891303264357626200
2	1000	0.4	416	1831201357020215e3
2	10000	0.1	416	1390938213109256e3
2	10000	0.2	416	2127823204615000600
2	10000	0.4	416	1213660388184655600
4	1000	0.1	416	1856069130594182400
4	1000	0.2	416	2022258360394287600
4	1000	0.4	416	1368414877725342200
4	10000	0.1	416	559123420617206600
4	10000	0.2	416	685545565748336100
4	10000	0.4	416	715920525814974800
0.5	1000	0.1	417	957177139733802400
0.5	1000	0.2	417	1764663844744550400
0.5	1000	0.4	417	2028415942423383300
0.5	10000	0.1	417	1958330682731957500
0.5	10000	0.2	417	1791797166545578200
0.5	10000	0.4	417	637656129907654700
1	1000	0.1	417	1809506515074040800
1	1000	0.2	417	490360385435135600
1	1000	0.4	417	461331406209304200
1	10000	0.1	417	1891937744254068500
1	10000	0.2	417	1225064657921288200
1	10000	0.4	417	165000164737533630
2	1000	0.1	417	1874164304853247500
2	1000	0.2	417	620994490677991300
2	1000	0.4	417	1569182955427180500
2	10000	0.1	417	990361430302756600
2	10000	0.2	417	403080249384337860
2	10000	0.4	417	807281304411357400
4	1000	0.1	417	1416460585387368e3
4	1000	0.2	417	2230065773355596300
4	1000	0.4	417	1300422660752936700
4	10000	0.1	417	1553242936765053700
4	10000	0.2	417	615379851067714400
4	10000	0.4	417	1304708440335444200
0.5	1000	0.1	418	464261400358701760
0.5	1000	0.2	418	1882737984703864300
0.5	1000	0.4	418	1618508688760915500
0.5	10000	0.1	418	3.4792059573336243e+17
0.5	10000	0.2	418	1546136869244017200
0.5	10000	0.4	418	2172557581701013500
1	1000	0.1	418	2141382772379820500
1	1000	0.2	418	412124620450565900
1	1000	0.4	418	173406105019406530
1	10000	0.1	418	756000511310446600
1	10000	0.2	418	193061547750790370
1	10000	0.4	418	1325369269916800300
2	1000	0.1	418	1777032924790337300
2	1000	0.2	418	1546776762149995300
2	1000	0.4	418	626119111994083500
2	10000	0.1	418	1067595288885514400
2	10000	0.2	418	2088190264276894200
2	10000	0.4	418	737211927145829500
4	1000	0.1	418	1192641344207596800
4	1000	0.2	418	2126799624806055400
4	1000	0.4	418	1147876840166987400
4	10000	0.1	418	701781573694528900
4	10000	0.2	418	1402213382741239e3
4	10000	0.4	418	3.5827079861454477e+17
0.5	1000	0.1	419	2064139077364551200
0.5	1000	0.2	419	81781131476307650
0.5	1000	0.4	419	742165466263455900
0.5	10000	0.1	419	1286395126878500400
0.5	10000	0.2	419	904757881793065200
0.5	10000	0.4	419	100186704878852900
1	1000	0.1	419	522379644291111500
1	1000	0.2	419	636548425734571900
1	1000	0.4	419	1506498087144834800
1	10000	0.1	419	266220247095808700
1	10000	0.2	419	840440843142541400
1	10000	0.4	419	1901820145007347200
2	1000	0.1	419	550686119261096060
2	1000	0.2	419	2101084839711538700
2	1000	0.4	419	1477841871896542500
2	10000	0.1	419	1035984534701780700
2	10000	0.2	419	587609006747061900
2	10000	0.4	419	831084462765250300
4	1000	0.1	419	1089285511489798100
4	1000	0.2	419	1427198488022704400
4	1000	0.4	419	180687049810690500
4	10000	0.1	419	272687435351994600
4	10000	0.2	419	3.1543598544971437e+17
4	10000	0.4	419	1388394166650229500
0.5	1000	0.1	420	668208802906634500
0.5	1000	0.2	420	2034822657417673200
0.5	1000	0.4	420	2074993600600088600
0.5	10000	0.1	420	1511965601308843300
0.5	10000	0.2	420	1257107413280637e3
0.5	10000	0.4	420	1285245888553460200
1	1000	0.1	420	1370056409939091e3
1	1000	0.2	420	202031266462334240
1	1000	0.4	420	2136187030726753500
1	10000	0.1	420	221864286586687e4
1	10000	0.2	420	2153686688457011e3
1	10000	0.4	420	1518416203203081200
2	1000	0.1	420	1559093904041317400
2	1000	0.2	420	327878003638008700
2	1000	0.4	420	667022147697662200
2	10000	0.1	420	1756943890890420500
2	10000	0.2	420	1107000016063394700
2	10000	0.4	420	1726898756264322e3
4	1000	0.1	420	993740597004908500
4	1000	0.2	420	1070046066540767e3
4	1000	0.4	420	896329547202828200
4	10000	0.1	420	131547603397220500
4	10000	0.2	420	721632147126956500
4	10000	0.4	420	557737902649405400
0.5	1000	0.1	421	295851812177619650
0.5	1000	0.2	421	828789847080978700
0.5	1000	0.4	421	1159150369149650400
0.5	10000	0.1	421	489136611801548900
0.5	10000	0.2	421	1251467559427966e3
0.5	10000	0.4	421	1952935623808072e3
1	1000	0.1	421	437349083101850560
1	1000	0.2	421	1029244071988457200
1	1000	0.4	421	2075856715098240300
1	10000	0.1	421	585617608434105700
1	10000	0.2	421	689781600978612400
1	10000	0.4	421	1409482802836192300
2	1000	0.1	421	251826620298717660
2	1000	0.2	421	1485824220016215e3
2	1000	0.4	421	74948883474064e4
2	10000	0.1	421	699267480019643800
2	10000	0.2	421	877274033083882200
2	10000	0.4	421	1549050219608131800
4	1000	0.1	421	149688614448112930
4	1000	0.2	421	1604094166341117700
4	1000	0.4	421	745484410419223300
4	10000	0.1	421	905063583711292700
4	10000	0.2	421	508188241957381700
4	10000	0.4	421	930771665331466600
0.5	1000	0.1	422	2064361753635729e3
0.5	1000	0.2	422	1107079752544931700
0.5	1000	0.4	422	119983873495031950
0.5	10000	0.1	422	58098942336385784
0.5	10000	0.2	422	831129594655505800
0.5	10000	0.4	422	2084818070722227700
1	1000	0.1	422	647471278610535700
1	1000	0.2	422	1960100694927227e3
1	1000	0.4	422	1029727849805608800
1	10000	0.1	422	1416196260985668e3
1	10000	0.2	422	2121241721929681400
1	10000	0.4	422	1176555825883882800
2	1000	0.1	422	989421957720575600
2	1000	0.2	422	974314197762812300
2	1000	0.4	422	1573318692895842800
2	10000	0.1	422	1976248910484083500
2	10000	0.2	422	219783269400806720
2	10000	0.4	422	663088136599863400
4	1000	0.1	422	2085777063128252e3
4	1000	0.2	422	1048330963459905900
4	1000	0.4	422	1329396457495772400
4	10000	0.1	422	568781492095018300
4	10000	0.2	422	2005123343886887400
4	10000	0.4	422	2062333300371612200
0.5	1000	0.1	423	586793276293192700
0.5	1000	0.2	423	1784159364022229500
0.5	1000	0.4	423	311249324415988900
0.5	10000	0.1	423	2238570658314040300
0.5	10000	0.2	423	1608890524010395100
0.5	10000	0.4	423	4.0528948430785037e+17
1	1000	0.1	423	1440039767335957500
1	1000	0.2	423	1560653526844040700
1	1000	0.4	423	226691906888465300
1	10000	0.1	423	1558791969885637600
1	10000	0.2	423	1328773306676421600
1	10000	0.4	423	2253251838933512200
2	1000	0.1	423	730125489753277600
2	1000	0.2	423	1700520164199995e3
2	1000	0.4	423	396328086454496450
2	10000	0.1	423	1309901155218517200
2	10000	0.2	423	1899157907346258e3
2	10000	0.4	423	788872574238259e3
4	1000	0.1	423	1628024244520137200
4	1000	0.2	423	1894621069609166e3
4	1000	0.4	423	640917825240940700
4	10000	0.1	423	310301466891911940
4	10000	0.2	423	1514515532588431e3
4	10000	0.4	423	824099301044245200
0.5	1000	0.1	424	1252300809669126400
0.5	1000	0.2	424	2183290852787175400
0.5	1000	0.4	424	473480836440415100
0.5	10000	0.1	424	1415944723170682400
0.5	10000	0.2	424	1977652337150827800
0.5	10000	0.4	424	915881483709775600
1	1000	0.1	424	1329072342235289300
1	1000	0.2	424	984340073500298900
1	1000	0.4	424	2061096676052635e3
1	10000	0.1	424	2302360012732661500
1	10000	0.2	424	1351280776538083e3
1	10000	0.4	424	1082946861578264600
2	1000	0.1	424	1002097481726458400
2	1000	0.2	424	1600677241875e6
2	1000	0.4	424	2085109820928092700
2	10000	0.1	424	213650830502769600
2	10000	0.2	424	2294471527906721500
2	10000	0.4	424	764782286323783700
4	1000	0.1	424	180025544046412860
4	1000	0.2	424	569058245430535e3
4	1000	0.4	424	1209797749611143200
4	10000	0.1	424	2169131623103842800
4	10000	0.2	424	196547858191286940
4	10000	0.4	424	1120173851706410200
0.5	1000	0.1	425	513667993946981760
0.5	1000	0.2	425	697759712832911500
0.5	1000	0.4	425	174354357548917e4
0.5	10000	0.1	425	984693509707709e3
0.5	10000	0.2	425	1474050742879729e3
0.5	10000	0.4	425	408776380288592060
1	1000	0.1	425	1840790448267799e3
1	1000	0.2	425	2281111027007478e3
1	1000	0.4	425	676120535374311300
1	10000	0.1	425	1697784513202740200
1	10000	0.2	425	30893939318271600
1	10000	0.4	425	18359592497363352
2	1000	0.1	425	2161611372088275200
2	1000	0.2	425	1572650595616695e3
2	1000	0.4	425	811148583116036900
2	10000	0.1	425	1380459346633151e3
2	10000	0.2	425	170209877718019970
2	10000	0.4	425	4.1777204406317363e+17
4	1000	0.1	425	7831307570758452
4	1000	0.2	425	1263309944339769300
4	1000	0.4	425	1542372108468527400
4	10000	0.1	425	411610898771109440
4	10000	0.2	425	100175363487726e4
4	10000	0.4	425	683899354686934900
0.5	1000	0.1	426	159709692234416800
0.5	1000	0.2	426	1630474214527189e3
0.5	1000	0.4	426	523663426019236100
0.5	10000	0.1	426	1791391269594062e3
0.5	10000	0.2	426	1220608417695598300
0.5	10000	0.4	426	174112746464781920
1	1000	0.1	426	1080932707534970900
1	1000	0.2	426	780503577456576100
1	1000	0.4	426	1817047390770720300
1	10000	0.1	426	791299962332062800
1	10000	0.2	426	663044043231613200
1	10000	0.4	426	114721355522586800
2	1000	0.1	426	1640936454864329700
2	1000	0.2	426	292749024100164200
2	1000	0.4	426	2198231543156980500
2	10000	0.1	426	2263373956846144300
2	10000	0.2	426	449399236495983600
2	10000	0.4	426	1884666171318940400
4	1000	0.1	426	1894509201269898200
4	1000	0.2	426	675351874183427e3
4	1000	0.4	426	2055926475004666400
4	10000	0.1	426	1161738578739546600
4	10000	0.2	426	684471564959504600
4	10000	0.4	426	1130680262063835100
0.5	1000	0.1	427	1103032661403879700
0.5	1000	0.2	427	1784040760011783200
0.5	1000	0.4	427	817908980637572e3
0.5	10000	0.1	427	1745831087849660400
0.5	10000	0.2	427	695392434992822300
0.5	10000	0.4	427	1411802104291429400
1	1000	0.1	427	1241382105979348200
1	1000	0.2	427	2117127967841943600
1	1000	0.4	427	1496894265222191e3
1	10000	0.1	427	32321007149987292
1	10000	0.2	427	1838109760157194500
1	10000	0.4	427	413863687927707400
2	1000	0.1	427	759473158488981e3
2	1000	0.2	427	2237915716315567e3
2	1000	0.4	427	1472176917335874600
2	10000	0.1	427	2130929607022916900
2	10000	0.2	427	2041056706491711700
2	10000	0.4	427	2026473147172851
4	1000	0.1	427	149822871984943550
4	1000	0.2	427	849970538608122200
4	1000	0.4	427	1552081148059922200
4	10000	0.1	427	1395149071493330200
4	10000	0.2	427	1801542168712968e3
4	10000	0.4	427	1133083532526667600
0.5	1000	0.1	428	1583170674219625500
0.5	1000	0.2	428	191554084075976600
0.5	1000	0.4	428	2089046733655757e3
0.5	10000	0.1	428	625286446532740100
0.5	10000	0.2	428	2044227076655786200
0.5	10000	0.4	428	98199292141646e4
1	1000	0.1	428	453098835384510500
1	1000	0.2	428	1993477701720002300
1	1000	0.4	428	103167953296086420
1	10000	0.1	428	345532749689509e3
1	10000	0.2	428	397647337760537500
1	10000	0.4	428	2028491796333924900
2	1000	0.1	428	1553301137381821e3
2	1000	0.2	428	647752791445197200
2	1000	0.4	428	1308375532760460300
2	10000	0.1	428	150860033676310750
2	10000	0.2	428	15486058758274294
2	10000	0.4	428	575875041937020600
4	1000	0.1	428	1895954588948128e3
4	1000	0.2	428	1660682271898871300
4	1000	0.4	428	848799509742142600
4	10000	0.1	428	1626514066585275e3
4	10000	0.2	428	2052201834470517200
4	10000	0.4	428	633552528765280900
0.5	1000	0.1	429	5.1144364551541523e+17
0.5	1000	0.2	429	1633369470165052200
0.5	1000	0.4	429	2002729936537618e3
0.5	10000	0.1	429	495439718787825600
0.5	10000	0.2	429	1605319856347063e3
0.5	10000	0.4	429	2068652339187486700
1	1000	0.1	429	450847120404256400
1	1000	0.2	429	2046423284030472e3
1	1000	0.4	429	1211584663802316500
1	10000	0.1	429	281536158386726460
1	10000	0.2	429	315486617212628740
1	10000	0.4	429	1517981787434743e3
2	1000	0.1	429	698776698367347600
2	1000	0.2	429	1202793689784715500
2	1000	0.4	429	721026917145001900
2	10000	0.1	429	1270815830713404e3
2	10000	0.2	429	9.4780904251207194e+17
2	10000	0.4	429	2039184849329142e3
4	1000	0.1	429	17062932684436180
4	1000	0.2	429	2226815936373761300
4	1000	0.4	429	283882791676537100
4	10000	0.1	429	306976939681790850
4	10000	0.2	429	2193528239708406300
4	10000	0.4	429	1765903696919571e3
0.5	1000	0.1	430	2001755543314818600
0.5	1000	0.2	430	2274367899441284600
0.5	1000	0.4	430	2058718034122649e3
0.5	10000	0.1	430	1784289978616178200
0.5	10000	0.2	430	1214513562397506800
0.5	10000	0.4	430	1631749326204534800
1	1000	0.1	430	8270883663966540
1	1000	0.2	430	1029938908365252e3
1	1000	0.4	430	1719787392347087400
1	10000	0.1	430	243391499624184480
1	10000	0.2	430	1696353723356918300
1	10000	0.4	430	1630426779581262300
2	1000	0.1	430	1545729594112563200
2	1000	0.2	430	1400319417357863400
2	1000	0.4	430	362386117239243840
2	10000	0.1	430	1013771371124400100
2	10000	0.2	430	1583842931773288e3
2	10000	0.4	430	2053411863215311400
4	1000	0.1	430	285874235104656700
4	1000	0.2	430	2148320748382884400
4	1000	0.4	430	503674283022343700
4	10000	0.1	430	198334817501040300
4	10000	0.2	430	845817412916465500
4	10000	0.4	430	2230789227454792700
0.5	1000	0.1	431	1374537779363923200
0.5	1000	0.2	431	2263906839166067500
0.5	1000	0.4	431	115878330324494720
0.5	10000	0.1	431	97981783660969260
0.5	10000	0.2	431	1053450820754194e3
0.5	10000	0.4	431	2028082592014999300
1	1000	0.1	431	2011774801235159300
1	1000	0.2	431	1509958395523023600
1	1000	0.4	431	2151964216070518800
1	10000	0.1	431	2080163737717732900
1	10000	0.2	431	187732914414199230
1	10000	0.4	431	888050287343277300
2	1000	0.1	431	938819026128895500
2	1000	0.2	431	1920588684048168700
2	1000	0.4	431	1078473920140674700
2	10000	0.1	431	1820324033363660300
2	10000	0.2	431	870174762311407200
2	10000	0.4	431	1450050325715492e3
4	1000	0.1	431	1684519994485190400
4	1000	0.2	431	1274764334460991700
4	1000	0.4	431	1974766721637602600
4	10000	0.1	431	331181073510380540
4	10000	0.2	431	671148697369243400
4	10000	0.4	431	2054502498259920400
0.5	1000	0.1	432	1040160219613295200
0.5	1000	0.2	432	652738189649481600
0.5	1000	0.4	432	774579252919901200
0.5	10000	0.1	432	1894983276020955600
0.5	10000	0.2	432	736240209982920700
0.5	10000	0.4	432	385473029799952260
1	1000	0.1	432	1735486492100534300
1	1000	0.2	432	458641352458385e3
1	1000	0.4	432	1506105610949770500
1	10000	0.1	432	142938130681877600
1	10000	0.2	432	403036638659669700
1	10000	0.4	432	1842122192739128600
2	1000	0.1	432	282561342538714180
2	1000	0.2	432	1195648108866697700
2	1000	0.4	432	572319721214602100
2	10000	0.1	432	880470827180631400
2	10000	0.2	432	2302445928607196700
2	10000	0.4	432	2296959150214201900
4	1000	0.1	432	427101129526635840
4	1000	0.2	432	1440913415102438e3
4	1000	0.4	432	1380791463126151200
4	10000	0.1	432	224139689452692600
4	10000	0.2	432	1058853901101845100
4	10000	0.4	432	1940969451815848e3
0.5	1000	0.1	433	2154319403829955800
0.5	1000	0.2	433	416822802931830500
0.5	1000	0.4	433	2087057044646974700
0.5	10000	0.1	433	1.5611104238614559e+18
0.5	10000	0.2	433	1826701648120107500
0.5	10000	0.4	433	1013763849321632e3
1	1000	0.1	433	534251377703641300
1	1000	0.2	433	391161998003505200
1	1000	0.4	433	1308624232249907e3
1	10000	0.1	433	2064858518923267800
1	10000	0.2	433	2.6165337018764282e+17
1	10000	0.4	433	1860304343024329200
2	1000	0.1	433	2281198224656294400
2	1000	0.2	433	1219878013179703300
2	1000	0.4	433	614101970389004300
2	10000	0.1	433	1013017977720532e3
2	10000	0.2	433	1736416428117437400
2	10000	0.4	433	182422538083909700
4	1000	0.1	433	1682280867151445e3
4	1000	0.2	433	1737144140819272700
4	1000	0.4	433	551621718051503940
4	10000	0.1	433	112212967206201980
4	10000	0.2	433	352801669745117700
4	10000	0.4	433	1735243173927127600
0.5	1000	0.1	434	2236369029697360600
0.5	1000	0.2	434	1712505792094982100
0.5	1000	0.4	434	1606031665244355e3
0.5	10000	0.1	434	1464874729202699500
0.5	10000	0.2	434	2207412070992232e3
0.5	10000	0.4	434	998726387346384300
1	1000	0.1	434	1.1040709746079439e+18
1	1000	0.2	434	1429254277152141e3
1	1000	0.4	434	522721933719547200
1	10000	0.1	434	72243641838256720
1	10000	0.2	434	718875749886036700
1	10000	0.4	434	1.0176118872880419e+17
2	1000	0.1	434	1038755535513369600
2	1000	0.2	434	1365141642031401200
2	1000	0.4	434	1433288279814603500
2	10000	0.1	434	561318167831815900
2	10000	0.2	434	280687582266346430
2	10000	0.4	434	1859824517276999700
4	1000	0.1	434	2.2009293235497441e+18
4	1000	0.2	434	236757106251632700
4	1000	0.4	434	193204565455688130
4	10000	0.1	434	974416694194386200
4	10000	0.2	434	1115983521942617300
4	10000	0.4	434	934536730049626800
0.5	1000	0.1	435	2155846418802285600
0.5	1000	0.2	435	2106410298817502700
0.5	1000	0.4	435	864782850915315800
0.5	10000	0.1	435	435982622159323460
0.5	10000	0.2	435	802364584507206900
0.5	10000	0.4	435	902374352922016900
1	1000	0.1	435	912554071384925800
1	1000	0.2	435	851141754446862800
1	1000	0.4	435	1625168379294805e3
1	10000	0.1	435	966879196279529200
1	10000	0.2	435	1252820902172175600
1	10000	0.4	435	2155421506017931500
2	1000	0.1	435	64352308275764064
2	1000	0.2	435	1002295044893236e3
2	1000	0.4	435	1366067542361504800
2	10000	0.1	435	765340416871805700
2	10000	0.2	435	1867864503296715800
2	10000	0.4	435	1445590136374039600
4	1000	0.1	435	1742960347418304300
4	1000	0.2	435	129302650494941060
4	1000	0.4	435	661828299417194900
4	10000	0.1	435	1803917448925017e3
4	10000	0.2	435	1153135497473743600
4	10000	0.4	435	1301453673130141200
0.5	1000	0.1	436	594131794874405e3
0.5	1000	0.2	436	1635930624627878e3
0.5	1000	0.4	436	1584831122618916e3
0.5	10000	0.1	436	1941219025465793500
0.5	10000	0.2	436	1100615501124827900
0.5	10000	0.4	436	484244958914542800
1	1000	0.1	436	2055329791785193200
1	1000	0.2	436	407974583207080260
1	1000	0.4	436	2025551254301925e3
1	10000	0.1	436	2266833097334761e3
1	10000	0.2	436	2221400567266763500
1	10000	0.4	436	2014568431033487e3
2	1000	0.1	436	1077979306528375e3
2	1000	0.2	436	1184867720834652e3
2	1000	0.4	436	1525730449967502e3
2	10000	0.1	436	2152028810742612e3
2	10000	0.2	436	408415347970832400
2	10000	0.4	436	2017826835287220700
4	1000	0.1	436	125152482692866e4
4	1000	0.2	436	1215503782034113800
4	1000	0.4	436	1640507865540649e3
4	10000	0.1	436	1536853656920937e3
4	10000	0.2	436	779327490039855900
4	10000	0.4	436	1136303771403425900
0.5	1000	0.1	437	271981280821887040
0.5	1000	0.2	437	68911216673700390
0.5	1000	0.4	437	1224017040626380500
0.5	10000	0.1	437	797722510704155800
0.5	10000	0.2	437	1104994468063039400
0.5	10000	0.4	437	1190621556123200300
1	1000	0.1	437	1047245453885279200
1	1000	0.2	437	929413941063849600
1	1000	0.4	437	981649938264733400
1	10000	0.1	437	1777185627597875200
1	10000	0.2	437	1912204495401497e3
1	10000	0.4	437	1913202844552593e3
2	1000	0.1	437	572832984309087e3
2	1000	0.2	437	1997588023301440300
2	1000	0.4	437	1392445359601959e3
2	10000	0.1	437	1903965660766195200
2	10000	0.2	437	2.7415409686560202e+17
2	10000	0.4	437	526354993660027e3
4	1000	0.1	437	1920892715690544600
4	1000	0.2	437	2199576357515653400
4	1000	0.4	437	860358010852291500
4	10000	0.1	437	395669313069686140
4	10000	0.2	437	67176514238215504
4	10000	0.4	437	530682180013741800
0.5	1000	0.1	438	1624108667047851800
0.5	1000	0.2	438	20144406035534780
0.5	1000	0.4	438	1701906264608376800
0.5	10000	0.1	438	2038733363670046700
0.5	10000	0.2	438	1924886736854056400
0.5	10000	0.4	438	1464147185776958500
1	1000	0.1	438	1577259331054245400
1	1000	0.2	438	73261402156312220
1	1000	0.4	438	1.0603849594358641e+18
1	10000	0.1	438	521134023017722750
1	10000	0.2	438	730490142440657500
1	10000	0.4	438	1330299130527131600
2	1000	0.1	438	102231811329804e3
2	1000	0.2	438	1791384635460682200
2	1000	0.4	438	1720185066978670300
2	10000	0.1	438	2190785529621666600
2	10000	0.2	438	1408861490524699600
2	10000	0.4	438	457121315350671360
4	1000	0.1	438	1040630744795869600
4	1000	0.2	438	1732866470981556500
4	1000	0.4	438	1540917868632913400
4	10000	0.1	438	570670728001163140
4	10000	0.2	438	1667456333027494700
4	10000	0.4	438	1873036255698729500
0.5	1000	0.1	439	593704683535249500
0.5	1000	0.2	439	1238870032793217300
0.5	1000	0.4	439	1456006703039774500
0.5	10000	0.1	439	2043808822957314600
0.5	10000	0.2	439	421604497197893400
0.5	10000	0.4	439	1127562768405867e3
1	1000	0.1	439	2.5377778240320278e+17
1	1000	0.2	439	1901462302254755300
1	1000	0.4	439	1584886736610484500
1	10000	0.1	439	1228118716394535e3
1	10000	0.2	439	711852908613220200
1	10000	0.4	439	604375391332039300
2	1000	0.1	439	802618468410687700
2	1000	0.2	439	8367433308083820
2	1000	0.4	439	1436271077451964200
2	10000	0.1	439	1806333953703488e3
2	10000	0.2	439	25072866332375004
2	10000	0.4	439	95277949315938140
4	1000	0.1	439	94227273925609660
4	1000	0.2	439	552263698824870500
4	1000	0.4	439	1878183281772117500
4	10000	0.1	439	1736170712538456e3
4	10000	0.2	439	2051786885766539300
4	10000	0.4	439	1854225143055609900
0.5	1000	0.1	440	178518842453990370
0.5	1000	0.2	440	1613978214905105e3
0.5	1000	0.4	440	710959073505844900
0.5	10000	0.1	440	351834456428414460
0.5	10000	0.2	440	1468664576530033200
0.5	10000	0.4	440	1463259099128537300
1	1000	0.1	440	1318937898168665e3
1	1000	0.2	440	2168739934902991400
1	1000	0.4	440	1137792037277843100
1	10000	0.1	440	438283300958340400
1	10000	0.2	440	1614205497126470100
1	10000	0.4	440	543056352969192960
2	1000	0.1	440	2068119394297506300
2	1000	0.2	440	257389037395107420
2	1000	0.4	440	50178060693002496
2	10000	0.1	440	1961500721646666200
2	10000	0.2	440	2104466540981883100
2	10000	0.4	440	3.3871119084853203e+17
4	1000	0.1	440	344644887078261400
4	1000	0.2	440	1029992752497211400
4	1000	0.4	440	1683430566774248400
4	10000	0.1	440	1957887838272290800
4	10000	0.2	440	1292909702745808400
4	10000	0.4	440	1500209021662354400
0.5	1000	0.1	441	92453514305093e4
0.5	1000	0.2	441	526772829067526100
0.5	1000	0.4	441	1708907428218470100
0.5	10000	0.1	441	2136482292550954200
0.5	10000	0.2	441	1071648116511984800
0.5	10000	0.4	441	2039611633192202800
1	1000	0.1	441	1782816540351328800
1	1000	0.2	441	1969394766660543500
1	1000	0.4	441	556616976624210750
1	10000	0.1	441	1517099848400819e3
1	10000	0.2	441	1173424922576593400
1	10000	0.4	441	391994260197415400
2	1000	0.1	441	306680795678755800
2	1000	0.2	441	1010537279696463100
2	1000	0.4	441	1895924555911025e3
2	10000	0.1	441	1763025070568764400
2	10000	0.2	441	1716772492328092400
2	10000	0.4	441	72563155815845792
4	1000	0.1	441	887472253621737100
4	1000	0.2	441	154828103913013630
4	1000	0.4	441	553219161411863800
4	10000	0.1	441	2270976867070168e3
4	10000	0.2	441	2202321336576087300
4	10000	0.4	441	606862283734842e3
0.5	1000	0.1	442	1406283133806609200
0.5	1000	0.2	442	2250062701668007400
0.5	1000	0.4	442	844433778504283300
0.5	10000	0.1	442	856759729676080100
0.5	10000	0.2	442	1658910499476974e3
0.5	10000	0.4	442	200882737232906140
1	1000	0.1	442	1424878400854207700
1	1000	0.2	442	149271875413620600
1	1000	0.4	442	559620977414377150
1	10000	0.1	442	1721863416824520700
1	10000	0.2	442	1776849264456899600
1	10000	0.4	442	173849361695665860
2	1000	0.1	442	908973815570798700
2	1000	0.2	442	349782543797571100
2	1000	0.4	442	1519832563303677700
2	10000	0.1	442	1697175604420698600
2	10000	0.2	442	1364159552789721e3
2	10000	0.4	442	1104372574819167200
4	1000	0.1	442	282010188827944600
4	1000	0.2	442	638360600081518200
4	1000	0.4	442	1.3217361161289441e+18
4	10000	0.1	442	70137628873166010
4	10000	0.2	442	242367099016358880
4	10000	0.4	442	4.1423561886286803e+17
0.5	1000	0.1	443	333835783007849200
0.5	1000	0.2	443	2010579090476875300
0.5	1000	0.4	443	1315289939862109200
0.5	10000	0.1	443	2129498268718461200
0.5	10000	0.2	443	2130120128860933e3
0.5	10000	0.4	443	906520119530644700
1	1000	0.1	443	2133782511042091500
1	1000	0.2	443	1728654813938966e3
1	1000	0.4	443	1132260290579509e3
1	10000	0.1	443	2118204019187858e3
1	10000	0.2	443	1190983168122820400
1	10000	0.4	443	301204656872323800
2	1000	0.1	443	59637235888748570
2	1000	0.2	443	83069887178784030
2	1000	0.4	443	709528171518976400
2	10000	0.1	443	749536327270931300
2	10000	0.2	443	1356706520171141400
2	10000	0.4	443	322591396441474560
4	1000	0.1	443	1763546059984462800
4	1000	0.2	443	1699066625710222e3
4	1000	0.4	443	869358975623746e3
4	10000	0.1	443	1674964463242713e3
4	10000	0.2	443	140508189360431650
4	10000	0.4	443	1704348227325715e3
0.5	1000	0.1	444	633431849816238500
0.5	1000	0.2	444	1544710719566804e3
0.5	1000	0.4	444	1223762818695590100
0.5	10000	0.1	444	869795463352528300
0.5	10000	0.2	444	2073014750748721200
0.5	10000	0.4	444	913177200961453200
1	1000	0.1	444	284413962031514080
1	1000	0.2	444	992690722728291e3
1	1000	0.4	444	521119520583452400
1	10000	0.1	444	1612138180558081300
1	10000	0.2	444	2229286808238459e3
1	10000	0.4	444	1210348195780845600
2	1000	0.1	444	548213067845417100
2	1000	0.2	444	1537814169963693e3
2	1000	0.4	444	332721103339079100
2	10000	0.1	444	135134302671202100
2	10000	0.2	444	755935957419631e3
2	10000	0.4	444	1218073305596630800
4	1000	0.1	444	1407461171751692e3
4	1000	0.2	444	1708307689072370700
4	1000	0.4	444	282533466386388830
4	10000	0.1	444	979150411020333600
4	10000	0.2	444	1515544595166552e3
4	10000	0.4	444	1330122699244102700
0.5	1000	0.1	445	794874292670418700
0.5	1000	0.2	445	1359419254540350500
0.5	1000	0.4	445	1431725606073762600
0.5	10000	0.1	445	1831246092193705500
0.5	10000	0.2	445	398582015768691700
0.5	10000	0.4	445	343329370383853950
1	1000	0.1	445	2144199456433099500
1	1000	0.2	445	3.0864116496784243e+17
1	1000	0.4	445	876815817286796700
1	10000	0.1	445	2067116602098819800
1	10000	0.2	445	1848262670693722e3
1	10000	0.4	445	736015453908560300
2	1000	0.1	445	1815588044754934300
2	1000	0.2	445	928222781974764400
2	1000	0.4	445	365892579552386900
2	10000	0.1	445	2187379702404928500
2	10000	0.2	445	1624103040460572700
2	10000	0.4	445	306281484007972740
4	1000	0.1	445	1934121766118465e3
4	1000	0.2	445	2081713632395324400
4	1000	0.4	445	1411750070247671600
4	10000	0.1	445	683447969163645400
4	10000	0.2	445	1290361179490576600
4	10000	0.4	445	1415225688738543e3
0.5	1000	0.1	446	1654384690559543300
0.5	1000	0.2	446	1813262467603653600
0.5	1000	0.4	446	2300450988339449900
0.5	10000	0.1	446	1245641161721856300
0.5	10000	0.2	446	1560118498176637400
0.5	10000	0.4	446	1604905591720891400
1	1000	0.1	446	1212518231559045400
1	1000	0.2	446	1858415488069116200
1	1000	0.4	446	882979646196036900
1	10000	0.1	446	663008582042292500
1	10000	0.2	446	1414141507510229800
1	10000	0.4	446	1351993066927131600
2	1000	0.1	446	636288894395166100
2	1000	0.2	446	2239100971758845200
2	1000	0.4	446	912326229020207600
2	10000	0.1	446	1120581498985512700
2	10000	0.2	446	2248758181374971400
2	10000	0.4	446	1542106521707995600
4	1000	0.1	446	690682078147333600
4	1000	0.2	446	1391328703209381400
4	1000	0.4	446	7251707429691e5
4	10000	0.1	446	631131907515044200
4	10000	0.2	446	1727738579959372300
4	10000	0.4	446	1513426379030592500
0.5	1000	0.1	447	1322072016971262500
0.5	1000	0.2	447	594254679459118700
0.5	1000	0.4	447	2164469422424823e3
0.5	10000	0.1	447	589974959158637400
0.5	10000	0.2	447	2079674994239553e3
0.5	10000	0.4	447	3.0728544241612723e+17
1	1000	0.1	447	1889506650122912e3
1	1000	0.2	447	1618389364017391400
1	1000	0.4	447	1462127247239350800
1	10000	0.1	447	1748991826475899e3
1	10000	0.2	447	1579689435597251800
1	10000	0.4	447	1421856352542716200
2	1000	0.1	447	1588604569344493e3
2	1000	0.2	447	1108178748828322400
2	1000	0.4	447	940170025351008100
2	10000	0.1	447	522984225579934460
2	10000	0.2	447	5.3378752059389997e+17
2	10000	0.4	447	1040663296217502700
4	1000	0.1	447	399618732844879400
4	1000	0.2	447	89699420481269740
4	1000	0.4	447	1648624398185302e3
4	10000	0.1	447	879889219830897700
4	10000	0.2	447	2284629804608832300
4	10000	0.4	447	1731469666441559e3
0.5	1000	0.1	448	243903905049623360
0.5	1000	0.2	448	4.3934587192217843e+17
0.5	1000	0.4	448	1876709526907227100
0.5	10000	0.1	448	393757472151949400
0.5	10000	0.2	448	1756409982285994200
0.5	10000	0.4	448	1020271467770589200
1	1000	0.1	448	981381549998461e3
1	1000	0.2	448	738822537381865900
1	1000	0.4	448	1080911660769225600
1	10000	0.1	448	1112962888010780400
1	10000	0.2	448	549371829768523900
1	10000	0.4	448	957629214442441600
2	1000	0.1	448	823857135200229900
2	1000	0.2	448	672738565042540500
2	1000	0.4	448	71875119048609e4
2	10000	0.1	448	110691609329147420
2	10000	0.2	448	525628321502811140
2	10000	0.4	448	1750386346146471400
4	1000	0.1	448	390698705772414600
4	1000	0.2	448	1598680368305691100
4	1000	0.4	448	1030753637799591e3
4	10000	0.1	448	454795902027195260
4	10000	0.2	448	675924088431049700
4	10000	0.4	448	991052245586230400
0.5	1000	0.1	449	2193268235925374e3
0.5	1000	0.2	449	335969185018970200
0.5	1000	0.4	449	365043072480787800
0.5	10000	0.1	449	1770129863608436200
0.5	10000	0.2	449	139075900932568370
0.5	10000	0.4	449	208504825581499800
1	1000	0.1	449	1451600489905874e3
1	1000	0.2	449	297572565341024300
1	1000	0.4	449	1480210394263631600
1	10000	0.1	449	1567442965102133500
1	10000	0.2	449	424047788400570800
1	10000	0.4	449	2.1126239764523361e+18
2	1000	0.1	449	2239308372714051600
2	1000	0.2	449	534695255331132860
2	1000	0.4	449	81984390264645170
2	10000	0.1	449	1776271004248966100
2	10000	0.2	449	2082971441246198300
2	10000	0.4	449	198070387287565900
4	1000	0.1	449	534703000166321660
4	1000	0.2	449	559073827600969400
4	1000	0.4	449	798282377001107700
4	10000	0.1	449	1759198152943055400
4	10000	0.2	449	2065541628232552400
4	10000	0.4	449	2185848872524827100
0.5	1000	0.1	450	1659871146294345e3
0.5	1000	0.2	450	1282370579171266e3
0.5	1000	0.4	450	76846243738604608
0.5	10000	0.1	450	69929247732180910
0.5	10000	0.2	450	1644741600023826200
0.5	10000	0.4	450	1308701295927390200
1	1000	0.1	450	2025956806464330500
1	1000	0.2	450	1308695211459255e3
1	1000	0.4	450	468669387674701e3
1	10000	0.1	450	530599703407212800
1	10000	0.2	450	2007869377621806300
1	10000	0.4	450	1693847194834146800
2	1000	0.1	450	2006292501797000200
2	1000	0.2	450	742945344678629600
2	1000	0.4	450	1969331171479753e3
2	10000	0.1	450	1741913028273720800
2	10000	0.2	450	514914319257862300
2	10000	0.4	450	787745821014522900
4	1000	0.1	450	1799918268360247e3
4	1000	0.2	450	2296316945125938e3
4	1000	0.4	450	1035038841476805200
4	10000	0.1	450	1812600489403348e3
4	10000	0.2	450	316904401742488450
4	10000	0.4	450	244877987355570370
0.5	1000	0.1	451	1839817180697632300
0.5	1000	0.2	451	5.1175987885737357e+17
0.5	1000	0.4	451	1956007722876106800
0.5	10000	0.1	451	1693292383009704400
0.5	10000	0.2	451	1197648122283552300
0.5	10000	0.4	451	1166778325773295600
1	1000	0.1	451	1708444099451412e3
1	1000	0.2	451	1949796673050304500
1	1000	0.4	451	1947373007141216800
1	10000	0.1	451	1788801344293371e3
1	10000	0.2	451	2267163240981110300
1	10000	0.4	451	49592032488972400
2	1000	0.1	451	1928219867935572200
2	1000	0.2	451	1272340545316868900
2	1000	0.4	451	1187649981634236e3
2	10000	0.1	451	1058942227534309600
2	10000	0.2	451	971666412801270300
2	10000	0.4	451	1726140952933002e3
4	1000	0.1	451	712130511776734100
4	1000	0.2	451	502041368940568200
4	1000	0.4	451	2067643397677273300
4	10000	0.1	451	1593319814411016700
4	10000	0.2	451	832763944172250800
4	10000	0.4	451	1548370092290351e3
0.5	1000	0.1	452	1174647206948987e3
0.5	1000	0.2	452	897089936021929e3
0.5	1000	0.4	452	577928559093792100
0.5	10000	0.1	452	2249500137315679700
0.5	10000	0.2	452	1742497712540352500
0.5	10000	0.4	452	2168842424374334700
1	1000	0.1	452	2187568453514249e3
1	1000	0.2	452	1790597604194507300
1	1000	0.4	452	1484439959873569e3
1	10000	0.1	452	51016844334233616
1	10000	0.2	452	1236518145725541e3
1	10000	0.4	452	172311902644315e4
2	1000	0.1	452	1408828052682855400
2	1000	0.2	452	1070200499948160100
2	1000	0.4	452	571320848784194050
2	10000	0.1	452	1568064405436536300
2	10000	0.2	452	1385540372357270300
2	10000	0.4	452	1539826260009161200
4	1000	0.1	452	131299202864191680
4	1000	0.2	452	1276771146038864400
4	1000	0.4	452	1891736576467361e3
4	10000	0.1	452	256602037302165340
4	10000	0.2	452	1037391684755750400
4	10000	0.4	452	134274269393348960
0.5	1000	0.1	453	2223719293068469800
0.5	1000	0.2	453	6322264802667753
0.5	1000	0.4	453	981741069324346800
0.5	10000	0.1	453	2139632501393573400
0.5	10000	0.2	453	1632541249584446500
0.5	10000	0.4	453	615360084770343800
1	1000	0.1	453	1075883877259517200
1	1000	0.2	453	164882848242633e4
1	1000	0.4	453	154116641404201e4
1	10000	0.1	453	1598346126902187e3
1	10000	0.2	453	421155124014208600
1	10000	0.4	453	1746864369155646700
2	1000	0.1	453	1674969948259186e3
2	1000	0.2	453	419980878778321150
2	1000	0.4	453	1312385428731437800
2	10000	0.1	453	1000501095155329800
2	10000	0.2	453	810676822546950500
2	10000	0.4	453	166525198316776320
4	1000	0.1	453	597014223865454300
4	1000	0.2	453	427552477902900500
4	1000	0.4	453	1041068607029484300
4	10000	0.1	453	137623134434515e4
4	10000	0.2	453	1984782727004712e3
4	10000	0.4	453	1142563941663344400
0.5	1000	0.1	454	2209889917766134300
0.5	1000	0.2	454	1363285353625666800
0.5	1000	0.4	454	1253014020725041700
0.5	10000	0.1	454	1586299592446612200
0.5	10000	0.2	454	908533498294769700
0.5	10000	0.4	454	673699111216686300
1	1000	0.1	454	478460467602019700
1	1000	0.2	454	1715077112108425200
1	1000	0.4	454	1269920902534946300
1	10000	0.1	454	1814352720786753500
1	10000	0.2	454	1143434275369337300
1	10000	0.4	454	1866748782160509200
2	1000	0.1	454	93793491472718220
2	1000	0.2	454	1252006961940724700
2	1000	0.4	454	1000328372312146e3
2	10000	0.1	454	2259132794290035700
2	10000	0.2	454	32714277139244560
2	10000	0.4	454	8.9461403141154406e+17
4	1000	0.1	454	1514466388819356e3
4	1000	0.2	454	236536691946362500
4	1000	0.4	454	1560552310227521500
4	10000	0.1	454	2081144433138740200
4	10000	0.2	454	1451080143978533400
4	10000	0.4	454	1361842552533252e3
0.5	1000	0.1	455	1758802784452742700
0.5	1000	0.2	455	6.5494152208360806e+17
0.5	1000	0.4	455	1302809121440842500
0.5	10000	0.1	455	1241563612591867e3
0.5	10000	0.2	455	2065997396136305e3
0.5	10000	0.4	455	851448567366756600
1	1000	0.1	455	1769957412345454600
1	1000	0.2	455	31012345469726480
1	1000	0.4	455	58527530696565984
1	10000	0.1	455	473824813875093400
1	10000	0.2	455	432499071924048e3
1	10000	0.4	455	560224240584147100
2	1000	0.1	455	577727157630090100
2	1000	0.2	455	578482052680886100
2	1000	0.4	455	809141424656910700
2	10000	0.1	455	201425940042065100
2	10000	0.2	455	62545442337780750
2	10000	0.4	455	1643676828102665e3
4	1000	0.1	455	1454518635688759300
4	1000	0.2	455	256745678090229020
4	1000	0.4	455	828907951874299400
4	10000	0.1	455	4.6935575874618317e+17
4	10000	0.2	455	1645830630648776700
4	10000	0.4	455	267679145337405060
0.5	1000	0.1	456	552598985466086200
0.5	1000	0.2	456	1363033533210268e3
0.5	1000	0.4	456	1181302987751321300
0.5	10000	0.1	456	1719799431292608e3
0.5	10000	0.2	456	142952718415620720
0.5	10000	0.4	456	1727940254618580500
1	1000	0.1	456	706176830543535100
1	1000	0.2	456	52768350635615170
1	1000	0.4	456	1289433811847517700
1	10000	0.1	456	618520172148662800
1	10000	0.2	456	2018016870119224800
1	10000	0.4	456	1961543502901207300
2	1000	0.1	456	971541160257101400
2	1000	0.2	456	1118214067350493300
2	1000	0.4	456	1445775588381824e3
2	10000	0.1	456	2.6032703160476278e+17
2	10000	0.2	456	995884253186393700
2	10000	0.4	456	1367613098916829200
4	1000	0.1	456	1257569608346082e3
4	1000	0.2	456	545085715723610940
4	1000	0.4	456	68711511163206416
4	10000	0.1	456	42761231574672e4
4	10000	0.2	456	1145351110707325400
4	10000	0.4	456	569132550258284300
0.5	1000	0.1	457	1646636200353388500
0.5	1000	0.2	457	2196762438992385500
0.5	1000	0.4	457	1044338992806155e3
0.5	10000	0.1	457	1436825753844442e3
0.5	10000	0.2	457	2.7390844744895402e+17
0.5	10000	0.4	457	1945770158559529e3
1	1000	0.1	457	1010606910805688800
1	1000	0.2	457	576847458890540800
1	1000	0.4	457	1226977139711655400
1	10000	0.1	457	325723188401768900
1	10000	0.2	457	787180840417042300
1	10000	0.4	457	493634604191562300
2	1000	0.1	457	1749345903464805400
2	1000	0.2	457	1394063816701058300
2	1000	0.4	457	257337111036036300
2	10000	0.1	457	272975234965034500
2	10000	0.2	457	408845771870403900
2	10000	0.4	457	579396385064122100
4	1000	0.1	457	964131978987332900
4	1000	0.2	457	2033665254395411e3
4	1000	0.4	457	1483274022562558500
4	10000	0.1	457	2047896703441573e3
4	10000	0.2	457	620033147259870500
4	10000	0.4	457	944223731020560300
0.5	1000	0.1	458	1153588133187737e3
0.5	1000	0.2	458	2119238318969473300
0.5	1000	0.4	458	858123727682049800
0.5	10000	0.1	458	1912353503677391400
0.5	10000	0.2	458	1477753646144181800
0.5	10000	0.4	458	1538197660126983200
1	1000	0.1	458	522325680988972800
1	1000	0.2	458	969583009393433600
1	1000	0.4	458	1053878470926785300
1	10000	0.1	458	1586425697909738200
1	10000	0.2	458	451314542470543100
1	10000	0.4	458	2007283635096137700
2	1000	0.1	458	1727052130831979e3
2	1000	0.2	458	53177994077363424
2	1000	0.4	458	1632530662144933400
2	10000	0.1	458	581187453964103800
2	10000	0.2	458	1035424787091232300
2	10000	0.4	458	760781355839120300
4	1000	0.1	458	1910567409784527600
4	1000	0.2	458	715589372442075800
4	1000	0.4	458	298094338350939700
4	10000	0.1	458	1622247684831527e3
4	10000	0.2	458	2022043278238353400
4	10000	0.4	458	350070667770065150
0.5	1000	0.1	459	975404157173621800
0.5	1000	0.2	459	2267328516278252800
0.5	1000	0.4	459	560192547866903400
0.5	10000	0.1	459	775550842105946200
0.5	10000	0.2	459	966202668623927200
0.5	10000	0.4	459	923816032986996500
1	1000	0.1	459	1164521092806142500
1	1000	0.2	459	1585778491813068300
1	1000	0.4	459	2282886593001042e3
1	10000	0.1	459	1412553399328534e3
1	10000	0.2	459	2118255585102791700
1	10000	0.4	459	1595295876968997400
2	1000	0.1	459	579499306948290800
2	1000	0.2	459	20106337253645e5
2	1000	0.4	459	967998418979474e3
2	10000	0.1	459	1403544972379294200
2	10000	0.2	459	2160363017407234300
2	10000	0.4	459	1485001419303671300
4	1000	0.1	459	2155191847410934e3
4	1000	0.2	459	898948878873891800
4	1000	0.4	459	549821846509270500
4	10000	0.1	459	2261165978023464700
4	10000	0.2	459	662872813681585900
4	10000	0.4	459	521630530584069950
0.5	1000	0.1	460	341385301191770800
0.5	1000	0.2	460	1734756014054057e3
0.5	1000	0.4	460	1652516361872439800
0.5	10000	0.1	460	506202144652541760
0.5	10000	0.2	460	1940581138674465500
0.5	10000	0.4	460	1112135609971979600
1	1000	0.1	460	277547409016813e3
1	1000	0.2	460	238227310558658140
1	1000	0.4	460	2291325355711925800
1	10000	0.1	460	1627176300876748300
1	10000	0.2	460	1597038750155130400
1	10000	0.4	460	772700745168013600
2	1000	0.1	460	1468220873637452800
2	1000	0.2	460	1477304335455618e3
2	1000	0.4	460	1734136405022893600
2	10000	0.1	460	1436574471136290300
2	10000	0.2	460	195742971312141660
2	10000	0.4	460	1960659419670472700
4	1000	0.1	460	452587367126081e3
4	1000	0.2	460	377771227849396350
4	1000	0.4	460	1104465462035169900
4	10000	0.1	460	2147297205914718700
4	10000	0.2	460	976233461594478300
4	10000	0.4	460	1163009730106379800
0.5	1000	0.1	461	1512056456489101800
0.5	1000	0.2	461	1702200659933097e3
0.5	1000	0.4	461	503984791207257600
0.5	10000	0.1	461	2127316488690256600
0.5	10000	0.2	461	2286082236833672700
0.5	10000	0.4	461	669037837162725900
1	1000	0.1	461	2078270828781713400
1	1000	0.2	461	2.8615878627152678e+17
1	1000	0.4	461	884922204648169200
1	10000	0.1	461	1002870402706456200
1	10000	0.2	461	1867467115700407300
1	10000	0.4	461	341925818129186e3
2	1000	0.1	461	1898454221967834e3
2	1000	0.2	461	519962246623176960
2	1000	0.4	461	97240668628425250
2	10000	0.1	461	1428345215083216400
2	10000	0.2	461	207340278816720930
2	10000	0.4	461	1692513108138596400
4	1000	0.1	461	1033900736441296400
4	1000	0.2	461	1835605474543062e3
4	1000	0.4	461	2299188672356797e3
4	10000	0.1	461	804595481904393900
4	10000	0.2	461	2.6812756512865558e+17
4	10000	0.4	461	1330595388031856400
0.5	1000	0.1	462	94815983104978750
0.5	1000	0.2	462	204957306698612800
0.5	1000	0.4	462	1134891433468069800
0.5	10000	0.1	462	2122533854562409500
0.5	10000	0.2	462	883778547857070200
0.5	10000	0.4	462	333464047101555260
1	1000	0.1	462	731299153228456800
1	1000	0.2	462	1074270182468537300
1	1000	0.4	462	1997641107374519300
1	10000	0.1	462	1058920810522598700
1	10000	0.2	462	12912161789309e5
1	10000	0.4	462	491872749830491200
2	1000	0.1	462	2238568571502150100
2	1000	0.2	462	373337101080106800
2	1000	0.4	462	623495980856276500
2	10000	0.1	462	983010753421531100
2	10000	0.2	462	836964387485401300
2	10000	0.4	462	1036405687582887700
4	1000	0.1	462	2171976866543055600
4	1000	0.2	462	1551182062292058600
4	1000	0.4	462	281266608488787140
4	10000	0.1	462	106367739591119e4
4	10000	0.2	462	1988291749595816e3
4	10000	0.4	462	498738374663029500
0.5	1000	0.1	463	152003300869636700
0.5	1000	0.2	463	779130150109479300
0.5	1000	0.4	463	520873542958202560
0.5	10000	0.1	463	145574496246266850
0.5	10000	0.2	463	94451370512395e4
0.5	10000	0.4	463	1321163667085154e3
1	1000	0.1	463	1204545619457828e3
1	1000	0.2	463	1896710011329391e3
1	1000	0.4	463	1316247281057879600
1	10000	0.1	463	163157234263436e4
1	10000	0.2	463	101728099119830900
1	10000	0.4	463	1802214109550896600
2	1000	0.1	463	1100068267751109600
2	1000	0.2	463	1.2780126004530401e+18
2	1000	0.4	463	788439204839267300
2	10000	0.1	463	1961417217346646500
2	10000	0.2	463	766186410278474400
2	10000	0.4	463	521929965896918500
4	1000	0.1	463	1426708324608054300
4	1000	0.2	463	702553937416891e3
4	1000	0.4	463	358884839458115900
4	10000	0.1	463	1373574247467338800
4	10000	0.2	463	1835527117094572e3
4	10000	0.4	463	322536547017285300
0.5	1000	0.1	464	1982076409733279e3
0.5	1000	0.2	464	1328403902883605500
0.5	1000	0.4	464	1316267324512099600
0.5	10000	0.1	464	2259026400611232e3
0.5	10000	0.2	464	1809793282487938800
0.5	10000	0.4	464	1755995902379605800
1	1000	0.1	464	1239086903179624e3
1	1000	0.2	464	126062079670753e4
1	1000	0.4	464	894018095962837600
1	10000	0.1	464	1730502812495048e3
1	10000	0.2	464	113064890566605280
1	10000	0.4	464	784899198873824100
2	1000	0.1	464	1919430539432971500
2	1000	0.2	464	1014404068555545300
2	1000	0.4	464	1647480156074961400
2	10000	0.1	464	1891957242343745500
2	10000	0.2	464	508695447700622850
2	10000	0.4	464	723971499514470700
4	1000	0.1	464	1805377536221761300
4	1000	0.2	464	1542295454110041e3
4	1000	0.4	464	1955731017347033600
4	10000	0.1	464	445210363343146240
4	10000	0.2	464	180000475758325e4
4	10000	0.4	464	591015054288696200
0.5	1000	0.1	465	2200298641371362800
0.5	1000	0.2	465	478147678794183e3
0.5	1000	0.4	465	360516339990377900
0.5	10000	0.1	465	1300266685021807600
0.5	10000	0.2	465	1917240512056149e3
0.5	10000	0.4	465	1153095953667329800
1	1000	0.1	465	1550479018030136e3
1	1000	0.2	465	1192151376436263400
1	1000	0.4	465	500312572845828100
1	10000	0.1	465	792419883567137400
1	10000	0.2	465	1276852278187794400
1	10000	0.4	465	877533483035903e3
2	1000	0.1	465	1776752383119100200
2	1000	0.2	465	1900494122963320300
2	1000	0.4	465	1574086925013132300
2	10000	0.1	465	665654908163438100
2	10000	0.2	465	2229489733005096e3
2	10000	0.4	465	1786674160206694700
4	1000	0.1	465	399107090614226240
4	1000	0.2	465	340165581323111800
4	1000	0.4	465	1849525940869551e3
4	10000	0.1	465	3.8688830415371757e+17
4	10000	0.2	465	1116854186937966800
4	10000	0.4	465	1658769464345231e3
0.5	1000	0.1	466	594065805293532700
0.5	1000	0.2	466	785040124691630800
0.5	1000	0.4	466	627710756725593300
0.5	10000	0.1	466	1318939953533954800
0.5	10000	0.2	466	743203035773406e3
0.5	10000	0.4	466	1774880627734711300
1	1000	0.1	466	673941463831310500
1	1000	0.2	466	2177657300770205700
1	1000	0.4	466	2072440856220092200
1	10000	0.1	466	1708691198627499300
1	10000	0.2	466	1092653793726302700
1	10000	0.4	466	2189009885307636200
2	1000	0.1	466	1211570208038008300
2	1000	0.2	466	680250296983245300
2	1000	0.4	466	1.2209011275676319e+18
2	10000	0.1	466	710260881869433900
2	10000	0.2	466	626734113394744800
2	10000	0.4	466	316907753821406660
4	1000	0.1	466	908769926031953400
4	1000	0.2	466	254913504722918240
4	1000	0.4	466	339375400450449300
4	10000	0.1	466	1164993811338831e3
4	10000	0.2	466	1010133023991109200
4	10000	0.4	466	709511123072678100
0.5	1000	0.1	467	723890981181265200
0.5	1000	0.2	467	2253026301000191700
0.5	1000	0.4	467	2292872947901935e3
0.5	10000	0.1	467	588437687121815600
0.5	10000	0.2	467	2045796411125499e3
0.5	10000	0.4	467	1532194689077976e3
1	1000	0.1	467	400454449535178300
1	1000	0.2	467	690294502252984200
1	1000	0.4	467	1026918024647341600
1	10000	0.1	467	905671066160181500
1	10000	0.2	467	2267767175665643800
1	10000	0.4	467	1502210391209514e3
2	1000	0.1	467	1318293124175971600
2	1000	0.2	467	1706775291349961200
2	1000	0.4	467	1036640941987346200
2	10000	0.1	467	547776975338006660
2	10000	0.2	467	1413279751001560800
2	10000	0.4	467	1574415704848456200
4	1000	0.1	467	530291436797410050
4	1000	0.2	467	213936042726838370
4	1000	0.4	467	112889494104713730
4	10000	0.1	467	312769845536088900
4	10000	0.2	467	1105651356343436700
4	10000	0.4	467	1355727313478535200
0.5	1000	0.1	468	503603054776032200
0.5	1000	0.2	468	98018588390807900
0.5	1000	0.4	468	880937890889108600
0.5	10000	0.1	468	2097026138594598100
0.5	10000	0.2	468	1369090301136920600
0.5	10000	0.4	468	1946523848446821400
1	1000	0.1	468	16797411089706728
1	1000	0.2	468	620577351826138100
1	1000	0.4	468	68323427804821090
1	10000	0.1	468	1471870021747779e3
1	10000	0.2	468	136453335721424030
1	10000	0.4	468	89817410472411330
2	1000	0.1	468	680327227997759700
2	1000	0.2	468	2012964208385199600
2	1000	0.4	468	2133736724517633300
2	10000	0.1	468	1156406873505835300
2	10000	0.2	468	169910636490476e3
2	10000	0.4	468	769612694439896600
4	1000	0.1	468	2230174573724232700
4	1000	0.2	468	2261107052947992300
4	1000	0.4	468	1025430836881082600
4	10000	0.1	468	744759445992044700
4	10000	0.2	468	69456417586527184
4	10000	0.4	468	2215730567335198700
0.5	1000	0.1	469	1744475510685290500
0.5	1000	0.2	469	758002745682220800
0.5	1000	0.4	469	296176701253712450
0.5	10000	0.1	469	1515876027570662400
0.5	10000	0.2	469	1631200307038653400
0.5	10000	0.4	469	607690530832646500
1	1000	0.1	469	945551920633007400
1	1000	0.2	469	1804915235321916400
1	1000	0.4	469	1300563322121911e3
1	10000	0.1	469	1095027376391836900
1	10000	0.2	469	678839109515477500
1	10000	0.4	469	503127081757489150
2	1000	0.1	469	788592338419148500
2	1000	0.2	469	1919818937554403300
2	1000	0.4	469	1620897789706434300
2	10000	0.1	469	1231311140791574800
2	10000	0.2	469	393639568410221300
2	10000	0.4	469	1340733702851053300
4	1000	0.1	469	2166936789212026400
4	1000	0.2	469	1752421685904951300
4	1000	0.4	469	817537546469501e3
4	10000	0.1	469	574823814749372700
4	10000	0.2	469	407167365009540100
4	10000	0.4	469	999977447035159400
0.5	1000	0.1	470	1541852371088048600
0.5	1000	0.2	470	1959679423708124400
0.5	1000	0.4	470	1546841476960755200
0.5	10000	0.1	470	1490606692179248400
0.5	10000	0.2	470	507018315107252160
0.5	10000	0.4	470	2102614952463789600
1	1000	0.1	470	1927763467275825200
1	1000	0.2	470	887519803048759600
1	1000	0.4	470	1001948982756972200
1	10000	0.1	470	70766190972913e4
1	10000	0.2	470	1856157483203078700
1	10000	0.4	470	1652502974525177300
2	1000	0.1	470	1043345379758094100
2	1000	0.2	470	524332380447557900
2	1000	0.4	470	795401036753946e3
2	10000	0.1	470	962613507798822800
2	10000	0.2	470	1911274835036508700
2	10000	0.4	470	1515467088537471500
4	1000	0.1	470	1595924789944394500
4	1000	0.2	470	1109348190827177100
4	1000	0.4	470	2050406541673386e3
4	10000	0.1	470	1296160980090058500
4	10000	0.2	470	1057445508140546e3
4	10000	0.4	470	1941822106256749600
0.5	1000	0.1	471	216766066619523550
0.5	1000	0.2	471	888416639931319200
0.5	1000	0.4	471	2136635380825986300
0.5	10000	0.1	471	362121872383627840
0.5	10000	0.2	471	944159696528059500
0.5	10000	0.4	471	2212836470860642800
1	1000	0.1	471	411472507897866300
1	1000	0.2	471	1117467769533009700
1	1000	0.4	471	68522292668751600
1	10000	0.1	471	701309203847499400
1	10000	0.2	471	1322886583812727300
1	10000	0.4	471	1112480758665796500
2	1000	0.1	471	1390359531936609300
2	1000	0.2	471	1431948420602579200
2	1000	0.4	471	1343594595800772900
2	10000	0.1	471	1490360349030805e3
2	10000	0.2	471	675050632914843e3
2	10000	0.4	471	1546513714551971600
4	1000	0.1	471	1114311779662472200
4	1000	0.2	471	1388972016033071600
4	1000	0.4	471	89214497137185260
4	10000	0.1	471	433935621243362100
4	10000	0.2	471	1399421233390302e3
4	10000	0.4	471	2007887668662186e3
0.5	1000	0.1	472	1241773598924642600
0.5	1000	0.2	472	1711402691190538e3
0.5	1000	0.4	472	1523009842562301200
0.5	10000	0.1	472	2057104695777323800
0.5	10000	0.2	472	477748617541662600
0.5	10000	0.4	472	1013456931934103200
1	1000	0.1	472	2028139228916952300
1	1000	0.2	472	1178415804112366600
1	1000	0.4	472	750110916327176700
1	10000	0.1	472	1692304182287264e3
1	10000	0.2	472	81508259858726720
1	10000	0.4	472	1393514450400755500
2	1000	0.1	472	1340792944567267800
2	1000	0.2	472	2187990041393848300
2	1000	0.4	472	1636915091373973500
2	10000	0.1	472	24860613252146356
2	10000	0.2	472	1666855901889119700
2	10000	0.4	472	536248903481933300
4	1000	0.1	472	1643500443856711400
4	1000	0.2	472	1882055499758981600
4	1000	0.4	472	865428588489698300
4	10000	0.1	472	887646262666598400
4	10000	0.2	472	2.4821448364714438e+17
4	10000	0.4	472	219338985289636800
0.5	1000	0.1	473	822095650950256100
0.5	1000	0.2	473	2153016114963338200
0.5	1000	0.4	473	2004834746166884900
0.5	10000	0.1	473	892580038405474400
0.5	10000	0.2	473	233452773041740670
0.5	10000	0.4	473	1949391002960543200
1	1000	0.1	473	1437704953152845300
1	1000	0.2	473	349617176060485200
1	1000	0.4	473	108103267198685650
1	10000	0.1	473	86320119161076450
1	10000	0.2	473	1709531817294830300
1	10000	0.4	473	2255063924956288300
2	1000	0.1	473	1124856051931604700
2	1000	0.2	473	728651685833929500
2	1000	0.4	473	2258818358035779800
2	10000	0.1	473	1288639256104397e3
2	10000	0.2	473	311287782915168640
2	10000	0.4	473	747781118965161300
4	1000	0.1	473	1600145905234925600
4	1000	0.2	473	293811066024080400
4	1000	0.4	473	129214116639115260
4	10000	0.1	473	247819904426683940
4	10000	0.2	473	1529971612328696300
4	10000	0.4	473	1368527028199941600
0.5	1000	0.1	474	1308580228599629300
0.5	1000	0.2	474	2084461099327317800
0.5	1000	0.4	474	546649947224746900
0.5	10000	0.1	474	1119117854415235700
0.5	10000	0.2	474	969198569048092500
0.5	10000	0.4	474	1629691904597877200
1	1000	0.1	474	1342578606732293600
1	1000	0.2	474	792872240610460200
1	1000	0.4	474	1086130787591514600
1	10000	0.1	474	894781504058754400
1	10000	0.2	474	1429364391927899600
1	10000	0.4	474	243127372206545250
2	1000	0.1	474	192173435688258300
2	1000	0.2	474	1249850430132517e3
2	1000	0.4	474	1166559436153032e3
2	10000	0.1	474	1479299575860383200
2	10000	0.2	474	2191971494815657200
2	10000	0.4	474	944733334204855700
4	1000	0.1	474	1176385741057577700
4	1000	0.2	474	1144067084669429200
4	1000	0.4	474	1842716495997944600
4	10000	0.1	474	134202896513525980
4	10000	0.2	474	1345894404401126100
4	10000	0.4	474	915687936094368300
0.5	1000	0.1	475	1431695838056912400
0.5	1000	0.2	475	146097514625256350
0.5	1000	0.4	475	1227266015892228e3
0.5	10000	0.1	475	837347467766080800
0.5	10000	0.2	475	379393354055056060
0.5	10000	0.4	475	381790700541982660
1	1000	0.1	475	591507666807511300
1	1000	0.2	475	1527258678649983700
1	1000	0.4	475	406963639507998850
1	10000	0.1	475	643151821040530200
1	10000	0.2	475	2221244235148457e3
1	10000	0.4	475	1689703030654232600
2	1000	0.1	475	1.9507167345292001e+18
2	1000	0.2	475	1115618401464148200
2	1000	0.4	475	1138781993244465300
2	10000	0.1	475	442434581103194700
2	10000	0.2	475	496149309488493700
2	10000	0.4	475	490156585320982700
4	1000	0.1	475	675518115345929700
4	1000	0.2	475	1918938873762180600
4	1000	0.4	475	1912130363983841300
4	10000	0.1	475	1852456445536668400
4	10000	0.2	475	560614879279043140
4	10000	0.4	475	1455018011810148900
0.5	1000	0.1	476	174953547243508480
0.5	1000	0.2	476	2078254732938345e3
0.5	1000	0.4	476	875646567058020100
0.5	10000	0.1	476	920275557339296300
0.5	10000	0.2	476	1810880434791028200
0.5	10000	0.4	476	1127964606287463200
1	1000	0.1	476	1364613969890910700
1	1000	0.2	476	419563112145409200
1	1000	0.4	476	445387343466641540
1	10000	0.1	476	1617204975345324500
1	10000	0.2	476	607484059299207800
1	10000	0.4	476	2297101885178677200
2	1000	0.1	476	1891331010982516700
2	1000	0.2	476	1651714361096593700
2	1000	0.4	476	123130637821010830
2	10000	0.1	476	1993028370050983e3
2	10000	0.2	476	352435168202576260
2	10000	0.4	476	1432298747656456e3
4	1000	0.1	476	2152051920898264600
4	1000	0.2	476	1955163232266503200
4	1000	0.4	476	817571685894851200
4	10000	0.1	476	1704536640840541400
4	10000	0.2	476	1343209176845754e3
4	10000	0.4	476	80169760656105730
0.5	1000	0.1	477	1952460822764446200
0.5	1000	0.2	477	2094737652042604e3
0.5	1000	0.4	477	2286246627165646800
0.5	10000	0.1	477	1009433184284069100
0.5	10000	0.2	477	577495129157190800
0.5	10000	0.4	477	232558663884341100
1	1000	0.1	477	1961801964288611600
1	1000	0.2	477	1671465688811936e3
1	1000	0.4	477	1073671154258671400
1	10000	0.1	477	2259053014465643e3
1	10000	0.2	477	359111782278969900
1	10000	0.4	477	1346363793139181800
2	1000	0.1	477	1212354233006602800
2	1000	0.2	477	1798848519116261e3
2	1000	0.4	477	521052612622350850
2	10000	0.1	477	1283407461634174200
2	10000	0.2	477	820774689074662700
2	10000	0.4	477	108187335399165150
4	1000	0.1	477	1061124526943907100
4	1000	0.2	477	1188421686125745200
4	1000	0.4	477	859824888896635100
4	10000	0.1	477	1960508670479326200
4	10000	0.2	477	526281650910676300
4	10000	0.4	477	843638529292831100
0.5	1000	0.1	478	2200629696485305900
0.5	1000	0.2	478	1896224409071155e3
0.5	1000	0.4	478	610327177767713300
0.5	10000	0.1	478	140942688859549760
0.5	10000	0.2	478	2184761685949807e3
0.5	10000	0.4	478	2068921100727746600
1	1000	0.1	478	2066221239613051400
1	1000	0.2	478	72287795120985008
1	1000	0.4	478	654153075382681100
1	10000	0.1	478	1275729101988135200
1	10000	0.2	478	1353316666601576700
1	10000	0.4	478	699152261368243100
2	1000	0.1	478	2006526585521078800
2	1000	0.2	478	916898310184382800
2	1000	0.4	478	261774150765994050
2	10000	0.1	478	2051050356374231600
2	10000	0.2	478	1382803957664597800
2	10000	0.4	478	138706537180728e3
4	1000	0.1	478	484041682874459400
4	1000	0.2	478	632411712069552e3
4	1000	0.4	478	1135666734153641200
4	10000	0.1	478	1271920645502119700
4	10000	0.2	478	1423619684616756500
4	10000	0.4	478	1.0629226689005839e+18
0.5	1000	0.1	479	1.4683174592168161e+18
0.5	1000	0.2	479	153520932160060030
0.5	1000	0.4	479	194471743291508480
0.5	10000	0.1	479	598858969251362e3
0.5	10000	0.2	479	1175751227918776800
0.5	10000	0.4	479	702069487220949900
1	1000	0.1	479	2018476189854796500
1	1000	0.2	479	1665401509530819800
1	1000	0.4	479	2222620943713610200
1	10000	0.1	479	1282755360377339100
1	10000	0.2	479	1618820753097268200
1	10000	0.4	479	1.2993607556736059e+17
2	1000	0.1	479	557842184476065700
2	1000	0.2	479	834743229880774500
2	1000	0.4	479	924301087774303200
2	10000	0.1	479	1735453732719560200
2	10000	0.2	479	1744092704253078800
2	10000	0.4	479	2042972103578382300
4	1000	0.1	479	497856708480960900
4	1000	0.2	479	203017886023014e4
4	1000	0.4	479	1.6653806154151718e+17
4	10000	0.1	479	15580562949169336
4	10000	0.2	479	306025945623269500
4	10000	0.4	479	503847278541096600
0.5	1000	0.1	480	458971110376225100
0.5	1000	0.2	480	2262628846179322600
0.5	1000	0.4	480	789160728835753900
0.5	10000	0.1	480	1072643244329517600
0.5	10000	0.2	480	2032293559804502e3
0.5	10000	0.4	480	1265687115285963300
1	1000	0.1	480	1773472494044699100
1	1000	0.2	480	2214374947510436e3
1	1000	0.4	480	132178361727612e4
1	10000	0.1	480	805348314372974e3
1	10000	0.2	480	445114978377286140
1	10000	0.4	480	429408182787689300
2	1000	0.1	480	1023445920500735400
2	1000	0.2	480	1138076546921332400
2	1000	0.4	480	1611126695430542800
2	10000	0.1	480	1005569163308781800
2	10000	0.2	480	329989459193225300
2	10000	0.4	480	318824228359079550
4	1000	0.1	480	1415085651488880600
4	1000	0.2	480	2115032644894902800
4	1000	0.4	480	1880123649476448800
4	10000	0.1	480	2037263534363169500
4	10000	0.2	480	201261675375830700
4	10000	0.4	480	2014257872939871200
0.5	1000	0.1	481	2147082491555315e3
0.5	1000	0.2	481	2170710748202744300
0.5	1000	0.4	481	1412008972472085500
0.5	10000	0.1	481	1138248258977931800
0.5	10000	0.2	481	513737684475105e3
0.5	10000	0.4	481	65388569009189224
1	1000	0.1	481	1617547495640633300
1	1000	0.2	481	742987518004051300
1	1000	0.4	481	320120824448551550
1	10000	0.1	481	1404574170827331600
1	10000	0.2	481	2299323881041954600
1	10000	0.4	481	1.2379943936630881e+18
2	1000	0.1	481	658574350792174600
2	1000	0.2	481	73841587200646740
2	1000	0.4	481	329331615551648640
2	10000	0.1	481	247021404784429060
2	10000	0.2	481	1284847903463108600
2	10000	0.4	481	1729363799305129500
4	1000	0.1	481	69579842971465104
4	1000	0.2	481	1095444011463339600
4	1000	0.4	481	1381695560962522e3
4	10000	0.1	481	2012304614896255700
4	10000	0.2	481	1762185837753694700
4	10000	0.4	481	553652094557344500
0.5	1000	0.1	482	2005808525019229700
0.5	1000	0.2	482	628240057920513500
0.5	1000	0.4	482	1527003604569925400
0.5	10000	0.1	482	11162384517220496
0.5	10000	0.2	482	639943619618996100
0.5	10000	0.4	482	1776531905013900300
1	1000	0.1	482	1433312648296094500
1	1000	0.2	482	1098341925865157e3
1	1000	0.4	482	729695984212117500
1	10000	0.1	482	1205860281103542800
1	10000	0.2	482	1659704312754592300
1	10000	0.4	482	859146157215683800
2	1000	0.1	482	220449830546181380
2	1000	0.2	482	1677209029364332500
2	1000	0.4	482	2199434361953819e3
2	10000	0.1	482	1120669702441201400
2	10000	0.2	482	1050779435449456900
2	10000	0.4	482	1059354384858176500
4	1000	0.1	482	1746494736646774300
4	1000	0.2	482	2035547276483619800
4	1000	0.4	482	438352775269437760
4	10000	0.1	482	1138663118162295600
4	10000	0.2	482	1237642726780276700
4	10000	0.4	482	1203165655557414e3
0.5	1000	0.1	483	1485803291153911e3
0.5	1000	0.2	483	244404398927614620
0.5	1000	0.4	483	818715938600259700
0.5	10000	0.1	483	1634371772509536300
0.5	10000	0.2	483	2.9792003178639757e+17
0.5	10000	0.4	483	793764994863046700
1	1000	0.1	483	711782394581686e3
1	1000	0.2	483	1089221098301357e3
1	1000	0.4	483	507362716534196350
1	10000	0.1	483	906618961536389200
1	10000	0.2	483	2069942611738372600
1	10000	0.4	483	1362861010209736200
2	1000	0.1	483	545952148925018200
2	1000	0.2	483	641255965968326700
2	1000	0.4	483	598032537317691900
2	10000	0.1	483	2210600380572478500
2	10000	0.2	483	640703982632452600
2	10000	0.4	483	452500497084942100
4	1000	0.1	483	2225937506728553e3
4	1000	0.2	483	730023642155043200
4	1000	0.4	483	2169752376383424300
4	10000	0.1	483	2087124345266464300
4	10000	0.2	483	193156159996593300
4	10000	0.4	483	2098047919553170200
0.5	1000	0.1	484	682988576853307600
0.5	1000	0.2	484	22185258792518668
0.5	1000	0.4	484	1047597459378816e3
0.5	10000	0.1	484	950435685060295e3
0.5	10000	0.2	484	859766362846267400
0.5	10000	0.4	484	586295904842403700
1	1000	0.1	484	14385925582930044
1	1000	0.2	484	2217365435530404e3
1	1000	0.4	484	574381478239279700
1	10000	0.1	484	1250353909187037200
1	10000	0.2	484	515134799742147650
1	10000	0.4	484	1514137276222219300
2	1000	0.1	484	2081524738733594600
2	1000	0.2	484	1690256182083962600
2	1000	0.4	484	302743885397263800
2	10000	0.1	484	1661194643388179200
2	10000	0.2	484	53809777589447104
2	10000	0.4	484	1498678024876744e3
4	1000	0.1	484	124625889255409e4
4	1000	0.2	484	299566247145986600
4	1000	0.4	484	156104805192283330
4	10000	0.1	484	1445614488432993300
4	10000	0.2	484	1461261103657070300
4	10000	0.4	484	878232718685582700
0.5	1000	0.1	485	3.4826595938944237e+17
0.5	1000	0.2	485	89855518445186690
0.5	1000	0.4	485	2174146964299049e3
0.5	10000	0.1	485	429586405484025600
0.5	10000	0.2	485	40073249009037e3
0.5	10000	0.4	485	1787454106644926e3
1	1000	0.1	485	973616052277628300
1	1000	0.2	485	1363590895312393200
1	1000	0.4	485	222880745273628700
1	10000	0.1	485	1118725890335030400
1	10000	0.2	485	579043322759195500
1	10000	0.4	485	1011900664088856600
2	1000	0.1	485	145550875927959420
2	1000	0.2	485	2132471775882309e3
2	1000	0.4	485	1310037073894199600
2	10000	0.1	485	1240893766455911700
2	10000	0.2	485	1097072359708415900
2	10000	0.4	485	1492904631196797400
4	1000	0.1	485	463097288033728960
4	1000	0.2	485	933090202654641300
4	1000	0.4	485	2242506885996901400
4	10000	0.1	485	952860453900409700
4	10000	0.2	485	687899298856982e3
4	10000	0.4	485	1246970269133793800
0.5	1000	0.1	486	1874475403125768700
0.5	1000	0.2	486	1778959463479637e3
0.5	1000	0.4	486	1371149835980961800
0.5	10000	0.1	486	1635779417490248700
0.5	10000	0.2	486	826758084966009200
0.5	10000	0.4	486	2224602560622036700
1	1000	0.1	486	821339884643683600
1	1000	0.2	486	141694281287977e4
1	1000	0.4	486	1861678263208445200
1	10000	0.1	486	2237788224919803e3
1	10000	0.2	486	814195078708608800
1	10000	0.4	486	11128432643860344
2	1000	0.1	486	134464841638652830
2	1000	0.2	486	622665481260934700
2	1000	0.4	486	134436201963085680
2	10000	0.1	486	1990183525378611500
2	10000	0.2	486	1377016776837329200
2	10000	0.4	486	1752681845274740200
4	1000	0.1	486	220451850794061120
4	1000	0.2	486	1189239150696519200
4	1000	0.4	486	1346667928214745600
4	10000	0.1	486	732481751860486800
4	10000	0.2	486	1647450113364542700
4	10000	0.4	486	2200025998062137900
0.5	1000	0.1	487	790188496228670300
0.5	1000	0.2	487	1081176703469761900
0.5	1000	0.4	487	2000400008495998700
0.5	10000	0.1	487	383511468555006660
0.5	10000	0.2	487	5.6159312050101363e+17
0.5	10000	0.4	487	1991240544265502200
1	1000	0.1	487	1709416624054100500
1	1000	0.2	487	1117038727968626700
1	1000	0.4	487	2197289448683263500
1	10000	0.1	487	1587039049213639700
1	10000	0.2	487	1468344152736826600
1	10000	0.4	487	532206863670583940
2	1000	0.1	487	822042532572858100
2	1000	0.2	487	250036595382203900
2	1000	0.4	487	1865925304131583700
2	10000	0.1	487	1888801558483782400
2	10000	0.2	487	2178155630961969200
2	10000	0.4	487	514430136276000100
4	1000	0.1	487	1277526167350323e3
4	1000	0.2	487	857301237052031500
4	1000	0.4	487	1062208838194958600
4	10000	0.1	487	1177581071397323300
4	10000	0.2	487	1915855954995829800
4	10000	0.4	487	1883132507662745e3
0.5	1000	0.1	488	1464919835757601e3
0.5	1000	0.2	488	751659250891006e3
0.5	1000	0.4	488	1468867598125681200
0.5	10000	0.1	488	1796455302994590200
0.5	10000	0.2	488	1782229208934649600
0.5	10000	0.4	488	741546822808227100
1	1000	0.1	488	1058056163605756800
1	1000	0.2	488	1946823532698433e3
1	1000	0.4	488	1116024252603044100
1	10000	0.1	488	2077355528165984e3
1	10000	0.2	488	1371182001631999500
1	10000	0.4	488	630807366793622100
2	1000	0.1	488	2043737966387364900
2	1000	0.2	488	1590415214046822e3
2	1000	0.4	488	294273904214699600
2	10000	0.1	488	2068543740648532e3
2	10000	0.2	488	372478485851180300
2	10000	0.4	488	82148874940327300
4	1000	0.1	488	952967362782205800
4	1000	0.2	488	913075845112881200
4	1000	0.4	488	938771294533034200
4	10000	0.1	488	1560535106914784300
4	10000	0.2	488	1200863121461223e3
4	10000	0.4	488	2110239851705432300
0.5	1000	0.1	489	219051737720644160
0.5	1000	0.2	489	785027337611848300
0.5	1000	0.4	489	618043234863486800
0.5	10000	0.1	489	1662370961907359e3
0.5	10000	0.2	489	2052165130877059800
0.5	10000	0.4	489	1393219930749763e3
1	1000	0.1	489	1623887960279630800
1	1000	0.2	489	5.3550766192066477e+17
1	1000	0.4	489	48420488302288776
1	10000	0.1	489	1862285160124487200
1	10000	0.2	489	1785703344616299800
1	10000	0.4	489	97489373632955150
2	1000	0.1	489	96926513098804850
2	1000	0.2	489	1302474775174971e3
2	1000	0.4	489	2124594730438073300
2	10000	0.1	489	138946619521246e4
2	10000	0.2	489	1266052309962025200
2	10000	0.4	489	987969774940834300
4	1000	0.1	489	1111297798330197e3
4	1000	0.2	489	175334901332588030
4	1000	0.4	489	1289630896662264e3
4	10000	0.1	489	1895102205278468e3
4	10000	0.2	489	1500019799042940200
4	10000	0.4	489	1808926463173317400
0.5	1000	0.1	490	1862617196683812900
0.5	1000	0.2	490	1873997682386084400
0.5	1000	0.4	490	518156758947220100
0.5	10000	0.1	490	2110643411412609500
0.5	10000	0.2	490	540529243344259700
0.5	10000	0.4	490	454665406742416600
1	1000	0.1	490	1441330823554176300
1	1000	0.2	490	847635142606083300
1	1000	0.4	490	2.3369280495208278e+17
1	10000	0.1	490	640035847573021600
1	10000	0.2	490	1472812226995512800
1	10000	0.4	490	694384342014051600
2	1000	0.1	490	421374313841587460
2	1000	0.2	490	1128115802307251e3
2	1000	0.4	490	1199292896924554800
2	10000	0.1	490	1324930900907199500
2	10000	0.2	490	798856512151862500
2	10000	0.4	490	1882763172216266800
4	1000	0.1	490	378585138923223360
4	1000	0.2	490	602631987699614100
4	1000	0.4	490	2211492059233149e3
4	10000	0.1	490	1163423805590936e3
4	10000	0.2	490	1512027890141184500
4	10000	0.4	490	1235836484907523e3
0.5	1000	0.1	491	2084668214308074e3
0.5	1000	0.2	491	839898171750525400
0.5	1000	0.4	491	1549750037281347e3
0.5	10000	0.1	491	82119743307664e3
0.5	10000	0.2	491	1741361005369973200
0.5	10000	0.4	491	867025223830329500
1	1000	0.1	491	1972709290954978600
1	1000	0.2	491	2078189573262790700
1	1000	0.4	491	1575542189350911500
1	10000	0.1	491	628386086053733400
1	10000	0.2	491	421558384784774140
1	10000	0.4	491	923925763175568500
2	1000	0.1	491	1924034839749086700
2	1000	0.2	491	400648911802451650
2	1000	0.4	491	361326517842949300
2	10000	0.1	491	492821611720904600
2	10000	0.2	491	1591919320438216200
2	10000	0.4	491	601497673942623400
4	1000	0.1	491	1382716284799278800
4	1000	0.2	491	1354357829819814e3
4	1000	0.4	491	1502797866651181e3
4	10000	0.1	491	711406710834532700
4	10000	0.2	491	753207400038035500
4	10000	0.4	491	131067473407778820
0.5	1000	0.1	492	185472014678654e4
0.5	1000	0.2	492	1618179480796351e3
0.5	1000	0.4	492	1772399097865998300
0.5	10000	0.1	492	1479816502513389e3
0.5	10000	0.2	492	1492665717498209300
0.5	10000	0.4	492	2265847869961650700
1	1000	0.1	492	1748660381874758100
1	1000	0.2	492	1349586593778877700
1	1000	0.4	492	393302002042463900
1	10000	0.1	492	2137425750888663e3
1	10000	0.2	492	2085316904984670200
1	10000	0.4	492	429717420762019500
2	1000	0.1	492	24120531377009696
2	1000	0.2	492	1510086870184543700
2	1000	0.4	492	1005240193039238900
2	10000	0.1	492	410736545330787840
2	10000	0.2	492	1878961903994894300
2	10000	0.4	492	2.2421796253459318e+17
4	1000	0.1	492	1786260185417039e3
4	1000	0.2	492	1016625168770654200
4	1000	0.4	492	1207132665793858600
4	10000	0.1	492	1372296246863193600
4	10000	0.2	492	1009219871823510500
4	10000	0.4	492	388242386793159360
0.5	1000	0.1	493	1034981574716209300
0.5	1000	0.2	493	1764698035393694200
0.5	1000	0.4	493	924651576508150900
0.5	10000	0.1	493	2117643233610059300
0.5	10000	0.2	493	1738587205244513e3
0.5	10000	0.4	493	485115873245310660
1	1000	0.1	493	1274190198390666e3
1	1000	0.2	493	1759753416648747500
1	1000	0.4	493	56072182563738736
1	10000	0.1	493	1022255119311133200
1	10000	0.2	493	1444511060162617900
1	10000	0.4	493	1103469490859057200
2	1000	0.1	493	1666397685396089300
2	1000	0.2	493	1258801211836063e3
2	1000	0.4	493	1718680223866452500
2	10000	0.1	493	1599602946641151500
2	10000	0.2	493	1911430783186209300
2	10000	0.4	493	180066622152235550
4	1000	0.1	493	298585769861084400
4	1000	0.2	493	666682843753671300
4	1000	0.4	493	2208835506862911e3
4	10000	0.1	493	1223193374845934300
4	10000	0.2	493	875599381724123400
4	10000	0.4	493	905130860790799700
0.5	1000	0.1	494	594109729453995600
0.5	1000	0.2	494	1654600454786921e3
0.5	1000	0.4	494	1633893106249495300
0.5	10000	0.1	494	1394027950585211100
0.5	10000	0.2	494	319493495886651500
0.5	10000	0.4	494	1237765486491271200
1	1000	0.1	494	2200839556095580200
1	1000	0.2	494	404755421592450940
1	1000	0.4	494	342960030642171650
1	10000	0.1	494	881552521884553e3
1	10000	0.2	494	1538069458486785500
1	10000	0.4	494	375516615264103800
2	1000	0.1	494	1879792015056944600
2	1000	0.2	494	115723712452545260
2	1000	0.4	494	725086972245530800
2	10000	0.1	494	1979321150052091400
2	10000	0.2	494	152013228951783940
2	10000	0.4	494	168557705200777570
4	1000	0.1	494	1524622515227888400
4	1000	0.2	494	1880454297619269600
4	1000	0.4	494	1471370090577047300
4	10000	0.1	494	857412932080624500
4	10000	0.2	494	1652710872086509800
4	10000	0.4	494	125409878204985490
0.5	1000	0.1	495	242878726013466900
0.5	1000	0.2	495	430742415294032100
0.5	1000	0.4	495	1433121327405613e3
0.5	10000	0.1	495	1827315198343122200
0.5	10000	0.2	495	650324124096127400
0.5	10000	0.4	495	1370644985984322300
1	1000	0.1	495	941738069165886500
1	1000	0.2	495	2000867396378202e3
1	1000	0.4	495	977391092806058800
1	10000	0.1	495	768830019938942200
1	10000	0.2	495	467890019632493200
1	10000	0.4	495	2123998284687234800
2	1000	0.1	495	1730792105269586e3
2	1000	0.2	495	680881623977487600
2	1000	0.4	495	906406391055213800
2	10000	0.1	495	1347570087347913e3
2	10000	0.2	495	1003298691718713600
2	10000	0.4	495	2125486492913312
4	1000	0.1	495	849035197502046800
4	1000	0.2	495	1076779309833936400
4	1000	0.4	495	1470947766610273500
4	10000	0.1	495	1583326500940071700
4	10000	0.2	495	986393094525033200
4	10000	0.4	495	739807998400123500
0.5	1000	0.1	496	454241726139607550
0.5	1000	0.2	496	65233471839795e4
0.5	1000	0.4	496	2117844038522836200
0.5	10000	0.1	496	2281123225537889300
0.5	10000	0.2	496	1366459214338446800
0.5	10000	0.4	496	83642986523357920
1	1000	0.1	496	944688118083353300
1	1000	0.2	496	1240232985501795600
1	1000	0.4	496	1136129849054111900
1	10000	0.1	496	1913616512601393700
1	10000	0.2	496	712592868533865200
1	10000	0.4	496	1183883072812095200
2	1000	0.1	496	916286344092229900
2	1000	0.2	496	28446094729410512
2	1000	0.4	496	973664911807188700
2	10000	0.1	496	1.9670115210606118e+17
2	10000	0.2	496	1572168815203296800
2	10000	0.4	496	1650409150939939600
4	1000	0.1	496	1837978415670817500
4	1000	0.2	496	679838614805986700
4	1000	0.4	496	209536829281577440
4	10000	0.1	496	936132243087649300
4	10000	0.2	496	1221787134041524700
4	10000	0.4	496	636132353403187600
0.5	1000	0.1	497	951502364092947200
0.5	1000	0.2	497	486484052885626800
0.5	1000	0.4	497	2012699497008929e3
0.5	10000	0.1	497	1734666593111046100
0.5	10000	0.2	497	1329384073606257700
0.5	10000	0.4	497	65444215588044560
1	1000	0.1	497	483867399841454460
1	1000	0.2	497	50500589886747280
1	1000	0.4	497	1241656184093163300
1	10000	0.1	497	902942919274653200
1	10000	0.2	497	1787208731296515800
1	10000	0.4	497	1914038439453676800
2	1000	0.1	497	185060200865339230
2	1000	0.2	497	769462445691141800
2	1000	0.4	497	374898805258421440
2	10000	0.1	497	907796530487212800
2	10000	0.2	497	807005134551217900
2	10000	0.4	497	1712215035236878300
4	1000	0.1	497	1756817359851183e3
4	1000	0.2	497	1348453416532022800
4	1000	0.4	497	2127991127360533800
4	10000	0.1	497	1921957083316873200
4	10000	0.2	497	1446526571162910200
4	10000	0.4	497	1701428629158895600
0.5	1000	0.1	498	1769103003375540500
0.5	1000	0.2	498	1964056921493753300
0.5	1000	0.4	498	2261985569579840500
0.5	10000	0.1	498	711802457946277900
0.5	10000	0.2	498	2186598554559192300
0.5	10000	0.4	498	2293502386031462400
1	1000	0.1	498	2284462359389384700
1	1000	0.2	498	1838546722288165400
1	1000	0.4	498	1165662282390706700
1	10000	0.1	498	1498096238842522600
1	10000	0.2	498	1.6556751167715041e+18
1	10000	0.4	498	822793666308652e3
2	1000	0.1	498	2116725321745414700
2	1000	0.2	498	1582791382746803200
2	1000	0.4	498	1407550913188685300
2	10000	0.1	498	1731290132490303e3
2	10000	0.2	498	1129013990235844900
2	10000	0.4	498	852106569460971600
4	1000	0.1	498	1301561430091282400
4	1000	0.2	498	2258065359670823700
4	1000	0.4	498	20623328735729e5
4	10000	0.1	498	1227686379706961200
4	10000	0.2	498	1733902393560419800
4	10000	0.4	498	352804126561880100
0.5	1000	0.1	499	227910959933027780
0.5	1000	0.2	499	1609572604776874500
0.5	1000	0.4	499	642505726747950300
0.5	10000	0.1	499	2247636599449461500
0.5	10000	0.2	499	2219401946941169200
0.5	10000	0.4	499	2252673766060486100
1	1000	0.1	499	1398778718816872700
1	1000	0.2	499	921744918363761400
1	1000	0.4	499	771324978899516200
1	10000	0.1	499	99152918290945550
1	10000	0.2	499	1641559437229964800
1	10000	0.4	499	515108850553325950
2	1000	0.1	499	2262071818071395600
2	1000	0.2	499	1349115453655349e3
2	1000	0.4	499	2153509751730224600
2	10000	0.1	499	1365185773116934100
2	10000	0.2	499	783111985919680500
2	10000	0.4	499	1626424909078493400
4	1000	0.1	499	1373450548277355800
4	1000	0.2	499	1016972367741725400
4	1000	0.4	499	2280753827797010200
4	10000	0.1	499	2082293633330952e3
4	10000	0.2	499	5.7659278726629606e+17
4	10000	0.4	499	540213636834725250
0.5	1000	0.1	500	20955931676614e5
0.5	1000	0.2	500	1929815620427100400
0.5	1000	0.4	500	2102703241421741800
0.5	10000	0.1	500	2208921793577412900
0.5	10000	0.2	500	175389712493044900
0.5	10000	0.4	500	1472896839524411400
1	1000	0.1	500	1249817819245387300
1	1000	0.2	500	2156790777182864600
1	1000	0.4	500	1007490173483049200
1	10000	0.1	500	2140201846185573e3
1	10000	0.2	500	1469045453872838700
1	10000	0.4	500	832515461754421100
2	1000	0.1	500	1860035391751920400
2	1000	0.2	500	2019788460370781400
2	1000	0.4	500	878571014918384500
2	10000	0.1	500	1697888596167009500
2	10000	0.2	500	310190754560407400
2	10000	0.4	500	1957124066201781200
4	1000	0.1	500	1804650755190187300
4	1000	0.2	500	665571036464412500
4	1000	0.4	500	203535539976661120
4	10000	0.1	500	935303475371561500
4	10000	0.2	500	2107248054980969500
4	10000	0.4	500	1704266224605904400
0.5	1000	0.1	501	1490137790657899800
0.5	1000	0.2	501	209491998703015940
0.5	1000	0.4	501	558646504444111740
0.5	10000	0.1	501	1090183590764492500
0.5	10000	0.2	501	708823691738096600
0.5	10000	0.4	501	1958767238314692e3
1	1000	0.1	501	2076267928329196e3
1	1000	0.2	501	389773144715070700
1	1000	0.4	501	2069429069992849e3
1	10000	0.1	501	936240670019782e3
1	10000	0.2	501	1390993553945166300
1	10000	0.4	501	1133895316187067400
2	1000	0.1	501	1845136578031573500
2	1000	0.2	501	1133181330007894800
2	1000	0.4	501	271209653009996740
2	10000	0.1	501	1172173757408101400
2	10000	0.2	501	1961875452003028200
2	10000	0.4	501	62764081397408256
4	1000	0.1	501	1980020807106395600
4	1000	0.2	501	3.1447203550439917e+17
4	1000	0.4	501	1808438608247147300
4	10000	0.1	501	1551715718324163e3
4	10000	0.2	501	2088742077443734800
4	10000	0.4	501	692866506341028700
0.5	1000	0.1	502	2292086815100958500
0.5	1000	0.2	502	2261692220189913900
0.5	1000	0.4	502	629396578491188200
0.5	10000	0.1	502	1553572074331706600
0.5	10000	0.2	502	2271684105450401300
0.5	10000	0.4	502	969821686614671900
1	1000	0.1	502	265906003014043680
1	1000	0.2	502	650239288417142800
1	1000	0.4	502	832965455199336200
1	10000	0.1	502	1143627167969252400
1	10000	0.2	502	310916331794781440
1	10000	0.4	502	442810197022357e3
2	1000	0.1	502	1527657956610152400
2	1000	0.2	502	1621118873353761500
2	1000	0.4	502	1928969914090157600
2	10000	0.1	502	530613924288694600
2	10000	0.2	502	1270395588340154e3
2	10000	0.4	502	579054509458631600
4	1000	0.1	502	2089816445027567e3
4	1000	0.2	502	430273185438907400
4	1000	0.4	502	1372967547187995600
4	10000	0.1	502	456942622133020540
4	10000	0.2	502	1123209326975723e3
4	10000	0.4	502	664117399965103500
0.5	1000	0.1	503	629735911103900200
0.5	1000	0.2	503	1440537969632502e3
0.5	1000	0.4	503	1209398906126490600
0.5	10000	0.1	503	2213371143053930200
0.5	10000	0.2	503	224969368776462340
0.5	10000	0.4	503	334212288027286660
1	1000	0.1	503	1366976910789638400
1	1000	0.2	503	35188031151000320
1	1000	0.4	503	2271876817267159600
1	10000	0.1	503	1520392088534933800
1	10000	0.2	503	1782487639581706200
1	10000	0.4	503	1462850765026794e3
2	1000	0.1	503	484408082935135900
2	1000	0.2	503	444802972956509700
2	1000	0.4	503	2120167660413704e3
2	10000	0.1	503	508177222017876860
2	10000	0.2	503	1250922726123038200
2	10000	0.4	503	2201883413467265e3
4	1000	0.1	503	2122475743893529e3
4	1000	0.2	503	1006861777414402600
4	1000	0.4	503	222718219386033630
4	10000	0.1	503	232836639030375260
4	10000	0.2	503	609754455166913200
4	10000	0.4	503	1108200796911109e3
0.5	1000	0.1	504	1150086837383861500
0.5	1000	0.2	504	1330594547458431500
0.5	1000	0.4	504	676490087504213100
0.5	10000	0.1	504	274705543625925500
0.5	10000	0.2	504	1329664731751363e3
0.5	10000	0.4	504	1176451935823903200
1	1000	0.1	504	251482879581747800
1	1000	0.2	504	1190867089926842600
1	1000	0.4	504	1284398505079541800
1	10000	0.1	504	408559067187792100
1	10000	0.2	504	2054440326334089700
1	10000	0.4	504	2305509273927705600
2	1000	0.1	504	806104841565484700
2	1000	0.2	504	155592295870205020
2	1000	0.4	504	161357103799414140
2	10000	0.1	504	41925306758282864
2	10000	0.2	504	2094900703511730200
2	10000	0.4	504	1484100769632403e3
4	1000	0.1	504	1913034758064999e3
4	1000	0.2	504	504135595692857860
4	1000	0.4	504	134420439179933360
4	10000	0.1	504	220124674742534e4
4	10000	0.2	504	1204784515759355100
4	10000	0.4	504	188255930283137100
0.5	1000	0.1	505	2.2850133945658081e+18
0.5	1000	0.2	505	1333585611402248700
0.5	1000	0.4	505	783128948366204300
0.5	10000	0.1	505	2270959343202431700
0.5	10000	0.2	505	2098499050483730200
0.5	10000	0.4	505	418678961824347500
1	1000	0.1	505	1978815293041802800
1	1000	0.2	505	355075798028769900
1	1000	0.4	505	590677044062089200
1	10000	0.1	505	1635666873510645500
1	10000	0.2	505	277211896706083070
1	10000	0.4	505	555285485400409860
2	1000	0.1	505	727265898839197700
2	1000	0.2	505	1777908817907326500
2	1000	0.4	505	17480477368761e5
2	10000	0.1	505	1244362872068178700
2	10000	0.2	505	2266656509095731700
2	10000	0.4	505	2167537394208475e3
4	1000	0.1	505	909925498260747800
4	1000	0.2	505	799247354532285e3
4	1000	0.4	505	722914273619261600
4	10000	0.1	505	87454217192518270
4	10000	0.2	505	1855885247823508700
4	10000	0.4	505	761648806870855700
0.5	1000	0.1	506	130686016143237e4
0.5	1000	0.2	506	1895177766085528600
0.5	1000	0.4	506	1462213055001730600
0.5	10000	0.1	506	2206307123660360700
0.5	10000	0.2	506	2189293666362275600
0.5	10000	0.4	506	1603604006584245800
1	1000	0.1	506	921759702886772500
1	1000	0.2	506	261102724773666140
1	1000	0.4	506	2225366083520924200
1	10000	0.1	506	1871505054840066300
1	10000	0.2	506	648056193549849900
1	10000	0.4	506	1786040148054304e3
2	1000	0.1	506	1002694374946914600
2	1000	0.2	506	1555543212201163500
2	1000	0.4	506	1007945652096726800
2	10000	0.1	506	529084280244370800
2	10000	0.2	506	943164245682369400
2	10000	0.4	506	2202821613993442600
4	1000	0.1	506	937706513931185e3
4	1000	0.2	506	1726172788724148500
4	1000	0.4	506	2057418405245463300
4	10000	0.1	506	1236041230914828300
4	10000	0.2	506	1850183096894383400
4	10000	0.4	506	464513647398171e3
0.5	1000	0.1	507	173084184201357440
0.5	1000	0.2	507	1088742230536629900
0.5	1000	0.4	507	1149913961863431e3
0.5	10000	0.1	507	1611555577607302400
0.5	10000	0.2	507	1709473410816691e3
0.5	10000	0.4	507	774129892424575e3
1	1000	0.1	507	270988011903948960
1	1000	0.2	507	1123229557230177300
1	1000	0.4	507	1607588509151684900
1	10000	0.1	507	1648211582351941400
1	10000	0.2	507	175832559316182e4
1	10000	0.4	507	241783461772643520
2	1000	0.1	507	1012862224126833800
2	1000	0.2	507	741495964323443300
2	1000	0.4	507	708873837947642800
2	10000	0.1	507	828361416805697200
2	10000	0.2	507	1091875183866336600
2	10000	0.4	507	559461397698628900
4	1000	0.1	507	1491209690829832700
4	1000	0.2	507	919110298640790900
4	1000	0.4	507	303351322159100100
4	10000	0.1	507	4.5093122888488237e+17
4	10000	0.2	507	1203002061835443e3
4	10000	0.4	507	1504803876984269800
0.5	1000	0.1	508	1114657593073898400
0.5	1000	0.2	508	8045024618179782
0.5	1000	0.4	508	469611929119756350
0.5	10000	0.1	508	2267816146301954600
0.5	10000	0.2	508	1808102098147732700
0.5	10000	0.4	508	1891697664163478800
1	1000	0.1	508	1458434254944033500
1	1000	0.2	508	2178650970105443800
1	1000	0.4	508	1697223732216667600
1	10000	0.1	508	290580788248971460
1	10000	0.2	508	1480462565351337500
1	10000	0.4	508	29447541792301104
2	1000	0.1	508	1403978093219497200
2	1000	0.2	508	1443360045537027600
2	1000	0.4	508	1394198960473291800
2	10000	0.1	508	2114104150396415700
2	10000	0.2	508	158237584889558620
2	10000	0.4	508	57082838881710416
4	1000	0.1	508	1052656301855698200
4	1000	0.2	508	1023299203498002200
4	1000	0.4	508	829435174518753900
4	10000	0.1	508	119243634936673900
4	10000	0.2	508	107459318250522220
4	10000	0.4	508	92697618614783e4
0.5	1000	0.1	509	1232624801815924500
0.5	1000	0.2	509	1736979406378703400
0.5	1000	0.4	509	398633168163808500
0.5	10000	0.1	509	866234797237212900
0.5	10000	0.2	509	826580939570867700
0.5	10000	0.4	509	2121736071331380200
1	1000	0.1	509	237553525113317060
1	1000	0.2	509	1803340470612466e3
1	1000	0.4	509	1173205897050056200
1	10000	0.1	509	595756433531529900
1	10000	0.2	509	2303371719361177300
1	10000	0.4	509	1634142130365867800
2	1000	0.1	509	1766771503710584600
2	1000	0.2	509	833041368136492800
2	1000	0.4	509	1119130242350666e3
2	10000	0.1	509	883322589782506400
2	10000	0.2	509	37960338895817770
2	10000	0.4	509	938227880753865300
4	1000	0.1	509	2218940122812912400
4	1000	0.2	509	1027530259432814100
4	1000	0.4	509	2205422455270851600
4	10000	0.1	509	2034168342248189700
4	10000	0.2	509	1755982179004241400
4	10000	0.4	509	1326901922331286e3
0.5	1000	0.1	510	2244781386042785800
0.5	1000	0.2	510	19321892090578e5
0.5	1000	0.4	510	1173891048340223700
0.5	10000	0.1	510	141006183691492450
0.5	10000	0.2	510	106526858193636660
0.5	10000	0.4	510	558996835101620600
1	1000	0.1	510	1462537135593364200
1	1000	0.2	510	831108673673285200
1	1000	0.4	510	1790208482504548400
1	10000	0.1	510	593425894849568100
1	10000	0.2	510	520768249307414850
1	10000	0.4	510	2079941905601887200
2	1000	0.1	510	2197208066554762500
2	1000	0.2	510	29853062583459972
2	1000	0.4	510	4.5432468014784563e+17
2	10000	0.1	510	1476080653820589800
2	10000	0.2	510	12726543744067364
2	10000	0.4	510	1344623379794368300
4	1000	0.1	510	184446154433023100
4	1000	0.2	510	1515736867569515800
4	1000	0.4	510	1342956967109083100
4	10000	0.1	510	872233512497449200
4	10000	0.2	510	1316972038931148500
4	10000	0.4	510	130208046782578e4
0.5	1000	0.1	511	1524018768000532700
0.5	1000	0.2	511	1015465100848314400
0.5	1000	0.4	511	198925061417294100
0.5	10000	0.1	511	807970414066802800
0.5	10000	0.2	511	931760335072815700
0.5	10000	0.4	511	1591042698874421500
1	1000	0.1	511	814724460758742900
1	1000	0.2	511	875079527038415900
1	1000	0.4	511	606062719952278700
1	10000	0.1	511	2215359140949350400
1	10000	0.2	511	964265528065174900
1	10000	0.4	511	1681106826535453200
2	1000	0.1	511	1807654842055083500
2	1000	0.2	511	16911880188508782
2	1000	0.4	511	1248186321103983e3
2	10000	0.1	511	1726388590294015e3
2	10000	0.2	511	729226700241139600
2	10000	0.4	511	645060452058431400
4	1000	0.1	511	647721120375534500
4	1000	0.2	511	460010067492888400
4	1000	0.4	511	211829695437156350
4	10000	0.1	511	2287322282215528700
4	10000	0.2	511	678100483127936300
4	10000	0.4	511	998912094513207800
0.5	1000	0.1	512	1464256220778523e3
0.5	1000	0.2	512	804166667198252900
0.5	1000	0.4	512	2195511899105664300
0.5	10000	0.1	512	188658953867460130
0.5	10000	0.2	512	2209995627643212500
0.5	10000	0.4	512	1203535092327821e3
1	1000	0.1	512	1080334611553107e3
1	1000	0.2	512	718754311022135300
1	1000	0.4	512	238804965692095650
1	10000	0.1	512	2198710130600359e3
1	10000	0.2	512	1972806488658959e3
1	10000	0.4	512	1802872368045115e3
2	1000	0.1	512	1832475015513977900
2	1000	0.2	512	1362242976773397800
2	1000	0.4	512	96378516206917280
2	10000	0.1	512	1571296561084793900
2	10000	0.2	512	153590387794469e4
2	10000	0.4	512	964856022323025200
4	1000	0.1	512	1327607490222077200
4	1000	0.2	512	1938986321363135700
4	1000	0.4	512	2092135025741408800
4	10000	0.1	512	1258180935857638100
4	10000	0.2	512	146462426000655e4
4	10000	0.4	512	908495667512848400
0.5	1000	0.1	513	1472720566240230100
0.5	1000	0.2	513	411190880735662600
0.5	1000	0.4	513	1144442007145605100
0.5	10000	0.1	513	260635690403365380
0.5	10000	0.2	513	1565084507635389400
0.5	10000	0.4	513	1392310561112058400
1	1000	0.1	513	1104737213112219400
1	1000	0.2	513	1881532279191010300
1	1000	0.4	513	445879054026472400
1	10000	0.1	513	616184725033675e3
1	10000	0.2	513	993517523505924e3
1	10000	0.4	513	942807739778752800
2	1000	0.1	513	1447602214242814e3
2	1000	0.2	513	1398128488356408800
2	1000	0.4	513	1206468217282045400
2	10000	0.1	513	367054422007548700
2	10000	0.2	513	2029950556652418300
2	10000	0.4	513	1864548219573618200
4	1000	0.1	513	21323189116767e5
4	1000	0.2	513	569762019042855900
4	1000	0.4	513	194465055497833340
4	10000	0.1	513	748188072517704800
4	10000	0.2	513	1897599741998663200
4	10000	0.4	513	1293523097240384e3
0.5	1000	0.1	514	2185449506506375700
0.5	1000	0.2	514	383089848342590400
0.5	1000	0.4	514	442354480732918460
0.5	10000	0.1	514	1492460183051130400
0.5	10000	0.2	514	1800852259374705e3
0.5	10000	0.4	514	284488826109466400
1	1000	0.1	514	846251537499850500
1	1000	0.2	514	1144473411380267e3
1	1000	0.4	514	464299784688980900
1	10000	0.1	514	955740063543584100
1	10000	0.2	514	2068514250569845800
1	10000	0.4	514	177990407261195940
2	1000	0.1	514	1482153587648658400
2	1000	0.2	514	2109326037143401500
2	1000	0.4	514	1427476554145968400
2	10000	0.1	514	1543295209949893600
2	10000	0.2	514	798824324302353700
2	10000	0.4	514	165150330686801900
4	1000	0.1	514	1182510182558219500
4	1000	0.2	514	1549094927562519e3
4	1000	0.4	514	1393638431140758300
4	10000	0.1	514	411142461153860800
4	10000	0.2	514	1421659039369025e3
4	10000	0.4	514	1485577012252536600
0.5	1000	0.1	515	1484067735357142800
0.5	1000	0.2	515	1169780252654793500
0.5	1000	0.4	515	336003894174513200
0.5	10000	0.1	515	61666678395698096
0.5	10000	0.2	515	1615496729582534700
0.5	10000	0.4	515	727041007800287700
1	1000	0.1	515	857193564814684900
1	1000	0.2	515	2091560250210891800
1	1000	0.4	515	1516546709896148200
1	10000	0.1	515	1831116419615693e3
1	10000	0.2	515	184951372345922750
1	10000	0.4	515	1471280627155399200
2	1000	0.1	515	2004888123431345e3
2	1000	0.2	515	147064575158273340
2	1000	0.4	515	1728637805995738600
2	10000	0.1	515	155852343794156320
2	10000	0.2	515	305064583125880450
2	10000	0.4	515	1925798966789542400
4	1000	0.1	515	10676201511278674
4	1000	0.2	515	929773891128844800
4	1000	0.4	515	914970892638956900
4	10000	0.1	515	1396383851638158800
4	10000	0.2	515	209279553201762140
4	10000	0.4	515	15505059635278412
0.5	1000	0.1	516	1134525024969405200
0.5	1000	0.2	516	1602566278524055e3
0.5	1000	0.4	516	665796342372088200
0.5	10000	0.1	516	2.4962282971393242e+17
0.5	10000	0.2	516	278008892666705920
0.5	10000	0.4	516	1906338964311465200
1	1000	0.1	516	844035970450306200
1	1000	0.2	516	1535413185693147100
1	1000	0.4	516	66818551698206050
1	10000	0.1	516	509941937613866500
1	10000	0.2	516	251125827003277860
1	10000	0.4	516	2013877587549537800
2	1000	0.1	516	1154333195455443700
2	1000	0.2	516	14981253640360196
2	1000	0.4	516	326019972184524600
2	10000	0.1	516	2088765281240146200
2	10000	0.2	516	1494174629477821700
2	10000	0.4	516	1294010739243067100
4	1000	0.1	516	1454224186641594600
4	1000	0.2	516	1169902042098570500
4	1000	0.4	516	1264323627326349e3
4	10000	0.1	516	673409234684816300
4	10000	0.2	516	318647168614330560
4	10000	0.4	516	799137375083792800
0.5	1000	0.1	517	2139443183302353700
0.5	1000	0.2	517	2273106437239715600
0.5	1000	0.4	517	2198257590341298e3
0.5	10000	0.1	517	642259924779720400
0.5	10000	0.2	517	852408282378285700
0.5	10000	0.4	517	1592083924191207400
1	1000	0.1	517	1324131574361734400
1	1000	0.2	517	816860876352266200
1	1000	0.4	517	1064558039184848800
1	10000	0.1	517	1700851284787218e3
1	10000	0.2	517	822641735967895800
1	10000	0.4	517	1953813172672389400
2	1000	0.1	517	1949694420103468e3
2	1000	0.2	517	26192649202458168
2	1000	0.4	517	485204526207245700
2	10000	0.1	517	1026138812450762100
2	10000	0.2	517	348608543717560450
2	10000	0.4	517	1534016773456390700
4	1000	0.1	517	1726909384268015400
4	1000	0.2	517	1378972100171854300
4	1000	0.4	517	1193546327278623500
4	10000	0.1	517	1919340904567058400
4	10000	0.2	517	1779687845962537200
4	10000	0.4	517	846533135086497200
0.5	1000	0.1	518	1131744519553875700
0.5	1000	0.2	518	208067032050835870
0.5	1000	0.4	518	377470202719988800
0.5	10000	0.1	518	1361402617159382300
0.5	10000	0.2	518	1428856814811533600
0.5	10000	0.4	518	1148281599133803600
1	1000	0.1	518	1350751823533886500
1	1000	0.2	518	463301408789315200
1	1000	0.4	518	711064348885637e3
1	10000	0.1	518	1971561373905396700
1	10000	0.2	518	2113535850896859600
1	10000	0.4	518	785773349850426600
2	1000	0.1	518	1375416743761812700
2	1000	0.2	518	1237145914186997800
2	1000	0.4	518	2286849736596283100
2	10000	0.1	518	2010982209899943400
2	10000	0.2	518	179432520021871230
2	10000	0.4	518	125770328308901600
4	1000	0.1	518	957948942955155200
4	1000	0.2	518	1967684880788545300
4	1000	0.4	518	1469069242081346600
4	10000	0.1	518	1439830106144513300
4	10000	0.2	518	157277409955167650
4	10000	0.4	518	242938771596046140
0.5	1000	0.1	519	583009312103243300
0.5	1000	0.2	519	989894936071761200
0.5	1000	0.4	519	1262032608820334300
0.5	10000	0.1	519	1649460301760546300
0.5	10000	0.2	519	1183684562668544300
0.5	10000	0.4	519	1882828304178298600
1	1000	0.1	519	453993387146396350
1	1000	0.2	519	1702945159207846700
1	1000	0.4	519	1819739605777784800
1	10000	0.1	519	1115778796721026e3
1	10000	0.2	519	2043941316112060400
1	10000	0.4	519	1975759211483858e3
2	1000	0.1	519	2070270449317425200
2	1000	0.2	519	943591874410133100
2	1000	0.4	519	2085963945787211300
2	10000	0.1	519	239715351252170720
2	10000	0.2	519	1002550356340265100
2	10000	0.4	519	273400619310048100
4	1000	0.1	519	2096733377921380400
4	1000	0.2	519	1634394781835293700
4	1000	0.4	519	1973635268533129200
4	10000	0.1	519	506632621428992640
4	10000	0.2	519	1916486870767938600
4	10000	0.4	519	221724202665497150
0.5	1000	0.1	520	775740753816774800
0.5	1000	0.2	520	1207279134217811500
0.5	1000	0.4	520	2011856346029286400
0.5	10000	0.1	520	76644972997851470
0.5	10000	0.2	520	1251701910578175500
0.5	10000	0.4	520	1979706572586166e3
1	1000	0.1	520	523410119527840960
1	1000	0.2	520	1446481919636451300
1	1000	0.4	520	875196193615755100
1	10000	0.1	520	176674989172343870
1	10000	0.2	520	1873214679456308700
1	10000	0.4	520	1367480564208441300
2	1000	0.1	520	642098579620480600
2	1000	0.2	520	1012836488052857e3
2	1000	0.4	520	1845323068711944200
2	10000	0.1	520	1951944478321148e3
2	10000	0.2	520	639929711160895200
2	10000	0.4	520	1849485710039876e3
4	1000	0.1	520	1785495208845816300
4	1000	0.2	520	499607080463721300
4	1000	0.4	520	604393822974472300
4	10000	0.1	520	774799402463225100
4	10000	0.2	520	1993958216950747600
4	10000	0.4	520	511603411167956800
0.5	1000	0.1	521	46127190499573750
0.5	1000	0.2	521	1729539212271954e3
0.5	1000	0.4	521	567440384122874240
0.5	10000	0.1	521	1392526720746327600
0.5	10000	0.2	521	1970063578968316e3
0.5	10000	0.4	521	313505566077756400
1	1000	0.1	521	2176094768472379100
1	1000	0.2	521	871637420761072400
1	1000	0.4	521	2284160346800103700
1	10000	0.1	521	1448180358042314800
1	10000	0.2	521	404715125170269200
1	10000	0.4	521	1005507049265658400
2	1000	0.1	521	702694089994531600
2	1000	0.2	521	2101105797640133600
2	1000	0.4	521	2123476298101150500
2	10000	0.1	521	945380102900402600
2	10000	0.2	521	388537103001263900
2	10000	0.4	521	1888013235848416300
4	1000	0.1	521	1595433790251531800
4	1000	0.2	521	2233027056548070100
4	1000	0.4	521	840712322162697700
4	10000	0.1	521	1091382601941255400
4	10000	0.2	521	2156755027982975500
4	10000	0.4	521	501934866930786240
0.5	1000	0.1	522	1120782686955737900
0.5	1000	0.2	522	1602208834116219400
0.5	1000	0.4	522	58083256481284984
0.5	10000	0.1	522	132922901802129600
0.5	10000	0.2	522	2183191653394267600
0.5	10000	0.4	522	710122384536322400
1	1000	0.1	522	898044936872508200
1	1000	0.2	522	25150454680279504
1	1000	0.4	522	2002440440233591e3
1	10000	0.1	522	1280541757577311700
1	10000	0.2	522	594531672633360300
1	10000	0.4	522	998029792354118800
2	1000	0.1	522	545338577103732350
2	1000	0.2	522	1162323767220363300
2	1000	0.4	522	1256114633863659800
2	10000	0.1	522	791555767469878400
2	10000	0.2	522	547034151245584200
2	10000	0.4	522	200658034961463420
4	1000	0.1	522	2137602372245923800
4	1000	0.2	522	1.8732362583075999e+18
4	1000	0.4	522	136048036039904e4
4	10000	0.1	522	1350136919507185200
4	10000	0.2	522	1624403563652014e3
4	10000	0.4	522	373167465056886340
0.5	1000	0.1	523	1140819553523918800
0.5	1000	0.2	523	1251455787605684500
0.5	1000	0.4	523	47099691197264880
0.5	10000	0.1	523	1656174893482296600
0.5	10000	0.2	523	1475684553757131800
0.5	10000	0.4	523	1100256422543027100
1	1000	0.1	523	538111665890233340
1	1000	0.2	523	1735954883402696700
1	1000	0.4	523	487361315353517060
1	10000	0.1	523	280034148796174600
1	10000	0.2	523	1344125025212511200
1	10000	0.4	523	10927250507550
2	1000	0.1	523	1750868526872674300
2	1000	0.2	523	218161214909903070
2	1000	0.4	523	1390823047580994300
2	10000	0.1	523	1536265739351818200
2	10000	0.2	523	2082768508101782800
2	10000	0.4	523	44646494548591416
4	1000	0.1	523	1663851309160271e3
4	1000	0.2	523	122097159870286400
4	1000	0.4	523	1986715866032372500
4	10000	0.1	523	1892422777451559700
4	10000	0.2	523	190619464576819700
4	10000	0.4	523	2062224718036611600
0.5	1000	0.1	524	1196511778207602200
0.5	1000	0.2	524	2189980043567213600
0.5	1000	0.4	524	2287403926177576400
0.5	10000	0.1	524	1693082417777618e3
0.5	10000	0.2	524	2126600247060826e3
0.5	10000	0.4	524	67464758184559104
1	1000	0.1	524	1884575328876835800
1	1000	0.2	524	784383900668135600
1	1000	0.4	524	2076308335183061500
1	10000	0.1	524	2129065745787676e3
1	10000	0.2	524	1716583109127964700
1	10000	0.4	524	1486091799501393e3
2	1000	0.1	524	28632032479112988
2	1000	0.2	524	848888641317914200
2	1000	0.4	524	406493478232327040
2	10000	0.1	524	284762350682232500
2	10000	0.2	524	842673322873042800
2	10000	0.4	524	1179734964882500400
4	1000	0.1	524	2066677917808358e3
4	1000	0.2	524	2215271466328762600
4	1000	0.4	524	1.9792846014012319e+18
4	10000	0.1	524	904319726171448200
4	10000	0.2	524	177137307543047740
4	10000	0.4	524	1888023948951567e3
0.5	1000	0.1	525	2015199702627187700
0.5	1000	0.2	525	2152393280866898e3
0.5	1000	0.4	525	1416647625192535600
0.5	10000	0.1	525	221192036931559700
0.5	10000	0.2	525	1836304634325352e3
0.5	10000	0.4	525	257170480949584300
1	1000	0.1	525	1353505881025869800
1	1000	0.2	525	2105495698530034200
1	1000	0.4	525	821308431475650200
1	10000	0.1	525	417730334770556800
1	10000	0.2	525	731777006139950700
1	10000	0.4	525	616864590441909800
2	1000	0.1	525	186242335111864580
2	1000	0.2	525	339336017740104450
2	1000	0.4	525	1160547318717543200
2	10000	0.1	525	1018509201432847600
2	10000	0.2	525	950441453469065200
2	10000	0.4	525	1259397516094536700
4	1000	0.1	525	411632866790972600
4	1000	0.2	525	1.0374556358363919e+18
4	1000	0.4	525	2267919032456767700
4	10000	0.1	525	1353856985659884500
4	10000	0.2	525	557038703103139500
4	10000	0.4	525	1824135959020305700
0.5	1000	0.1	526	1425843309189565e3
0.5	1000	0.2	526	177174035723696160
0.5	1000	0.4	526	1629507968730348e3
0.5	10000	0.1	526	1308845247222139e3
0.5	10000	0.2	526	2.5201115334462118e+17
0.5	10000	0.4	526	1808992409348867800
1	1000	0.1	526	1397124190068510500
1	1000	0.2	526	236432667364510750
1	1000	0.4	526	1440262428538523100
1	10000	0.1	526	2227695310430678e3
1	10000	0.2	526	2232595653494608600
1	10000	0.4	526	857193084980966900
2	1000	0.1	526	262365923831184580
2	1000	0.2	526	1658197903401161700
2	1000	0.4	526	1606315815291419600
2	10000	0.1	526	1900064283420839e3
2	10000	0.2	526	837885705257611500
2	10000	0.4	526	1986506049474619e3
4	1000	0.1	526	1091158935309232600
4	1000	0.2	526	31275225098510912
4	1000	0.4	526	109310687034691870
4	10000	0.1	526	1959338954812172800
4	10000	0.2	526	859073293404489600
4	10000	0.4	526	1252962285284523300
0.5	1000	0.1	527	122144576976753900
0.5	1000	0.2	527	1105898541514465900
0.5	1000	0.4	527	275314754162414940
0.5	10000	0.1	527	2195166619472762400
0.5	10000	0.2	527	1596545970566981600
0.5	10000	0.4	527	553930824914792060
1	1000	0.1	527	2176646660364749e3
1	1000	0.2	527	369439466165236600
1	1000	0.4	527	1684097133065825300
1	10000	0.1	527	1307238984089666300
1	10000	0.2	527	1916137640849971200
1	10000	0.4	527	1868701061442827300
2	1000	0.1	527	774682159378720300
2	1000	0.2	527	2148151130538841600
2	1000	0.4	527	1987718061436604400
2	10000	0.1	527	1945527688841201e3
2	10000	0.2	527	1603017304402861e3
2	10000	0.4	527	284342832535630500
4	1000	0.1	527	1482238185573523500
4	1000	0.2	527	814132855938436e3
4	1000	0.4	527	1700792552402604500
4	10000	0.1	527	120240997954263860
4	10000	0.2	527	1391119690742811600
4	10000	0.4	527	523363181091226500
0.5	1000	0.1	528	459598399436714500
0.5	1000	0.2	528	1241534191054513700
0.5	1000	0.4	528	1930841781106441e3
0.5	10000	0.1	528	49211007923144720
0.5	10000	0.2	528	598455404621476400
0.5	10000	0.4	528	1213754993265560600
1	1000	0.1	528	1217797876540494300
1	1000	0.2	528	411303308056682200
1	1000	0.4	528	546754073812593400
1	10000	0.1	528	1238056454147822300
1	10000	0.2	528	1241221029464136200
1	10000	0.4	528	1479763055432762600
2	1000	0.1	528	2093674604022395e3
2	1000	0.2	528	722266469623495200
2	1000	0.4	528	603861830060728700
2	10000	0.1	528	1370656497048337e3
2	10000	0.2	528	707458937857483800
2	10000	0.4	528	3.1619867839293363e+17
4	1000	0.1	528	1332197041736569300
4	1000	0.2	528	1591859582689182700
4	1000	0.4	528	2164490073942781200
4	10000	0.1	528	7922437224647e5
4	10000	0.2	528	852166649778529800
4	10000	0.4	528	1623112689145765400
0.5	1000	0.1	529	2073269120443283e3
0.5	1000	0.2	529	946373940171711e3
0.5	1000	0.4	529	42815152542777e4
0.5	10000	0.1	529	967837639070557800
0.5	10000	0.2	529	2105307576185192e3
0.5	10000	0.4	529	188839220987301800
1	1000	0.1	529	1164963034272249e3
1	1000	0.2	529	2261879027162647600
1	1000	0.4	529	948649169325280300
1	10000	0.1	529	825331961195948800
1	10000	0.2	529	2281102846790296300
1	10000	0.4	529	1376744297722102e3
2	1000	0.1	529	1078395920759439600
2	1000	0.2	529	704617337193061500
2	1000	0.4	529	1713321156340417500
2	10000	0.1	529	1290245390479492e3
2	10000	0.2	529	652858803948822300
2	10000	0.4	529	1318723886323265300
4	1000	0.1	529	267098530707905950
4	1000	0.2	529	1846389945112715500
4	1000	0.4	529	49366340399319250
4	10000	0.1	529	626768109145344500
4	10000	0.2	529	2296662043318879700
4	10000	0.4	529	1410440436504889300
0.5	1000	0.1	530	1710709409167212e3
0.5	1000	0.2	530	491402535487184100
0.5	1000	0.4	530	290881238899388200
0.5	10000	0.1	530	1928236868521508900
0.5	10000	0.2	530	35528252417226460
0.5	10000	0.4	530	965399163372336100
1	1000	0.1	530	1898643518661794800
1	1000	0.2	530	12033841671227364
1	1000	0.4	530	2111474252072843800
1	10000	0.1	530	674230292069914200
1	10000	0.2	530	1238337696134324700
1	10000	0.4	530	908676755621987600
2	1000	0.1	530	647729141771878900
2	1000	0.2	530	665183748833619600
2	1000	0.4	530	1976583117669021700
2	10000	0.1	530	806482632099943200
2	10000	0.2	530	144185231678915070
2	10000	0.4	530	127141361273617980
4	1000	0.1	530	920192442297183900
4	1000	0.2	530	1201780869061540900
4	1000	0.4	530	613027013910521500
4	10000	0.1	530	605415746779344800
4	10000	0.2	530	957869332548690300
4	10000	0.4	530	623802910820481e3
0.5	1000	0.1	531	1932097468076632300
0.5	1000	0.2	531	817301417931787500
0.5	1000	0.4	531	1148865692815834900
0.5	10000	0.1	531	267711445086636500
0.5	10000	0.2	531	1832263662526342700
0.5	10000	0.4	531	132864264635588960
1	1000	0.1	531	2196890811601297700
1	1000	0.2	531	1609732763316193500
1	1000	0.4	531	1099281524253089e3
1	10000	0.1	531	154028598026610500
1	10000	0.2	531	1866727131228574700
1	10000	0.4	531	1585489194191393800
2	1000	0.1	531	924581028717272800
2	1000	0.2	531	758952273091199900
2	1000	0.4	531	199330110598067550
2	10000	0.1	531	1390499944618437600
2	10000	0.2	531	204561551929824800
2	10000	0.4	531	2090640221145595400
4	1000	0.1	531	346249878702901060
4	1000	0.2	531	734675906259204900
4	1000	0.4	531	1035238223146886700
4	10000	0.1	531	1694762460761043e3
4	10000	0.2	531	469248010562557950
4	10000	0.4	531	807722418838005e3
0.5	1000	0.1	532	1514328039022456800
0.5	1000	0.2	532	1839584955382750700
0.5	1000	0.4	532	1968500132291927e3
0.5	10000	0.1	532	1543659237881150500
0.5	10000	0.2	532	162851305874469570
0.5	10000	0.4	532	71508393435629110
1	1000	0.1	532	1177072315768692200
1	1000	0.2	532	1658976274226922200
1	1000	0.4	532	1304061703587299600
1	10000	0.1	532	1425193509554781200
1	10000	0.2	532	176625561485820640
1	10000	0.4	532	804256584172751100
2	1000	0.1	532	939847046237752800
2	1000	0.2	532	2194276029674827800
2	1000	0.4	532	1557597955668860200
2	10000	0.1	532	1958955571188679200
2	10000	0.2	532	970601828271966800
2	10000	0.4	532	1980717112334078500
4	1000	0.1	532	1013114439623933600
4	1000	0.2	532	622960362279622900
4	1000	0.4	532	2283540214503133400
4	10000	0.1	532	1740507734878254e3
4	10000	0.2	532	3.0981782730956883e+17
4	10000	0.4	532	1604164483488416800
0.5	1000	0.1	533	822599986340050700
0.5	1000	0.2	533	1122698155477439e3
0.5	1000	0.4	533	2067274377346841e3
0.5	10000	0.1	533	1088725212162028300
0.5	10000	0.2	533	702287137344657800
0.5	10000	0.4	533	1070392179896151300
1	1000	0.1	533	1511741884504266500
1	1000	0.2	533	291765333107175e3
1	1000	0.4	533	800708314337828900
1	10000	0.1	533	1793523182043573500
1	10000	0.2	533	434964512203628160
1	10000	0.4	533	322523071208631600
2	1000	0.1	533	1758787929618221600
2	1000	0.2	533	159165680786098340
2	1000	0.4	533	1410282973362688500
2	10000	0.1	533	1243212299585779700
2	10000	0.2	533	1442201044166146300
2	10000	0.4	533	841970386613650200
4	1000	0.1	533	2269441339031894500
4	1000	0.2	533	2247685816585315800
4	1000	0.4	533	173084548723028e4
4	10000	0.1	533	1833304801392605700
4	10000	0.2	533	720235254976130200
4	10000	0.4	533	993799496319792500
0.5	1000	0.1	534	1435831444555842300
0.5	1000	0.2	534	1.7239710555830918e+17
0.5	1000	0.4	534	356323089790188740
0.5	10000	0.1	534	1855945451067593200
0.5	10000	0.2	534	1990076626644587800
0.5	10000	0.4	534	1674719470947398400
1	1000	0.1	534	1192564142940038e3
1	1000	0.2	534	2009326914670322700
1	1000	0.4	534	377283047260267650
1	10000	0.1	534	551285780043073300
1	10000	0.2	534	544749667147875700
1	10000	0.4	534	644460563075507200
2	1000	0.1	534	966474710975109200
2	1000	0.2	534	580981007734418700
2	1000	0.4	534	1835408734343879400
2	10000	0.1	534	680719753910238200
2	10000	0.2	534	738260122868271100
2	10000	0.4	534	113760137841503e4
4	1000	0.1	534	1270139098756649e3
4	1000	0.2	534	27871310925382244
4	1000	0.4	534	1021260477605360400
4	10000	0.1	534	149616675436245e4
4	10000	0.2	534	1636872079201467e3
4	10000	0.4	534	787145386354310400
0.5	1000	0.1	535	2.2061592381182239e+18
0.5	1000	0.2	535	809013244382865300
0.5	1000	0.4	535	2275582612620052200
0.5	10000	0.1	535	1546557234131629800
0.5	10000	0.2	535	914202217233732600
0.5	10000	0.4	535	556016372083867200
1	1000	0.1	535	1.1233225923229839e+18
1	1000	0.2	535	1289988179910299100
1	1000	0.4	535	1178247873985754400
1	10000	0.1	535	131315521669980020
1	10000	0.2	535	1835650668612213200
1	10000	0.4	535	2028511403691100700
2	1000	0.1	535	282513396888306400
2	1000	0.2	535	2275082962639853800
2	1000	0.4	535	2159678613817425e3
2	10000	0.1	535	1051535329770958600
2	10000	0.2	535	1602223462223765e3
2	10000	0.4	535	3.0517947032462963e+17
4	1000	0.1	535	2199687436210687500
4	1000	0.2	535	808576952669092100
4	1000	0.4	535	1748411638893393700
4	10000	0.1	535	1168997255613045200
4	10000	0.2	535	1294144172434911e3
4	10000	0.4	535	639372038978082400
0.5	1000	0.1	536	2155561366202636500
0.5	1000	0.2	536	2223997499086489900
0.5	1000	0.4	536	884911260320484600
0.5	10000	0.1	536	855421305386843e3
0.5	10000	0.2	536	1727696821744889300
0.5	10000	0.4	536	755788501713203800
1	1000	0.1	536	2272263080423699200
1	1000	0.2	536	752168258898155300
1	1000	0.4	536	778915255172565400
1	10000	0.1	536	1239872435684693800
1	10000	0.2	536	2031775696762091e3
1	10000	0.4	536	1116012608404435200
2	1000	0.1	536	1153059515083259100
2	1000	0.2	536	1470423886023795e3
2	1000	0.4	536	1587415426732507e3
2	10000	0.1	536	1392358974191405800
2	10000	0.2	536	599996929325367200
2	10000	0.4	536	1979104742404449500
4	1000	0.1	536	342586797754382140
4	1000	0.2	536	1840883332684057300
4	1000	0.4	536	1229680118363040500
4	10000	0.1	536	1892404235536879600
4	10000	0.2	536	149427339939865700
4	10000	0.4	536	515790714866052500
0.5	1000	0.1	537	1636329352711286300
0.5	1000	0.2	537	1859616025470889e3
0.5	1000	0.4	537	1684557191182251e3
0.5	10000	0.1	537	1317728705786911e3
0.5	10000	0.2	537	1781441669598398700
0.5	10000	0.4	537	638327221668840200
1	1000	0.1	537	1162892111866285e3
1	1000	0.2	537	1187784936155345200
1	1000	0.4	537	129226560621024e4
1	10000	0.1	537	318937101867484350
1	10000	0.2	537	1719153973667843800
1	10000	0.4	537	673530637641038700
2	1000	0.1	537	1460818940433716200
2	1000	0.2	537	917798688615882400
2	1000	0.4	537	181269338773127420
2	10000	0.1	537	1849974890420456700
2	10000	0.2	537	950528449863181e3
2	10000	0.4	537	1982775871590912500
4	1000	0.1	537	59943197319181936
4	1000	0.2	537	913489081081265500
4	1000	0.4	537	1502975517752469800
4	10000	0.1	537	2087725866277811700
4	10000	0.2	537	1495409368690722800
4	10000	0.4	537	1285456000734479e3
0.5	1000	0.1	538	621708523369928200
0.5	1000	0.2	538	753981717706435100
0.5	1000	0.4	538	1763081388759232300
0.5	10000	0.1	538	1943201189793479200
0.5	10000	0.2	538	1022808754900845600
0.5	10000	0.4	538	1507974332159903700
1	1000	0.1	538	1005303368949062100
1	1000	0.2	538	704934889153102800
1	1000	0.4	538	610191000045449e3
1	10000	0.1	538	79491080006586100
1	10000	0.2	538	395447456771999800
1	10000	0.4	538	710781111644323300
2	1000	0.1	538	300136114254950400
2	1000	0.2	538	1.2720716275306059e+17
2	1000	0.4	538	183658163799900740
2	10000	0.1	538	2000963528436076800
2	10000	0.2	538	1969282657117884400
2	10000	0.4	538	1362560900040227e3
4	1000	0.1	538	493513345087794200
4	1000	0.2	538	339565070020391040
4	1000	0.4	538	1145092129861216100
4	10000	0.1	538	2212012270239018200
4	10000	0.2	538	1198209136371547100
4	10000	0.4	538	227838825101226560
0.5	1000	0.1	539	2204827027712917800
0.5	1000	0.2	539	946852383580845300
0.5	1000	0.4	539	185354621492830270
0.5	10000	0.1	539	172020474799826300
0.5	10000	0.2	539	1082908744380932600
0.5	10000	0.4	539	415112545497634900
1	1000	0.1	539	34868344288935688
1	1000	0.2	539	1317422000533494300
1	1000	0.4	539	2257173658492362500
1	10000	0.1	539	1537412962974927e3
1	10000	0.2	539	2063856665765855700
1	10000	0.4	539	2063760455372616e3
2	1000	0.1	539	221791114646809570
2	1000	0.2	539	361145822387753500
2	1000	0.4	539	5923450894667287
2	10000	0.1	539	1318791544676345900
2	10000	0.2	539	405837913837392640
2	10000	0.4	539	1303422022426925e3
4	1000	0.1	539	227407995735016540
4	1000	0.2	539	1047661268109516e3
4	1000	0.4	539	2111046950888117800
4	10000	0.1	539	7.9956395214523994e+17
4	10000	0.2	539	556507751424649340
4	10000	0.4	539	129358007558991e4
0.5	1000	0.1	540	2303980152243265500
0.5	1000	0.2	540	4346289737919533
0.5	1000	0.4	540	1567311909851287300
0.5	10000	0.1	540	951889462602018600
0.5	10000	0.2	540	764731040824272400
0.5	10000	0.4	540	838074287778435800
1	1000	0.1	540	2045384971379214800
1	1000	0.2	540	679412115218075800
1	1000	0.4	540	337259084033199550
1	10000	0.1	540	1066004843497125400
1	10000	0.2	540	1196499719283759400
1	10000	0.4	540	1528560229706451e3
2	1000	0.1	540	186395584897922720
2	1000	0.2	540	220012666943824770
2	1000	0.4	540	1247452640940338700
2	10000	0.1	540	994031706871760900
2	10000	0.2	540	1551042195742289400
2	10000	0.4	540	488403752311804200
4	1000	0.1	540	1495852744548139e3
4	1000	0.2	540	1344601798137102e3
4	1000	0.4	540	3.9527050927761683e+17
4	10000	0.1	540	425010129624712600
4	10000	0.2	540	1287917129246797e3
4	10000	0.4	540	1157760623098281500
0.5	1000	0.1	541	2126127648172508400
0.5	1000	0.2	541	1539876441796229e3
0.5	1000	0.4	541	1431218564079792400
0.5	10000	0.1	541	1629272481822820400
0.5	10000	0.2	541	1390589123601149e3
0.5	10000	0.4	541	1747907722970719200
1	1000	0.1	541	1.8601094523700321e+18
1	1000	0.2	541	1824353148701545200
1	1000	0.4	541	681953474359374600
1	10000	0.1	541	1.7652967824734879e+18
1	10000	0.2	541	4.1556860627873363e+17
1	10000	0.4	541	631096502321524200
2	1000	0.1	541	312084158190948500
2	1000	0.2	541	1059541210148851200
2	1000	0.4	541	2171941452608798500
2	10000	0.1	541	742075703761451400
2	10000	0.2	541	804458270538698200
2	10000	0.4	541	1261413443745883e3
4	1000	0.1	541	885905689374443600
4	1000	0.2	541	328373054928080960
4	1000	0.4	541	195699081733366500
4	10000	0.1	541	1776754790583380200
4	10000	0.2	541	755224049529222100
4	10000	0.4	541	505549761704690940
0.5	1000	0.1	542	2020532879999782700
0.5	1000	0.2	542	698079203819817e3
0.5	1000	0.4	542	1153762419815011800
0.5	10000	0.1	542	601528623446556500
0.5	10000	0.2	542	1298608111703947800
0.5	10000	0.4	542	136490892526019620
1	1000	0.1	542	387150342844173800
1	1000	0.2	542	101897940419212750
1	1000	0.4	542	97659937317483090
1	10000	0.1	542	1859783400893449200
1	10000	0.2	542	1111886504555976300
1	10000	0.4	542	693746457752369400
2	1000	0.1	542	1187219394528534800
2	1000	0.2	542	1086124661297962900
2	1000	0.4	542	318649609733314500
2	10000	0.1	542	822100238406351e3
2	10000	0.2	542	1478218948291967700
2	10000	0.4	542	874541694381300400
4	1000	0.1	542	841647053481147300
4	1000	0.2	542	1416499083811512600
4	1000	0.4	542	840519741677724900
4	10000	0.1	542	535088264792437200
4	10000	0.2	542	951762790598011100
4	10000	0.4	542	174586445114786300
0.5	1000	0.1	543	257271824926687970
0.5	1000	0.2	543	1044577560867495800
0.5	1000	0.4	543	1684217468280011500
0.5	10000	0.1	543	1185388473985512e3
0.5	10000	0.2	543	1039988810886417700
0.5	10000	0.4	543	1110407671657040600
1	1000	0.1	543	2135789081209406700
1	1000	0.2	543	1780157889947616800
1	1000	0.4	543	172487490363530300
1	10000	0.1	543	1314694480876779500
1	10000	0.2	543	5.7144357718771763e+17
1	10000	0.4	543	1138716329383078300
2	1000	0.1	543	1914466328247324400
2	1000	0.2	543	2142845148519010600
2	1000	0.4	543	1314670806455450600
2	10000	0.1	543	156226940913416320
2	10000	0.2	543	1340189411902056700
2	10000	0.4	543	236246747232876540
4	1000	0.1	543	141865732717736e3
4	1000	0.2	543	763957266623115900
4	1000	0.4	543	2250174726423484e3
4	10000	0.1	543	665460558521675900
4	10000	0.2	543	1007643327056089500
4	10000	0.4	543	1379341626057882e3
0.5	1000	0.1	544	2188161198756255700
0.5	1000	0.2	544	601185385850924e3
0.5	1000	0.4	544	1698967233779335200
0.5	10000	0.1	544	2232830075991699500
0.5	10000	0.2	544	417300133546795e3
0.5	10000	0.4	544	563906127566409340
1	1000	0.1	544	1626477035701611500
1	1000	0.2	544	72264537789808050
1	1000	0.4	544	103545067702951550
1	10000	0.1	544	1265132552127859700
1	10000	0.2	544	1653115817605621500
1	10000	0.4	544	895367288300296600
2	1000	0.1	544	1235526043303447800
2	1000	0.2	544	1833606678410832600
2	1000	0.4	544	414422859844736200
2	10000	0.1	544	691146584933683800
2	10000	0.2	544	645662134522921500
2	10000	0.4	544	2069568787635453700
4	1000	0.1	544	1072964046350715400
4	1000	0.2	544	1601628669739796500
4	1000	0.4	544	673232775349009400
4	10000	0.1	544	437562895300681400
4	10000	0.2	544	1763683686441358300
4	10000	0.4	544	1080658088953105700
0.5	1000	0.1	545	25118749018393344
0.5	1000	0.2	545	1261633507961530400
0.5	1000	0.4	545	546221455421491700
0.5	10000	0.1	545	493841453887055500
0.5	10000	0.2	545	948321646382195e3
0.5	10000	0.4	545	1741763591310501e3
1	1000	0.1	545	1223725647709517300
1	1000	0.2	545	1839420010925542700
1	1000	0.4	545	1297313987070231600
1	10000	0.1	545	1373369268596497700
1	10000	0.2	545	1441427093854569500
1	10000	0.4	545	594642067102491e3
2	1000	0.1	545	7.6174725235823194e+17
2	1000	0.2	545	2087248735066551300
2	1000	0.4	545	235315533896143870
2	10000	0.1	545	1388489803487064600
2	10000	0.2	545	819387955498613600
2	10000	0.4	545	1569347408164448300
4	1000	0.1	545	606169124941484700
4	1000	0.2	545	982640138067389800
4	1000	0.4	545	1881180049799214300
4	10000	0.1	545	1297242399705625600
4	10000	0.2	545	1794923152707957500
4	10000	0.4	545	2131599652249239300
0.5	1000	0.1	546	2102121899482050600
0.5	1000	0.2	546	182549698496305860
0.5	1000	0.4	546	1490751341648041e3
0.5	10000	0.1	546	150723501824483200
0.5	10000	0.2	546	1102233213615251300
0.5	10000	0.4	546	1554101347141340700
1	1000	0.1	546	1212973164525918700
1	1000	0.2	546	1272187680843388e3
1	1000	0.4	546	2302837977901593600
1	10000	0.1	546	418431627182335600
1	10000	0.2	546	357010728461418700
1	10000	0.4	546	853981325665998700
2	1000	0.1	546	3.1452715410019763e+17
2	1000	0.2	546	76817355966367600
2	1000	0.4	546	330237222495218940
2	10000	0.1	546	564432537510659840
2	10000	0.2	546	1368458434906879700
2	10000	0.4	546	1179680301423044900
4	1000	0.1	546	2015295753987598300
4	1000	0.2	546	626513395352449200
4	1000	0.4	546	1905510883525102300
4	10000	0.1	546	1759908981091140600
4	10000	0.2	546	1.4228937267419999e+18
4	10000	0.4	546	396002242835523500
0.5	1000	0.1	547	1501205882667673e3
0.5	1000	0.2	547	170187506778347e4
0.5	1000	0.4	547	181382925395073400
0.5	10000	0.1	547	663794475904967800
0.5	10000	0.2	547	1510791037182497300
0.5	10000	0.4	547	612481954042411e3
1	1000	0.1	547	1064315463352228900
1	1000	0.2	547	671043252842087800
1	1000	0.4	547	22002553101190428
1	10000	0.1	547	1581209427823063300
1	10000	0.2	547	1369958042873213200
1	10000	0.4	547	1403610382630688800
2	1000	0.1	547	1836123697104347e3
2	1000	0.2	547	2236227113845265400
2	1000	0.4	547	1.5451363375365082e+17
2	10000	0.1	547	1830002613515055600
2	10000	0.2	547	1034629151848268e3
2	10000	0.4	547	2265624125819530500
4	1000	0.1	547	472245832095454460
4	1000	0.2	547	146675885911170940
4	1000	0.4	547	542269029628849400
4	10000	0.1	547	369075477599929660
4	10000	0.2	547	3.0131924153409197e+17
4	10000	0.4	547	2138167100322954200
0.5	1000	0.1	548	388470424777477440
0.5	1000	0.2	548	473265944836547500
0.5	1000	0.4	548	1519407993352820200
0.5	10000	0.1	548	2021975719871195e3
0.5	10000	0.2	548	271619998106918270
0.5	10000	0.4	548	1569136585542547e3
1	1000	0.1	548	1828452835999689200
1	1000	0.2	548	2038393882905166800
1	1000	0.4	548	982151946344778e3
1	10000	0.1	548	285085962598431460
1	10000	0.2	548	619565830950867e3
1	10000	0.4	548	2104419830989073e3
2	1000	0.1	548	1925778482851878100
2	1000	0.2	548	2135993313360648e3
2	1000	0.4	548	1184687109746479400
2	10000	0.1	548	163589840929073e4
2	10000	0.2	548	2211728395845060900
2	10000	0.4	548	340637959889830800
4	1000	0.1	548	874985024494980400
4	1000	0.2	548	1532848670368879600
4	1000	0.4	548	1065366601829513700
4	10000	0.1	548	178387746358797020
4	10000	0.2	548	288389543134975500
4	10000	0.4	548	282430600010528600
0.5	1000	0.1	549	758093723595556200
0.5	1000	0.2	549	394522615097784400
0.5	1000	0.4	549	222359017026832800
0.5	10000	0.1	549	1856217400381804e3
0.5	10000	0.2	549	989932382995033100
0.5	10000	0.4	549	497362270565092100
1	1000	0.1	549	833888795000595100
1	1000	0.2	549	528947540409388100
1	1000	0.4	549	844246459688872700
1	10000	0.1	549	352094421741578300
1	10000	0.2	549	1484993562907326e3
1	10000	0.4	549	587974973678271100
2	1000	0.1	549	735230767067327400
2	1000	0.2	549	1250290789240818700
2	1000	0.4	549	2196960789303185700
2	10000	0.1	549	1341552742527954700
2	10000	0.2	549	1214239277454173200
2	10000	0.4	549	636985980576438900
4	1000	0.1	549	879641120440282200
4	1000	0.2	549	196366150784431100
4	1000	0.4	549	2092266672493861400
4	10000	0.1	549	606292444259635300
4	10000	0.2	549	1600572040979047700
4	10000	0.4	549	543824424980677950
0.5	1000	0.1	550	1404427688557601300
0.5	1000	0.2	550	2104785185472653e3
0.5	1000	0.4	550	7.2480196202658406e+17
0.5	10000	0.1	550	640560630478937100
0.5	10000	0.2	550	1771366673764188700
0.5	10000	0.4	550	120559164390914910
1	1000	0.1	550	1960480194024099600
1	1000	0.2	550	434995826064958e3
1	1000	0.4	550	841949855146713300
1	10000	0.1	550	410123903891593800
1	10000	0.2	550	311899413710650560
1	10000	0.4	550	141134546235086400
2	1000	0.1	550	2091060826998064400
2	1000	0.2	550	1739560054971818500
2	1000	0.4	550	1979590952121723400
2	10000	0.1	550	1430656147910108700
2	10000	0.2	550	1.2240297992454559e+18
2	10000	0.4	550	1619725236179843800
4	1000	0.1	550	1770447807565236700
4	1000	0.2	550	628275943625788700
4	1000	0.4	550	758044824937895300
4	10000	0.1	550	149066606459640770
4	10000	0.2	550	1080593810930994200
4	10000	0.4	550	601043399085637100
0.5	1000	0.1	551	103702308261916140
0.5	1000	0.2	551	1272229514784541200
0.5	1000	0.4	551	728464164683835800
0.5	10000	0.1	551	110277977624409260
0.5	10000	0.2	551	4.9143440601144717e+17
0.5	10000	0.4	551	893597845629826300
1	1000	0.1	551	1183495049133072600
1	1000	0.2	551	1809034160515035100
1	1000	0.4	551	315115286954638660
1	10000	0.1	551	338712523731977660
1	10000	0.2	551	1633577044432172e3
1	10000	0.4	551	1087731913340396900
2	1000	0.1	551	1142151374299701500
2	1000	0.2	551	949218929331162400
2	1000	0.4	551	1307907898795285e3
2	10000	0.1	551	1706818608939373e3
2	10000	0.2	551	1556432724472086800
2	10000	0.4	551	1513804072459972600
4	1000	0.1	551	635392762913302800
4	1000	0.2	551	2276687086552458200
4	1000	0.4	551	2053253685893140700
4	10000	0.1	551	427229194245009400
4	10000	0.2	551	4.9478847999646797e+17
4	10000	0.4	551	2183060443813793800
0.5	1000	0.1	552	693571249205306400
0.5	1000	0.2	552	593009687388478100
0.5	1000	0.4	552	1302327933720462300
0.5	10000	0.1	552	1360138487991558400
0.5	10000	0.2	552	1322973497114033400
0.5	10000	0.4	552	746633007780204e3
1	1000	0.1	552	1052926378397382700
1	1000	0.2	552	603899475897193600
1	1000	0.4	552	557814294012841200
1	10000	0.1	552	842046587171768600
1	10000	0.2	552	1408882943253764e3
1	10000	0.4	552	790396592044233500
2	1000	0.1	552	283458681972484450
2	1000	0.2	552	936463914460072800
2	1000	0.4	552	1702521031787313e3
2	10000	0.1	552	994525060819446100
2	10000	0.2	552	854247975056513800
2	10000	0.4	552	888268204703473900
4	1000	0.1	552	656806991240767200
4	1000	0.2	552	293912706728970050
4	1000	0.4	552	1470692994347366100
4	10000	0.1	552	1908264517871004400
4	10000	0.2	552	1885758402967435800
4	10000	0.4	552	2019384729864993800
0.5	1000	0.1	553	1508555026413581e3
0.5	1000	0.2	553	298937050296265100
0.5	1000	0.4	553	687539274443021300
0.5	10000	0.1	553	1537966069180982800
0.5	10000	0.2	553	2242826320932994e3
0.5	10000	0.4	553	47869968137332e4
1	1000	0.1	553	844225129161830800
1	1000	0.2	553	1799463165940608500
1	1000	0.4	553	1193828025950937e3
1	10000	0.1	553	723011885014524200
1	10000	0.2	553	930632911736651300
1	10000	0.4	553	521690867201561600
2	1000	0.1	553	2298923637317491200
2	1000	0.2	553	2156968285113970200
2	1000	0.4	553	1600715833200578e3
2	10000	0.1	553	1391543618161015800
2	10000	0.2	553	1369317261760609800
2	10000	0.4	553	1109999156818116500
4	1000	0.1	553	371398507745052300
4	1000	0.2	553	2169738696731484e3
4	1000	0.4	553	158771338202638460
4	10000	0.1	553	2153383115800156700
4	10000	0.2	553	106343086322258260
4	10000	0.4	553	2304044031651613700
0.5	1000	0.1	554	1827199880138657300
0.5	1000	0.2	554	1273958356893692400
0.5	1000	0.4	554	198158172402582460
0.5	10000	0.1	554	1819265098202713900
0.5	10000	0.2	554	320129105869515e3
0.5	10000	0.4	554	1322073506751647e3
1	1000	0.1	554	1011843539180821800
1	1000	0.2	554	1150911923259697400
1	1000	0.4	554	343308320224812160
1	10000	0.1	554	539673496334080900
1	10000	0.2	554	1742852397020703e3
1	10000	0.4	554	780180383116265500
2	1000	0.1	554	408007264929582200
2	1000	0.2	554	2259456402172418600
2	1000	0.4	554	1387295837304910800
2	10000	0.1	554	1290197071480834e3
2	10000	0.2	554	1239895606253400300
2	10000	0.4	554	428390485390456e3
4	1000	0.1	554	1160571973746087400
4	1000	0.2	554	1719821404095044600
4	1000	0.4	554	989369186928349200
4	10000	0.1	554	2065205876604489200
4	10000	0.2	554	1728251932729290500
4	10000	0.4	554	1685675740253290200
0.5	1000	0.1	555	151109051968237920
0.5	1000	0.2	555	2106042089153928200
0.5	1000	0.4	555	1492790742133286100
0.5	10000	0.1	555	652977256527799200
0.5	10000	0.2	555	659487890769978100
0.5	10000	0.4	555	501511832745824960
1	1000	0.1	555	591161421556444400
1	1000	0.2	555	1065442076006836700
1	1000	0.4	555	161514622459617300
1	10000	0.1	555	2210281092968785700
1	10000	0.2	555	1608581841044776e3
1	10000	0.4	555	1415104120732819e3
2	1000	0.1	555	1426233639651556600
2	1000	0.2	555	1709004965301873e3
2	1000	0.4	555	1139999914197621900
2	10000	0.1	555	1194046794231695400
2	10000	0.2	555	2040141302398281e3
2	10000	0.4	555	1744953491625142800
4	1000	0.1	555	1372130031100352500
4	1000	0.2	555	210529507619600540
4	1000	0.4	555	1958032393649823e3
4	10000	0.1	555	340292404417947100
4	10000	0.2	555	660957487410132600
4	10000	0.4	555	1167389434953042700
0.5	1000	0.1	556	807702936293261600
0.5	1000	0.2	556	1190763456800037600
0.5	1000	0.4	556	898022592369984100
0.5	10000	0.1	556	1123106033350750100
0.5	10000	0.2	556	422783933279459840
0.5	10000	0.4	556	1820161717585385500
1	1000	0.1	556	1438961559441987e3
1	1000	0.2	556	1241867819140278300
1	1000	0.4	556	1249583516032349200
1	10000	0.1	556	1256657074509455600
1	10000	0.2	556	964264063702566800
1	10000	0.4	556	1524224588986081500
2	1000	0.1	556	2088752952835010600
2	1000	0.2	556	26911863653773056
2	1000	0.4	556	845295017233558800
2	10000	0.1	556	1120052367173610500
2	10000	0.2	556	1421939527459001300
2	10000	0.4	556	1112549593652678300
4	1000	0.1	556	820704536803157500
4	1000	0.2	556	864636662852049900
4	1000	0.4	556	711841405388242700
4	10000	0.1	556	1439164976867085800
4	10000	0.2	556	2042284651702831400
4	10000	0.4	556	1939989964785761800
0.5	1000	0.1	557	712890364141873700
0.5	1000	0.2	557	991064102688478200
0.5	1000	0.4	557	1057970091646735500
0.5	10000	0.1	557	2086498017170089200
0.5	10000	0.2	557	1309557130434495500
0.5	10000	0.4	557	2162834525419841300
1	1000	0.1	557	428007121628887040
1	1000	0.2	557	379755510813290240
1	1000	0.4	557	2011099167344156200
1	10000	0.1	557	1897831015318672600
1	10000	0.2	557	2192060359211872300
1	10000	0.4	557	1872068037162386200
2	1000	0.1	557	1043551454013082900
2	1000	0.2	557	1767434880955332600
2	1000	0.4	557	1234032860274366e3
2	10000	0.1	557	954893807865091600
2	10000	0.2	557	178038927752975330
2	10000	0.4	557	1285196243128396e3
4	1000	0.1	557	809635477947124400
4	1000	0.2	557	1799150998580438800
4	1000	0.4	557	1389319908874068200
4	10000	0.1	557	394557366425925e3
4	10000	0.2	557	1114523598050762800
4	10000	0.4	557	1760034872406855400
0.5	1000	0.1	558	188960196345939400
0.5	1000	0.2	558	1134926760566579300
0.5	1000	0.4	558	7342847317395422
0.5	10000	0.1	558	591430584689820300
0.5	10000	0.2	558	359110965737452200
0.5	10000	0.4	558	1683107388176923e3
1	1000	0.1	558	2206252935443063800
1	1000	0.2	558	2060451159518525200
1	1000	0.4	558	1890867685445448700
1	10000	0.1	558	5.2898187822971437e+17
1	10000	0.2	558	342682614623029760
1	10000	0.4	558	4.0186604921306323e+17
2	1000	0.1	558	866632898083704800
2	1000	0.2	558	1845230733303718400
2	1000	0.4	558	1858484204345995500
2	10000	0.1	558	75218313845719392
2	10000	0.2	558	1208812801917454300
2	10000	0.4	558	1329753826887936300
4	1000	0.1	558	1595528728432483800
4	1000	0.2	558	35751438914392732
4	1000	0.4	558	1201313852665699300
4	10000	0.1	558	393393437391140100
4	10000	0.2	558	1.7995762007615398e+17
4	10000	0.4	558	1461364994599855600
0.5	1000	0.1	559	126983426454323740
0.5	1000	0.2	559	1745111069258092800
0.5	1000	0.4	559	2255263211763645700
0.5	10000	0.1	559	26876983598118664
0.5	10000	0.2	559	332998214420948700
0.5	10000	0.4	559	1297527459378318300
1	1000	0.1	559	838608269429217400
1	1000	0.2	559	1298734034122886400
1	1000	0.4	559	194863932240634e4
1	10000	0.1	559	1956507313167933200
1	10000	0.2	559	366539683562550600
1	10000	0.4	559	1697411056123954e3
2	1000	0.1	559	1148687425110633100
2	1000	0.2	559	2280993658432796400
2	1000	0.4	559	846471299580042e3
2	10000	0.1	559	1127574065431990400
2	10000	0.2	559	1887956751051887e3
2	10000	0.4	559	1164024332380308e3
4	1000	0.1	559	1548262954648690700
4	1000	0.2	559	670558361279764900
4	1000	0.4	559	2303576100041925600
4	10000	0.1	559	791446815060471300
4	10000	0.2	559	1778919593383390500
4	10000	0.4	559	1889460514761435e3
0.5	1000	0.1	560	2096204929264172500
0.5	1000	0.2	560	163015820351651700
0.5	1000	0.4	560	13188734596839028
0.5	10000	0.1	560	1070318320035079e3
0.5	10000	0.2	560	1890930365855993300
0.5	10000	0.4	560	1.7226407742589921e+18
1	1000	0.1	560	2135260224255537700
1	1000	0.2	560	663014575597446500
1	1000	0.4	560	417110727116060740
1	10000	0.1	560	2189821155365473500
1	10000	0.2	560	839280643725967100
1	10000	0.4	560	708046136482052e3
2	1000	0.1	560	2237911890999494100
2	1000	0.2	560	992928474880926700
2	1000	0.4	560	613408288037286800
2	10000	0.1	560	2251627663700163e3
2	10000	0.2	560	2071955981024372700
2	10000	0.4	560	1289839736762861600
4	1000	0.1	560	1688044250268311600
4	1000	0.2	560	822949307785263700
4	1000	0.4	560	749232317623718100
4	10000	0.1	560	190661194287569500
4	10000	0.2	560	1017629675669761500
4	10000	0.4	560	206174075283089800
0.5	1000	0.1	561	1213468780130673700
0.5	1000	0.2	561	1466852963833104400
0.5	1000	0.4	561	2067725685740177700
0.5	10000	0.1	561	1277222956463136300
0.5	10000	0.2	561	88008151382120830
0.5	10000	0.4	561	1168532471462723e3
1	1000	0.1	561	1707268952026645e3
1	1000	0.2	561	1901597409533885200
1	1000	0.4	561	1699492598213955600
1	10000	0.1	561	1700279186884238300
1	10000	0.2	561	54908232793788656
1	10000	0.4	561	2086977576102384400
2	1000	0.1	561	1652471565581379800
2	1000	0.2	561	2159417972719370500
2	1000	0.4	561	2245335948013369900
2	10000	0.1	561	2140696615343129900
2	10000	0.2	561	136934596536806350
2	10000	0.4	561	1083798847285152500
4	1000	0.1	561	2235123908544517400
4	1000	0.2	561	2187771141079785e3
4	1000	0.4	561	1629414818321752600
4	10000	0.1	561	1363340315581825500
4	10000	0.2	561	1749148756396474400
4	10000	0.4	561	1960491534160813800
0.5	1000	0.1	562	2185815790241207800
0.5	1000	0.2	562	665978243708597900
0.5	1000	0.4	562	1012684902102774800
0.5	10000	0.1	562	1508257897821613800
0.5	10000	0.2	562	1055933004142896400
0.5	10000	0.4	562	733490874001374e3
1	1000	0.1	562	886256430969755900
1	1000	0.2	562	2025122646451407e3
1	1000	0.4	562	1968317865388157200
1	10000	0.1	562	1386593138525601500
1	10000	0.2	562	288694478480607800
1	10000	0.4	562	72609690228502180
2	1000	0.1	562	1486557115987264500
2	1000	0.2	562	625063414668584800
2	1000	0.4	562	1972474722551222300
2	10000	0.1	562	1556157318130499800
2	10000	0.2	562	20004951516728928
2	10000	0.4	562	1224043516562914800
4	1000	0.1	562	829878640997737600
4	1000	0.2	562	1284402187804561400
4	1000	0.4	562	366724978489619300
4	10000	0.1	562	719127364390422100
4	10000	0.2	562	1467059792698987800
4	10000	0.4	562	1107273342858076900
0.5	1000	0.1	563	2278786858106701300
0.5	1000	0.2	563	306486447769163200
0.5	1000	0.4	563	952631746153028100
0.5	10000	0.1	563	172681424471400100
0.5	10000	0.2	563	1158960427688835e3
0.5	10000	0.4	563	1997537337417960700
1	1000	0.1	563	509584663435570750
1	1000	0.2	563	850746592064059e3
1	1000	0.4	563	625619975695273300
1	10000	0.1	563	1121530258659897500
1	10000	0.2	563	1284932790713491200
1	10000	0.4	563	1057877053968589400
2	1000	0.1	563	2067007785067028700
2	1000	0.2	563	26631359725644108
2	1000	0.4	563	1435717182711500300
2	10000	0.1	563	1527600996652436700
2	10000	0.2	563	1.3885904293445301e+17
2	10000	0.4	563	1239068717570916900
4	1000	0.1	563	569107455702181e3
4	1000	0.2	563	956340319026661e3
4	1000	0.4	563	5.6095637350422963e+17
4	10000	0.1	563	2121479580124825600
4	10000	0.2	563	582470012396997e3
4	10000	0.4	563	1165522186626445800
0.5	1000	0.1	564	739642424109589400
0.5	1000	0.2	564	1399701811725388800
0.5	1000	0.4	564	2092909540462292200
0.5	10000	0.1	564	299571667332085060
0.5	10000	0.2	564	1242434640744458800
0.5	10000	0.4	564	2201698849778635300
1	1000	0.1	564	478554470343056450
1	1000	0.2	564	324044582513700540
1	1000	0.4	564	318805656705582400
1	10000	0.1	564	120968848713135550
1	10000	0.2	564	24062205137059100
1	10000	0.4	564	14403245850662024
2	1000	0.1	564	743871914328746200
2	1000	0.2	564	1807780505515295e3
2	1000	0.4	564	743709343761192800
2	10000	0.1	564	1740200517440824600
2	10000	0.2	564	2191252568136497200
2	10000	0.4	564	1904543006202272e3
4	1000	0.1	564	99971467358886620
4	1000	0.2	564	2004665155431780400
4	1000	0.4	564	1114767266168381700
4	10000	0.1	564	1228412122136350200
4	10000	0.2	564	1596106892755349500
4	10000	0.4	564	1552910287101244e3
0.5	1000	0.1	565	1809008422530648e3
0.5	1000	0.2	565	798009627856403100
0.5	1000	0.4	565	2295691654510770200
0.5	10000	0.1	565	898517698443100300
0.5	10000	0.2	565	599519185256238e3
0.5	10000	0.4	565	1883081324051605500
1	1000	0.1	565	1015894161393608300
1	1000	0.2	565	698675104156781400
1	1000	0.4	565	973877983535233e3
1	10000	0.1	565	693529041741965800
1	10000	0.2	565	677962726511707300
1	10000	0.4	565	2089949889233487600
2	1000	0.1	565	915290349113401900
2	1000	0.2	565	1361905817969366500
2	1000	0.4	565	212673575978289e4
2	10000	0.1	565	2100123867169715500
2	10000	0.2	565	60598242490010520
2	10000	0.4	565	1377772473600441900
4	1000	0.1	565	1861951976465316400
4	1000	0.2	565	1730116246026132e3
4	1000	0.4	565	661037495433488400
4	10000	0.1	565	1237678016667062800
4	10000	0.2	565	705059069165907200
4	10000	0.4	565	1728425560893979100
0.5	1000	0.1	566	2.1543566093605318e+17
0.5	1000	0.2	566	1242987735562436600
0.5	1000	0.4	566	1738000469709505300
0.5	10000	0.1	566	1249757457465348600
0.5	10000	0.2	566	2087070187516822800
0.5	10000	0.4	566	1682358557765372200
1	1000	0.1	566	2248528555079954200
1	1000	0.2	566	2258952213735367700
1	1000	0.4	566	1200579774293252e3
1	10000	0.1	566	1082770891579109900
1	10000	0.2	566	1859753312831759600
1	10000	0.4	566	832081695233612300
2	1000	0.1	566	1552182080981408300
2	1000	0.2	566	49219883606582736
2	1000	0.4	566	537613465396662300
2	10000	0.1	566	1966820642064304400
2	10000	0.2	566	774885789383997800
2	10000	0.4	566	1088656487683014900
4	1000	0.1	566	1272807749356597800
4	1000	0.2	566	2251745061692847400
4	1000	0.4	566	2062862999812297700
4	10000	0.1	566	295583524192735700
4	10000	0.2	566	688048060353688300
4	10000	0.4	566	97131941557115890
0.5	1000	0.1	567	164868286466773060
0.5	1000	0.2	567	1441603728964325e3
0.5	1000	0.4	567	1480565790909653800
0.5	10000	0.1	567	745396782198280300
0.5	10000	0.2	567	838799437226362100
0.5	10000	0.4	567	1177330860725001700
1	1000	0.1	567	2262196028036210700
1	1000	0.2	567	207335514444284e4
1	1000	0.4	567	149476363301932030
1	10000	0.1	567	2215748074885926100
1	10000	0.2	567	797164532550347300
1	10000	0.4	567	2198157009026718700
2	1000	0.1	567	899481102371422500
2	1000	0.2	567	148897515398913280
2	1000	0.4	567	2241094573752194e3
2	10000	0.1	567	662947800618933800
2	10000	0.2	567	850605265584902400
2	10000	0.4	567	1520832931408796
4	1000	0.1	567	1089645724985812200
4	1000	0.2	567	622982263141581e3
4	1000	0.4	567	382349115073420300
4	10000	0.1	567	1583852238380085200
4	10000	0.2	567	2123544558559171600
4	10000	0.4	567	1.9378612792707999e+18
0.5	1000	0.1	568	1690090320719697700
0.5	1000	0.2	568	1496721409828571e3
0.5	1000	0.4	568	599234388366823700
0.5	10000	0.1	568	884638602223804700
0.5	10000	0.2	568	964014757761126900
0.5	10000	0.4	568	917299552959847400
1	1000	0.1	568	1410014667527943400
1	1000	0.2	568	197831413705127170
1	1000	0.4	568	874345528722950400
1	10000	0.1	568	2250812297897480700
1	10000	0.2	568	871206536474863700
1	10000	0.4	568	1236082051213213e3
2	1000	0.1	568	318901107845728640
2	1000	0.2	568	1891471871866191e3
2	1000	0.4	568	201346088295408e4
2	10000	0.1	568	1396922184103413200
2	10000	0.2	568	2265242272510693e3
2	10000	0.4	568	416590367736099460
4	1000	0.1	568	2261534797911227400
4	1000	0.2	568	2303180191880828e3
4	1000	0.4	568	1015622757813662700
4	10000	0.1	568	2074913263580581e3
4	10000	0.2	568	862283768209843600
4	10000	0.4	568	257472075284028450
0.5	1000	0.1	569	1917878936498862300
0.5	1000	0.2	569	1182935209160970500
0.5	1000	0.4	569	1683845506012625400
0.5	10000	0.1	569	4.1153722288618323e+17
0.5	10000	0.2	569	725232438092201e3
0.5	10000	0.4	569	204154906780647360
1	1000	0.1	569	6655234042783864
1	1000	0.2	569	2210255292936686600
1	1000	0.4	569	945660825103380200
1	10000	0.1	569	238574123254149280
1	10000	0.2	569	1534117658600545800
1	10000	0.4	569	512892671939833340
2	1000	0.1	569	1439994656258014e3
2	1000	0.2	569	236763993166540030
2	1000	0.4	569	128859289944081e4
2	10000	0.1	569	182286352044606e4
2	10000	0.2	569	795474321758111600
2	10000	0.4	569	847297864954336e3
4	1000	0.1	569	720356056326833200
4	1000	0.2	569	79087671301504580
4	1000	0.4	569	1831183844796106800
4	10000	0.1	569	182317967860938340
4	10000	0.2	569	1275462260993065e3
4	10000	0.4	569	265898371817814240
0.5	1000	0.1	570	2174349498251655700
0.5	1000	0.2	570	755015936714164600
0.5	1000	0.4	570	564440859217728400
0.5	10000	0.1	570	254243538478032930
0.5	10000	0.2	570	2101215616549803300
0.5	10000	0.4	570	2205843970797441500
1	1000	0.1	570	2076440860311302400
1	1000	0.2	570	1465248261758525700
1	1000	0.4	570	1632007262494827e3
1	10000	0.1	570	1849034498402349e3
1	10000	0.2	570	164966207996593120
1	10000	0.4	570	2103621602289291500
2	1000	0.1	570	1291507520346928400
2	1000	0.2	570	80823376506994e4
2	1000	0.4	570	1761981963793136600
2	10000	0.1	570	840078589769902700
2	10000	0.2	570	515172166870388800
2	10000	0.4	570	901847570381600100
4	1000	0.1	570	433908324226059140
4	1000	0.2	570	751375775720484200
4	1000	0.4	570	818259396095583e3
4	10000	0.1	570	2302816020549984e3
4	10000	0.2	570	4.8910411885047763e+17
4	10000	0.4	570	239541828135155200
0.5	1000	0.1	571	823257283832455e3
0.5	1000	0.2	571	1386356785989706500
0.5	1000	0.4	571	380605817238182400
0.5	10000	0.1	571	2185560468188870100
0.5	10000	0.2	571	1856564460458835500
0.5	10000	0.4	571	1389167249342509800
1	1000	0.1	571	1093307813309236600
1	1000	0.2	571	1922595575879190500
1	1000	0.4	571	74181791599992320
1	10000	0.1	571	1712604499039099400
1	10000	0.2	571	2062086156192325600
1	10000	0.4	571	1578574196860678100
2	1000	0.1	571	1528014622149814e3
2	1000	0.2	571	2146393045576029700
2	1000	0.4	571	1360855977717585400
2	10000	0.1	571	405528051078030300
2	10000	0.2	571	1588169593935062e3
2	10000	0.4	571	2079020213389887e3
4	1000	0.1	571	112418404622151150
4	1000	0.2	571	1722500143251709400
4	1000	0.4	571	111048685008701650
4	10000	0.1	571	605153646989839400
4	10000	0.2	571	70538827589201310
4	10000	0.4	571	1277149373067431400
0.5	1000	0.1	572	1266171983672207e3
0.5	1000	0.2	572	1992298335465001500
0.5	1000	0.4	572	2097280922506717200
0.5	10000	0.1	572	1833609437455087e3
0.5	10000	0.2	572	517467160981140200
0.5	10000	0.4	572	1208414591997172700
1	1000	0.1	572	1905848601210441700
1	1000	0.2	572	1131220847149393700
1	1000	0.4	572	648770144983008800
1	10000	0.1	572	2008020373242228200
1	10000	0.2	572	359677811502497700
1	10000	0.4	572	2287341111578333700
2	1000	0.1	572	778856266699401200
2	1000	0.2	572	825421203469864400
2	1000	0.4	572	954407042044502800
2	10000	0.1	572	1086094834587213400
2	10000	0.2	572	1115961862606826900
2	10000	0.4	572	1487858482489393200
4	1000	0.1	572	1271399538157372200
4	1000	0.2	572	870737131829613400
4	1000	0.4	572	1469247314872405e3
4	10000	0.1	572	2080783226716391400
4	10000	0.2	572	1917431463138159600
4	10000	0.4	572	2160018602901874200
0.5	1000	0.1	573	358706016689244100
0.5	1000	0.2	573	1986324301600595e3
0.5	1000	0.4	573	1748162750837736e3
0.5	10000	0.1	573	1581278005744940800
0.5	10000	0.2	573	1681688195323476500
0.5	10000	0.4	573	1877633514988986600
1	1000	0.1	573	1686343961866971e3
1	1000	0.2	573	1245382314327491600
1	1000	0.4	573	2213094426199282200
1	10000	0.1	573	846317573528046500
1	10000	0.2	573	181068546107017900
1	10000	0.4	573	658890241671388800
2	1000	0.1	573	533851534329930700
2	1000	0.2	573	795512534759849900
2	1000	0.4	573	1110410031744927400
2	10000	0.1	573	382793558842885900
2	10000	0.2	573	1453103903945017600
2	10000	0.4	573	35701359237242200
4	1000	0.1	573	665636604125671800
4	1000	0.2	573	992736244879210200
4	1000	0.4	573	1435439904987699700
4	10000	0.1	573	622340574404013800
4	10000	0.2	573	1760620094296849e3
4	10000	0.4	573	810007527488459300
0.5	1000	0.1	574	113702664384867940
0.5	1000	0.2	574	489314653210472500
0.5	1000	0.4	574	236106075718390850
0.5	10000	0.1	574	1103428234126925300
0.5	10000	0.2	574	191876399023127520
0.5	10000	0.4	574	1493967266796534300
1	1000	0.1	574	1023914420863079700
1	1000	0.2	574	1524616860014110700
1	1000	0.4	574	220507927842212e4
1	10000	0.1	574	695752349872162300
1	10000	0.2	574	1723951399361477600
1	10000	0.4	574	1535287729109972700
2	1000	0.1	574	1503206284122664400
2	1000	0.2	574	1334790142065459e3
2	1000	0.4	574	1565771348982029300
2	10000	0.1	574	338456775091737700
2	10000	0.2	574	1509609461938120200
2	10000	0.4	574	276966545862895550
4	1000	0.1	574	720423708843054e3
4	1000	0.2	574	297945910821882050
4	1000	0.4	574	718515358142609500
4	10000	0.1	574	1405637605530737e3
4	10000	0.2	574	859518449870079200
4	10000	0.4	574	1287008532019360800
0.5	1000	0.1	575	241995064563844540
0.5	1000	0.2	575	547644105939727300
0.5	1000	0.4	575	2134733222209498e3
0.5	10000	0.1	575	1263810512057579300
0.5	10000	0.2	575	842678430566583800
0.5	10000	0.4	575	1387357532920887800
1	1000	0.1	575	163718153147572e4
1	1000	0.2	575	2054756371449918e3
1	1000	0.4	575	1674525319324449300
1	10000	0.1	575	1037502502694304100
1	10000	0.2	575	1764817572576865500
1	10000	0.4	575	674313620370078e3
2	1000	0.1	575	1887213053810971600
2	1000	0.2	575	2110941504752177700
2	1000	0.4	575	1422042377040043300
2	10000	0.1	575	402894956512300700
2	10000	0.2	575	127044593064115700
2	10000	0.4	575	2071069739731953e3
4	1000	0.1	575	67983831001704e4
4	1000	0.2	575	279092501202093150
4	1000	0.4	575	1950295543379466800
4	10000	0.1	575	684683547314902300
4	10000	0.2	575	984385504366641800
4	10000	0.4	575	1390536744623215600
0.5	1000	0.1	576	468557545417065150
0.5	1000	0.2	576	324634983632651e3
0.5	1000	0.4	576	435211171968803300
0.5	10000	0.1	576	211316438921354100
0.5	10000	0.2	576	581280964555578200
0.5	10000	0.4	576	1511584581079132400
1	1000	0.1	576	501626432340731e3
1	1000	0.2	576	478783448416477760
1	1000	0.4	576	346589847445457900
1	10000	0.1	576	208683588849736860
1	10000	0.2	576	1731183427014869500
1	10000	0.4	576	864818825219427300
2	1000	0.1	576	181714297504556860
2	1000	0.2	576	750211288556194e3
2	1000	0.4	576	784752512168645800
2	10000	0.1	576	604590476328389500
2	10000	0.2	576	1948369071522178e3
2	10000	0.4	576	1884790084590620400
4	1000	0.1	576	827259403024427500
4	1000	0.2	576	2207653911213287e3
4	1000	0.4	576	2053521456624761300
4	10000	0.1	576	623639293386138e3
4	10000	0.2	576	1775687217938882300
4	10000	0.4	576	667699160583173400
0.5	1000	0.1	577	503817050952667100
0.5	1000	0.2	577	1725712349769949700
0.5	1000	0.4	577	1284101886976637400
0.5	10000	0.1	577	792196305973454300
0.5	10000	0.2	577	1511143346904820500
0.5	10000	0.4	577	1671648993462665e3
1	1000	0.1	577	2208041075146472700
1	1000	0.2	577	849902235210411600
1	1000	0.4	577	881327357459484900
1	10000	0.1	577	1260880775591485400
1	10000	0.2	577	361987169366520500
1	10000	0.4	577	159938406943811260
2	1000	0.1	577	703152623321070600
2	1000	0.2	577	859909271009355300
2	1000	0.4	577	2079216602782173700
2	10000	0.1	577	972993140440936200
2	10000	0.2	577	630209839552241400
2	10000	0.4	577	90061971908367380
4	1000	0.1	577	453262161911316160
4	1000	0.2	577	566144033801172900
4	1000	0.4	577	61645205707692320
4	10000	0.1	577	1846561979553133800
4	10000	0.2	577	1627465984002058800
4	10000	0.4	577	1044245507432004100
0.5	1000	0.1	578	101570670422077940
0.5	1000	0.2	578	1143270876060882200
0.5	1000	0.4	578	2252332638301116200
0.5	10000	0.1	578	915577977412659100
0.5	10000	0.2	578	418212748401805200
0.5	10000	0.4	578	1570454831772978e3
1	1000	0.1	578	1238532299313857500
1	1000	0.2	578	98021894821474e4
1	1000	0.4	578	27442503514116424
1	10000	0.1	578	2102570706689054200
1	10000	0.2	578	1863922477085531100
1	10000	0.4	578	153454616915379740
2	1000	0.1	578	1431997833492096300
2	1000	0.2	578	384933195857015550
2	1000	0.4	578	1694701880848958500
2	10000	0.1	578	315481119292902460
2	10000	0.2	578	1665566252199759400
2	10000	0.4	578	71538676663265280
4	1000	0.1	578	1460770945753222100
4	1000	0.2	578	293399200119744260
4	1000	0.4	578	968530345979241e3
4	10000	0.1	578	899641187779031700
4	10000	0.2	578	11489687093414462
4	10000	0.4	578	1646701239004025300
0.5	1000	0.1	579	538031006761899700
0.5	1000	0.2	579	462671782612129150
0.5	1000	0.4	579	353593955673964500
0.5	10000	0.1	579	1502515990477044700
0.5	10000	0.2	579	833921823531674100
0.5	10000	0.4	579	734323947640337900
1	1000	0.1	579	1363823638043681500
1	1000	0.2	579	548794917695629060
1	1000	0.4	579	240709079195344320
1	10000	0.1	579	432101710691139900
1	10000	0.2	579	824373956051862900
1	10000	0.4	579	183377118996126620
2	1000	0.1	579	1030278954495435e3
2	1000	0.2	579	408493669919324200
2	1000	0.4	579	1783367181130610200
2	10000	0.1	579	1640874319419279e3
2	10000	0.2	579	2140828080646628400
2	10000	0.4	579	246368998584602100
4	1000	0.1	579	750178711560278100
4	1000	0.2	579	1540388899109127200
4	1000	0.4	579	1179926216912508e3
4	10000	0.1	579	477459012116422300
4	10000	0.2	579	981747529025296400
4	10000	0.4	579	1755826944993056800
0.5	1000	0.1	580	575402483114940900
0.5	1000	0.2	580	2123109421640492800
0.5	1000	0.4	580	1376984423630947300
0.5	10000	0.1	580	617184601829498900
0.5	10000	0.2	580	33005601972381612
0.5	10000	0.4	580	611698344210945800
1	1000	0.1	580	751527550454128e3
1	1000	0.2	580	1647217554604123100
1	1000	0.4	580	664829229685982300
1	10000	0.1	580	2.4436882454269562e+17
1	10000	0.2	580	351318857765061900
1	10000	0.4	580	1766918186469350100
2	1000	0.1	580	371079242458324100
2	1000	0.2	580	52481248452401544
2	1000	0.4	580	1154894500320957e3
2	10000	0.1	580	1008886532478218500
2	10000	0.2	580	574794810780994750
2	10000	0.4	580	1073372161059127800
4	1000	0.1	580	1180285582346029600
4	1000	0.2	580	325650426989284350
4	1000	0.4	580	1150210662443826200
4	10000	0.1	580	660426318194369400
4	10000	0.2	580	869141777719645300
4	10000	0.4	580	1173023797028221e3
0.5	1000	0.1	581	1132485582924083800
0.5	1000	0.2	581	5.0092476682349037e+17
0.5	1000	0.4	581	1519952141508813300
0.5	10000	0.1	581	671980052591371e3
0.5	10000	0.2	581	671334880078256100
0.5	10000	0.4	581	42165875279302064
1	1000	0.1	581	937520377791292700
1	1000	0.2	581	1859510130505633e3
1	1000	0.4	581	2136725234811870500
1	10000	0.1	581	858282698270017700
1	10000	0.2	581	906367012388956e3
1	10000	0.4	581	1565999084330267600
2	1000	0.1	581	132321538829506460
2	1000	0.2	581	282731254056154900
2	1000	0.4	581	604066287357929e3
2	10000	0.1	581	1573396679744513300
2	10000	0.2	581	2101685345101071400
2	10000	0.4	581	200859974534066500
4	1000	0.1	581	304177264156328600
4	1000	0.2	581	22519884965403684
4	1000	0.4	581	578934841578592900
4	10000	0.1	581	1532988823214018300
4	10000	0.2	581	2159506661804765200
4	10000	0.4	581	2252435335796421600
0.5	1000	0.1	582	1331834776172744700
0.5	1000	0.2	582	2247157302948831e3
0.5	1000	0.4	582	1588165338218319600
0.5	10000	0.1	582	1848082717179122e3
0.5	10000	0.2	582	555256142134870400
0.5	10000	0.4	582	2.3786481052532918e+17
1	1000	0.1	582	2217619684739923500
1	1000	0.2	582	2174431423460593200
1	1000	0.4	582	1219866164673394700
1	10000	0.1	582	2289881434663682600
1	10000	0.2	582	1028531770939797800
1	10000	0.4	582	2089738504811019300
2	1000	0.1	582	23967864118579768
2	1000	0.2	582	2256807122411389400
2	1000	0.4	582	3.4805313294263603e+17
2	10000	0.1	582	1003631870330468100
2	10000	0.2	582	1164883263740310300
2	10000	0.4	582	1882883841662977500
4	1000	0.1	582	50794424612543920
4	1000	0.2	582	899349391696563200
4	1000	0.4	582	2068161507711668500
4	10000	0.1	582	1125963215442449400
4	10000	0.2	582	2096505697751835e3
4	10000	0.4	582	1.6683678635624922e+17
0.5	1000	0.1	583	1269893421401937700
0.5	1000	0.2	583	740751160570899500
0.5	1000	0.4	583	169661759835380860
0.5	10000	0.1	583	1469880911990829800
0.5	10000	0.2	583	131276495726767950
0.5	10000	0.4	583	4.7453757501777037e+17
1	1000	0.1	583	2176530220447374300
1	1000	0.2	583	1.6657659495823082e+17
1	1000	0.4	583	923300207763028400
1	10000	0.1	583	399625576863452160
1	10000	0.2	583	733951217367460400
1	10000	0.4	583	397840915599510400
2	1000	0.1	583	1336202778668924e3
2	1000	0.2	583	2257639738182410500
2	1000	0.4	583	598396945884656900
2	10000	0.1	583	472690756425315500
2	10000	0.2	583	1795208737630223600
2	10000	0.4	583	714144949343436900
4	1000	0.1	583	727385086726938200
4	1000	0.2	583	1197598547042775300
4	1000	0.4	583	105323993628140780
4	10000	0.1	583	680615625679156500
4	10000	0.2	583	1648695827580829700
4	10000	0.4	583	72088896953500160
0.5	1000	0.1	584	942315328311256400
0.5	1000	0.2	584	686927975496943700
0.5	1000	0.4	584	1001363835694935200
0.5	10000	0.1	584	2294464198054655e3
0.5	10000	0.2	584	1796502396606997500
0.5	10000	0.4	584	900366669777823900
1	1000	0.1	584	1430432943731877400
1	1000	0.2	584	870975735703781e3
1	1000	0.4	584	595304672718669700
1	10000	0.1	584	1343916904874871e3
1	10000	0.2	584	1227235031344282e3
1	10000	0.4	584	68584741493393376
2	1000	0.1	584	33768537160304348
2	1000	0.2	584	2213195152549994200
2	1000	0.4	584	288870438308372200
2	10000	0.1	584	2096705468516331500
2	10000	0.2	584	4.2538494683933843e+17
2	10000	0.4	584	1386756519074557400
4	1000	0.1	584	84313616597964540
4	1000	0.2	584	1159080186547985200
4	1000	0.4	584	45551929430826184
4	10000	0.1	584	1139620006224390300
4	10000	0.2	584	1602194605000985900
4	10000	0.4	584	850976906146866700
0.5	1000	0.1	585	1108001285572875400
0.5	1000	0.2	585	1389034748440576300
0.5	1000	0.4	585	2233523479067408600
0.5	10000	0.1	585	7239256351149749
0.5	10000	0.2	585	1155484635960716300
0.5	10000	0.4	585	1487266090091587600
1	1000	0.1	585	409684592113599550
1	1000	0.2	585	2198321366333737500
1	1000	0.4	585	2177588693413158100
1	10000	0.1	585	335331488394457100
1	10000	0.2	585	1893101803187902e3
1	10000	0.4	585	2201139567733386200
2	1000	0.1	585	83308497933642740
2	1000	0.2	585	170621408625648800
2	1000	0.4	585	63082370397110690
2	10000	0.1	585	396060618337076350
2	10000	0.2	585	9.2382490809356006e+17
2	10000	0.4	585	759765947256170800
4	1000	0.1	585	11707855558347744
4	1000	0.2	585	3.4799404869252237e+17
4	1000	0.4	585	188202995128807700
4	10000	0.1	585	1035938171813597300
4	10000	0.2	585	938022504361736700
4	10000	0.4	585	518212193730675400
0.5	1000	0.1	586	532805423669505400
0.5	1000	0.2	586	1454439408513441500
0.5	1000	0.4	586	2073933192418269200
0.5	10000	0.1	586	1757350576013873700
0.5	10000	0.2	586	2108867550725912600
0.5	10000	0.4	586	532939964111593700
1	1000	0.1	586	1955291160533406700
1	1000	0.2	586	497231976623821760
1	1000	0.4	586	1164433359371144200
1	10000	0.1	586	827568961600708200
1	10000	0.2	586	1997424562465876500
1	10000	0.4	586	221507128887592450
2	1000	0.1	586	2012768837541072400
2	1000	0.2	586	1635232058520877800
2	1000	0.4	586	1915950137528043300
2	10000	0.1	586	2218256216272424e3
2	10000	0.2	586	2160355341937355300
2	10000	0.4	586	1000724251203547900
4	1000	0.1	586	152021038863285340
4	1000	0.2	586	660790280053100400
4	1000	0.4	586	1787398186970786300
4	10000	0.1	586	1859904945541927700
4	10000	0.2	586	984668412263603700
4	10000	0.4	586	1490822913070703600
0.5	1000	0.1	587	1052353380451379300
0.5	1000	0.2	587	959444453100916600
0.5	1000	0.4	587	1599686403691544300
0.5	10000	0.1	587	1092866651522066200
0.5	10000	0.2	587	774749756788564400
0.5	10000	0.4	587	1205098440517268e3
1	1000	0.1	587	1521980027962064400
1	1000	0.2	587	1751072908219741200
1	1000	0.4	587	99466919136201470
1	10000	0.1	587	959078839653771100
1	10000	0.2	587	1512764645510050300
1	10000	0.4	587	2128458553956580900
2	1000	0.1	587	461426715876624300
2	1000	0.2	587	692163809701513e3
2	1000	0.4	587	605142035955813100
2	10000	0.1	587	1217561404558480400
2	10000	0.2	587	150472078418870140
2	10000	0.4	587	1261048068610314200
4	1000	0.1	587	1512299715449409300
4	1000	0.2	587	992172509230868100
4	1000	0.4	587	918428120803940400
4	10000	0.1	587	1874766025312298200
4	10000	0.2	587	1551460666078636e3
4	10000	0.4	587	774547250537585900
0.5	1000	0.1	588	214837909755284580
0.5	1000	0.2	588	458116565289313340
0.5	1000	0.4	588	1140507745937049700
0.5	10000	0.1	588	1322780675096258800
0.5	10000	0.2	588	1378802604449096700
0.5	10000	0.4	588	2074513809116808200
1	1000	0.1	588	405680497061546050
1	1000	0.2	588	444667837861831e3
1	1000	0.4	588	639954092504523500
1	10000	0.1	588	424272636548621060
1	10000	0.2	588	1684442515324687400
1	10000	0.4	588	2064344058677532200
2	1000	0.1	588	809262768037612400
2	1000	0.2	588	211041035118867780
2	1000	0.4	588	1938443532802130400
2	10000	0.1	588	1065166229303778600
2	10000	0.2	588	1731021465889817900
2	10000	0.4	588	170929850989647360
4	1000	0.1	588	1171845483871494100
4	1000	0.2	588	1.3702618620412641e+18
4	1000	0.4	588	49339618610798610
4	10000	0.1	588	572405204597861950
4	10000	0.2	588	2054167610191342e3
4	10000	0.4	588	1540720879771938800
0.5	1000	0.1	589	2053517556748555300
0.5	1000	0.2	589	2050210859657062400
0.5	1000	0.4	589	1101131922090431700
0.5	10000	0.1	589	1603618145612737300
0.5	10000	0.2	589	2135683304403834400
0.5	10000	0.4	589	279995736444037860
1	1000	0.1	589	1517845912140601300
1	1000	0.2	589	1325737690182240800
1	1000	0.4	589	1686469437913049300
1	10000	0.1	589	412664405898941900
1	10000	0.2	589	1473490177558706700
1	10000	0.4	589	1655842278709422e3
2	1000	0.1	589	1039365393878239900
2	1000	0.2	589	305421816280683140
2	1000	0.4	589	1203088164635506200
2	10000	0.1	589	555597014890223100
2	10000	0.2	589	1425387511101782800
2	10000	0.4	589	273506497707504e3
4	1000	0.1	589	1376347496554170600
4	1000	0.2	589	438898834367555700
4	1000	0.4	589	1789096516257311e3
4	10000	0.1	589	819830228008208100
4	10000	0.2	589	1956799709049352e3
4	10000	0.4	589	701179400146238100
0.5	1000	0.1	590	1736775579999236900
0.5	1000	0.2	590	1805179684730445800
0.5	1000	0.4	590	2241648329153848600
0.5	10000	0.1	590	1767851247285592300
0.5	10000	0.2	590	709994341084986200
0.5	10000	0.4	590	893939577604732500
1	1000	0.1	590	1691634443196862500
1	1000	0.2	590	1768371368809508900
1	1000	0.4	590	211520741234764450
1	10000	0.1	590	1723427312057639e3
1	10000	0.2	590	1326935065046737700
1	10000	0.4	590	1604646232514408400
2	1000	0.1	590	800362641889567700
2	1000	0.2	590	335551506773896640
2	1000	0.4	590	1094747909883864600
2	10000	0.1	590	2127023826196891e3
2	10000	0.2	590	2281206799251997700
2	10000	0.4	590	1791550738610905e3
4	1000	0.1	590	387401066461660700
4	1000	0.2	590	2290973500807882200
4	1000	0.4	590	343339327179453400
4	10000	0.1	590	1196882209705251600
4	10000	0.2	590	2268055085616686e3
4	10000	0.4	590	1081382040530814200
0.5	1000	0.1	591	37740963285346040
0.5	1000	0.2	591	2304700468529736200
0.5	1000	0.4	591	259154052862419e3
0.5	10000	0.1	591	2015522025428534300
0.5	10000	0.2	591	1978982880659584300
0.5	10000	0.4	591	870221751731986e3
1	1000	0.1	591	443229073285045e3
1	1000	0.2	591	648058170221167400
1	1000	0.4	591	1735684569984281900
1	10000	0.1	591	52636486962965930
1	10000	0.2	591	557535085892670660
1	10000	0.4	591	515914377009312400
2	1000	0.1	591	1817669357130971100
2	1000	0.2	591	604822465679034500
2	1000	0.4	591	742021974039918700
2	10000	0.1	591	886790991412296700
2	10000	0.2	591	1707388514871779600
2	10000	0.4	591	1848106802949417500
4	1000	0.1	591	905996068771612e3
4	1000	0.2	591	857978899558721500
4	1000	0.4	591	117685878280466e4
4	10000	0.1	591	1788604319496754e3
4	10000	0.2	591	785727926233268e3
4	10000	0.4	591	2302851257465315300
0.5	1000	0.1	592	257054069914827330
0.5	1000	0.2	592	219952883561943e4
0.5	1000	0.4	592	791357424777887600
0.5	10000	0.1	592	1772312255324551400
0.5	10000	0.2	592	849632425777404700
0.5	10000	0.4	592	183566899521695e4
1	1000	0.1	592	986046111172051e3
1	1000	0.2	592	1625957449637508900
1	1000	0.4	592	2195578850211417900
1	10000	0.1	592	753578814307382900
1	10000	0.2	592	1693399760990076200
1	10000	0.4	592	829555605499156600
2	1000	0.1	592	1171941815099307800
2	1000	0.2	592	1412105423634878500
2	1000	0.4	592	1885178889037889e3
2	10000	0.1	592	1776967016373515500
2	10000	0.2	592	465667626849795800
2	10000	0.4	592	65841405552820350
4	1000	0.1	592	1.2051249151638241e+18
4	1000	0.2	592	1825724478194539300
4	1000	0.4	592	811279874149848200
4	10000	0.1	592	106303564003158620
4	10000	0.2	592	1474752488965970400
4	10000	0.4	592	2181322007344574700
0.5	1000	0.1	593	80539397578838370
0.5	1000	0.2	593	2154348641831049200
0.5	1000	0.4	593	2074231445195363800
0.5	10000	0.1	593	2012281086683153e3
0.5	10000	0.2	593	1293380184973925400
0.5	10000	0.4	593	1988658752219708e3
1	1000	0.1	593	532233562012947900
1	1000	0.2	593	2210756011376658400
1	1000	0.4	593	2155293057038567400
1	10000	0.1	593	1999539355360940500
1	10000	0.2	593	1421731649103307800
1	10000	0.4	593	1229603808323189500
2	1000	0.1	593	1887723582578603800
2	1000	0.2	593	665433091349111600
2	1000	0.4	593	1412563266440332300
2	10000	0.1	593	502553327316417100
2	10000	0.2	593	1606778432287462100
2	10000	0.4	593	589419556184771700
4	1000	0.1	593	1783260474558896600
4	1000	0.2	593	1602505646223272700
4	1000	0.4	593	1436676185157319200
4	10000	0.1	593	1633469534148968e3
4	10000	0.2	593	938160691819557900
4	10000	0.4	593	1602033466553886500
0.5	1000	0.1	594	919197148479143e3
0.5	1000	0.2	594	801570972063791100
0.5	1000	0.4	594	313971934074635840
0.5	10000	0.1	594	838283393657334500
0.5	10000	0.2	594	601567198792803200
0.5	10000	0.4	594	102410216818016320
1	1000	0.1	594	1159438341775572e3
1	1000	0.2	594	1530716363189784e3
1	1000	0.4	594	1077834776924848900
1	10000	0.1	594	2096930093798161400
1	10000	0.2	594	1609724298788354300
1	10000	0.4	594	1968583641308565e3
2	1000	0.1	594	3.8131704125725997e+17
2	1000	0.2	594	1495888234578624e3
2	1000	0.4	594	2176762061683878400
2	10000	0.1	594	755331595196158800
2	10000	0.2	594	1561380952590633e3
2	10000	0.4	594	1296208496749561300
4	1000	0.1	594	593170637242132700
4	1000	0.2	594	1587327288621795300
4	1000	0.4	594	1606470965760557800
4	10000	0.1	594	409956121918071700
4	10000	0.2	594	1820515949662693e3
4	10000	0.4	594	1436767098186017300
0.5	1000	0.1	595	1348520773441343e3
0.5	1000	0.2	595	118830147139840140
0.5	1000	0.4	595	1063085095790501400
0.5	10000	0.1	595	660806228771892100
0.5	10000	0.2	595	1412974316057566500
0.5	10000	0.4	595	1919809252962449400
1	1000	0.1	595	869519355783609500
1	1000	0.2	595	154513979393550140
1	1000	0.4	595	1067059926044033900
1	10000	0.1	595	876900382228195500
1	10000	0.2	595	1568000109345195300
1	10000	0.4	595	1392114039566726700
2	1000	0.1	595	473205249748185900
2	1000	0.2	595	1492044579342372e3
2	1000	0.4	595	2237622370370219300
2	10000	0.1	595	370182779212263740
2	10000	0.2	595	1121836881317337e3
2	10000	0.4	595	360870400000083700
4	1000	0.1	595	1852341642788691e3
4	1000	0.2	595	1147424751199717800
4	1000	0.4	595	16453962925259682
4	10000	0.1	595	2037649362431132e3
4	10000	0.2	595	679400009171811600
4	10000	0.4	595	1788891662339586600
0.5	1000	0.1	596	1781551310178505e3
0.5	1000	0.2	596	453768847974086700
0.5	1000	0.4	596	316734440286020740
0.5	10000	0.1	596	317295740910785150
0.5	10000	0.2	596	1127398968087249700
0.5	10000	0.4	596	1367735104858219800
1	1000	0.1	596	1780538758726646300
1	1000	0.2	596	115132392853143540
1	1000	0.4	596	1109194616082908900
1	10000	0.1	596	200022519179950500
1	10000	0.2	596	1119915991204806900
1	10000	0.4	596	1971234156477236500
2	1000	0.1	596	596044775837369300
2	1000	0.2	596	1930173388646502e3
2	1000	0.4	596	1957679095381041700
2	10000	0.1	596	1772578835122949e3
2	10000	0.2	596	834417389795118800
2	10000	0.4	596	1254568256382272500
4	1000	0.1	596	32961416590724448
4	1000	0.2	596	251256177893681860
4	1000	0.4	596	2022068936868878800
4	10000	0.1	596	1453874559669175800
4	10000	0.2	596	985279062250496600
4	10000	0.4	596	283543043598388600
0.5	1000	0.1	597	107627948258416220
0.5	1000	0.2	597	1599813733984575e3
0.5	1000	0.4	597	602284065330551200
0.5	10000	0.1	597	1672007252011448e3
0.5	10000	0.2	597	2240392082652054e3
0.5	10000	0.4	597	133050770034117710
1	1000	0.1	597	435500589468190800
1	1000	0.2	597	2095143960366656500
1	1000	0.4	597	1197652364355728400
1	10000	0.1	597	557909020663654340
1	10000	0.2	597	1430990084447144400
1	10000	0.4	597	866236265435217200
2	1000	0.1	597	99677505464262560
2	1000	0.2	597	1493324091684965e3
2	1000	0.4	597	267409972123438200
2	10000	0.1	597	571881922795553200
2	10000	0.2	597	937463951457473900
2	10000	0.4	597	1911839235932167200
4	1000	0.1	597	1541104864309852400
4	1000	0.2	597	1.1612090551544161e+18
4	1000	0.4	597	2.1290045898596758e+17
4	10000	0.1	597	1465415104559751400
4	10000	0.2	597	2047904634908715300
4	10000	0.4	597	611088580317740300
0.5	1000	0.1	598	520475377990007700
0.5	1000	0.2	598	704780985610890200
0.5	1000	0.4	598	840519974018647400
0.5	10000	0.1	598	427483136200009800
0.5	10000	0.2	598	1488802800093941500
0.5	10000	0.4	598	281862040470992640
1	1000	0.1	598	1677286584901990400
1	1000	0.2	598	411261511488928450
1	1000	0.4	598	1842310373259521300
1	10000	0.1	598	3.8692238112698963e+17
1	10000	0.2	598	622716611396838100
1	10000	0.4	598	1839908217724641300
2	1000	0.1	598	1574193032195765500
2	1000	0.2	598	9.2636209712755994e+17
2	1000	0.4	598	721802739548481500
2	10000	0.1	598	273617846366511550
2	10000	0.2	598	124258306141906780
2	10000	0.4	598	3.2853555875091603e+17
4	1000	0.1	598	783040963158923e3
4	1000	0.2	598	2011256687466161200
4	1000	0.4	598	906680466254901800
4	10000	0.1	598	975479302336040200
4	10000	0.2	598	7190263442518792
4	10000	0.4	598	26076856407240264
0.5	1000	0.1	599	2145773705152630800
0.5	1000	0.2	599	459554814594559e3
0.5	1000	0.4	599	548596259125553150
0.5	10000	0.1	599	639237023353252700
0.5	10000	0.2	599	508367259500338900
0.5	10000	0.4	599	1993952096900781600
1	1000	0.1	599	1515196722774677e3
1	1000	0.2	599	1215131534955254300
1	1000	0.4	599	2288151703563138300
1	10000	0.1	599	273520334005778340
1	10000	0.2	599	1147405188380220300
1	10000	0.4	599	46618721970288416
2	1000	0.1	599	1833457718356533200
2	1000	0.2	599	139498654046512820
2	1000	0.4	599	137034858051114640
2	10000	0.1	599	1435855053935316700
2	10000	0.2	599	1336760564603804400
2	10000	0.4	599	196605544382340160
4	1000	0.1	599	1876933707137737700
4	1000	0.2	599	1504327448308108800
4	1000	0.4	599	1544289246979722e3
4	10000	0.1	599	1627619386602260700
4	10000	0.2	599	1614565647260108800
4	10000	0.4	599	1565364310373655e3
0.5	1000	0.1	600	1871941888849997800
0.5	1000	0.2	600	802733331936145400
0.5	1000	0.4	600	1073157680098012200
0.5	10000	0.1	600	1854451866154936300
0.5	10000	0.2	600	1609348991943649500
0.5	10000	0.4	600	1195283758057632e3
1	1000	0.1	600	114226068127283760
1	1000	0.2	600	2006956815809564e3
1	1000	0.4	600	8687277787795962
1	10000	0.1	600	972317574133249800
1	10000	0.2	600	635055665924146e3
1	10000	0.4	600	1800574711122406700
2	1000	0.1	600	774089697437001700
2	1000	0.2	600	46676045133033010
2	1000	0.4	600	633958506557312e3
2	10000	0.1	600	1317992700619373600
2	10000	0.2	600	37874910806159890
2	10000	0.4	600	414025989477719100
4	1000	0.1	600	167366234491996e4
4	1000	0.2	600	1369857180450221e3
4	1000	0.4	600	1080816053945597700
4	10000	0.1	600	1187512820177180200
4	10000	0.2	600	1094102534808332e3
4	10000	0.4	600	1861297996503100200
0.5	1000	0.1	601	304920770205299650
0.5	1000	0.2	601	2105962048320324900
0.5	1000	0.4	601	2243649684881578e3
0.5	10000	0.1	601	203149239575569150
0.5	10000	0.2	601	1192116217156749600
0.5	10000	0.4	601	2082164929594120700
1	1000	0.1	601	1770776565781853400
1	1000	0.2	601	1154893984564080400
1	1000	0.4	601	1568099569967562e3
1	10000	0.1	601	1263379390435634e3
1	10000	0.2	601	761899217651335300
1	10000	0.4	601	1393101767557954e3
2	1000	0.1	601	873007334528754e3
2	1000	0.2	601	591157000240793e3
2	1000	0.4	601	1433097081417652500
2	10000	0.1	601	240779155688708800
2	10000	0.2	601	975831994657738500
2	10000	0.4	601	2220798388663185700
4	1000	0.1	601	179844485495465120
4	1000	0.2	601	1320329887698742e3
4	1000	0.4	601	574933576863190140
4	10000	0.1	601	1392265204630516700
4	10000	0.2	601	1326283229877076200
4	10000	0.4	601	720216446827235800
0.5	1000	0.1	602	1660155487870642700
0.5	1000	0.2	602	1636682828192945e3
0.5	1000	0.4	602	2000703566539938600
0.5	10000	0.1	602	1582702962328946e3
0.5	10000	0.2	602	2187881343290684200
0.5	10000	0.4	602	690977463515596500
1	1000	0.1	602	1807169288696377600
1	1000	0.2	602	1986314449560191700
1	1000	0.4	602	2138577421332436700
1	10000	0.1	602	1782919347315567400
1	10000	0.2	602	1657881610891395800
1	10000	0.4	602	538193137855688700
2	1000	0.1	602	154938879579927330
2	1000	0.2	602	854681746777205e3
2	1000	0.4	602	1122212394130228500
2	10000	0.1	602	1567743559079109600
2	10000	0.2	602	800923874967425500
2	10000	0.4	602	982229464583521400
4	1000	0.1	602	1570012783605306600
4	1000	0.2	602	22433294138905796
4	1000	0.4	602	711124217979905e3
4	10000	0.1	602	1394333803269783300
4	10000	0.2	602	303310795618768700
4	10000	0.4	602	1609422463894499600
0.5	1000	0.1	603	1.5336090173737082e+17
0.5	1000	0.2	603	1556522262490670600
0.5	1000	0.4	603	701075663504792700
0.5	10000	0.1	603	1730775443052693500
0.5	10000	0.2	603	1564083870842672600
0.5	10000	0.4	603	603903223456588300
1	1000	0.1	603	928918348217676e3
1	1000	0.2	603	172828144858709150
1	1000	0.4	603	2125162204030475800
1	10000	0.1	603	2221001448514076400
1	10000	0.2	603	367818548209433800
1	10000	0.4	603	2003084614464861700
2	1000	0.1	603	80200478308365980
2	1000	0.2	603	1857830077547677700
2	1000	0.4	603	2064525892762336800
2	10000	0.1	603	481321173501595400
2	10000	0.2	603	65266537299928e4
2	10000	0.4	603	1410625951757389600
4	1000	0.1	603	1739986356430588400
4	1000	0.2	603	1619809936312999e3
4	1000	0.4	603	1721352557354841600
4	10000	0.1	603	1095508970408441900
4	10000	0.2	603	202927112971764700
4	10000	0.4	603	405174690224134300
0.5	1000	0.1	604	159819486375827e4
0.5	1000	0.2	604	1679962172499596300
0.5	1000	0.4	604	401923127288051800
0.5	10000	0.1	604	565128146653986700
0.5	10000	0.2	604	1441452907147816400
0.5	10000	0.4	604	1043248683514778800
1	1000	0.1	604	1417941145976147200
1	1000	0.2	604	1579844304411709e3
1	1000	0.4	604	559327412869301500
1	10000	0.1	604	1224895558826915300
1	10000	0.2	604	1372170065396006100
1	10000	0.4	604	847560516557739400
2	1000	0.1	604	393406079896542100
2	1000	0.2	604	3.3107484610163597e+17
2	1000	0.4	604	1434795634898164e3
2	10000	0.1	604	838016927521098800
2	10000	0.2	604	2064642745570804500
2	10000	0.4	604	1569200794031494700
4	1000	0.1	604	1558912900059213300
4	1000	0.2	604	84860065464226960
4	1000	0.4	604	593821273449536100
4	10000	0.1	604	1690979284509596400
4	10000	0.2	604	2194729299459153700
4	10000	0.4	604	1390104751227541500
0.5	1000	0.1	605	1341758289929686e3
0.5	1000	0.2	605	376572995079998140
0.5	1000	0.4	605	1239870797812024600
0.5	10000	0.1	605	450697564003282050
0.5	10000	0.2	605	627466002214488400
0.5	10000	0.4	605	800186144279175300
1	1000	0.1	605	468925473714326200
1	1000	0.2	605	751481301228415600
1	1000	0.4	605	848489619666085500
1	10000	0.1	605	719432915668204200
1	10000	0.2	605	1531197713078237700
1	10000	0.4	605	193742649832254900
2	1000	0.1	605	70935590847813710
2	1000	0.2	605	501356655290300800
2	1000	0.4	605	1047900833410396e3
2	10000	0.1	605	1233003915924520400
2	10000	0.2	605	456950368604096450
2	10000	0.4	605	1909332850734072e3
4	1000	0.1	605	1983780548302161e3
4	1000	0.2	605	771080033373750900
4	1000	0.4	605	219226398244028540
4	10000	0.1	605	1997872161592515e3
4	10000	0.2	605	1348691706495606500
4	10000	0.4	605	782974838058922900
0.5	1000	0.1	606	408765009523571600
0.5	1000	0.2	606	1680191732008312600
0.5	1000	0.4	606	1564396587506904e3
0.5	10000	0.1	606	1557157799188408600
0.5	10000	0.2	606	545048517354012500
0.5	10000	0.4	606	1044478118574825500
1	1000	0.1	606	624126983802168600
1	1000	0.2	606	2178047875992298500
1	1000	0.4	606	2275974286976115e3
1	10000	0.1	606	729003163626315e3
1	10000	0.2	606	2172187444155907600
1	10000	0.4	606	1870155307790683600
2	1000	0.1	606	342626543547339460
2	1000	0.2	606	1948585804929156900
2	1000	0.4	606	2290058417423585800
2	10000	0.1	606	1189366308848261600
2	10000	0.2	606	1931924682678503400
2	10000	0.4	606	1565735781954802700
4	1000	0.1	606	1338602035953946600
4	1000	0.2	606	1914904476795596500
4	1000	0.4	606	1337096222100615e3
4	10000	0.1	606	1869923437493451300
4	10000	0.2	606	1411673611826891500
4	10000	0.4	606	2263954285989169200
0.5	1000	0.1	607	2140852514165962800
0.5	1000	0.2	607	2186482979671898e3
0.5	1000	0.4	607	2234162187420779500
0.5	10000	0.1	607	1419482961234816500
0.5	10000	0.2	607	1394170331024759800
0.5	10000	0.4	607	1981234113887716e3
1	1000	0.1	607	1228273364555255800
1	1000	0.2	607	559582613779840200
1	1000	0.4	607	95889551358519540
1	10000	0.1	607	2269817519688722200
1	10000	0.2	607	1348173515881341700
1	10000	0.4	607	844871510683967600
2	1000	0.1	607	448973398381042300
2	1000	0.2	607	849181399713518300
2	1000	0.4	607	2207977351374617600
2	10000	0.1	607	1636184412166601e3
2	10000	0.2	607	723044195014366e3
2	10000	0.4	607	1145424907313322800
4	1000	0.1	607	901488474043839700
4	1000	0.2	607	1314238610539428e3
4	1000	0.4	607	693285551696871200
4	10000	0.1	607	1793119473523631600
4	10000	0.2	607	528812374303007700
4	10000	0.4	607	1199479501909664e3
0.5	1000	0.1	608	1470368115608544800
0.5	1000	0.2	608	617710465455350700
0.5	1000	0.4	608	1143229995659179600
0.5	10000	0.1	608	1535349312474647600
0.5	10000	0.2	608	1140075595052103200
0.5	10000	0.4	608	708772990499045600
1	1000	0.1	608	2197410361340055e3
1	1000	0.2	608	1656862453627796200
1	1000	0.4	608	813012709333438500
1	10000	0.1	608	1745387594261703200
1	10000	0.2	608	168974983325601380
1	10000	0.4	608	1385792729530039800
2	1000	0.1	608	1266095250077739500
2	1000	0.2	608	1.1732191431029739e+17
2	1000	0.4	608	1145219979371588400
2	10000	0.1	608	1691935152603796e3
2	10000	0.2	608	328801729405124900
2	10000	0.4	608	94044514853118980
4	1000	0.1	608	1064712055598068500
4	1000	0.2	608	1020768868509601900
4	1000	0.4	608	1808391178501972e3
4	10000	0.1	608	186796421656610460
4	10000	0.2	608	2129819037658813700
4	10000	0.4	608	817117165418637700
0.5	1000	0.1	609	65070439888439950
0.5	1000	0.2	609	1982567627891011600
0.5	1000	0.4	609	1974163291004579300
0.5	10000	0.1	609	1683283246614600700
0.5	10000	0.2	609	1513452771564559400
0.5	10000	0.4	609	497453608170633600
1	1000	0.1	609	1339857009918067500
1	1000	0.2	609	2166627752927546600
1	1000	0.4	609	503056195730460700
1	10000	0.1	609	1.3861877772377759e+18
1	10000	0.2	609	711425487471594400
1	10000	0.4	609	1861157192333092900
2	1000	0.1	609	1108819641722397700
2	1000	0.2	609	1853832844611744300
2	1000	0.4	609	661610504983835600
2	10000	0.1	609	721729263272654700
2	10000	0.2	609	355748516532931400
2	10000	0.4	609	981174415892101100
4	1000	0.1	609	438415305315558e3
4	1000	0.2	609	305189765217767100
4	1000	0.4	609	1171321457652041200
4	10000	0.1	609	5.5408146548943757e+17
4	10000	0.2	609	1236147720941985800
4	10000	0.4	609	2085268005174354e3
0.5	1000	0.1	610	421689242807694300
0.5	1000	0.2	610	25876426788992e4
0.5	1000	0.4	610	2004676184542599200
0.5	10000	0.1	610	1623652390763431700
0.5	10000	0.2	610	149127596385822e4
0.5	10000	0.4	610	2072925253942582800
1	1000	0.1	610	2155052542398224600
1	1000	0.2	610	1174778106688221200
1	1000	0.4	610	623000607555476400
1	10000	0.1	610	1512667502929461200
1	10000	0.2	610	643907072701299500
1	10000	0.4	610	1279715922693306400
2	1000	0.1	610	1464622434770357800
2	1000	0.2	610	807318930134790900
2	1000	0.4	610	265831408672742530
2	10000	0.1	610	1057887124608865400
2	10000	0.2	610	1193798184987340800
2	10000	0.4	610	12518945203845e5
4	1000	0.1	610	1745883527946496500
4	1000	0.2	610	364535996627183550
4	1000	0.4	610	1062236107881991600
4	10000	0.1	610	77148041587481360
4	10000	0.2	610	783835857479911300
4	10000	0.4	610	2232191925782011400
0.5	1000	0.1	611	1577839449635467500
0.5	1000	0.2	611	902393350714382600
0.5	1000	0.4	611	150629408740187200
0.5	10000	0.1	611	263155864796157700
0.5	10000	0.2	611	1407274392211935200
0.5	10000	0.4	611	1694629535134441500
1	1000	0.1	611	569526049968278900
1	1000	0.2	611	2103436144281978600
1	1000	0.4	611	728205272606744600
1	10000	0.1	611	1146005842906994e3
1	10000	0.2	611	1603796496622061e3
1	10000	0.4	611	974624370278750500
2	1000	0.1	611	1371712774904641e3
2	1000	0.2	611	2067930089692876800
2	1000	0.4	611	627277112820949e3
2	10000	0.1	611	2054476529855006700
2	10000	0.2	611	927310330592284500
2	10000	0.4	611	977223017997696100
4	1000	0.1	611	2177488385223210500
4	1000	0.2	611	34886449950950400
4	1000	0.4	611	35572840998977776
4	10000	0.1	611	1075443458418086400
4	10000	0.2	611	572174051898996100
4	10000	0.4	611	603048147543026600
0.5	1000	0.1	612	1478048778101271300
0.5	1000	0.2	612	249761616689762850
0.5	1000	0.4	612	1422667566426060500
0.5	10000	0.1	612	1151628421676431200
0.5	10000	0.2	612	923496332937876700
0.5	10000	0.4	612	2012669511588875500
1	1000	0.1	612	251617161906622460
1	1000	0.2	612	414189590526137400
1	1000	0.4	612	221072091410557e3
1	10000	0.1	612	824462365014830500
1	10000	0.2	612	96054370418180820
1	10000	0.4	612	1262452070643572e3
2	1000	0.1	612	145793529864640830
2	1000	0.2	612	626004229541472e3
2	1000	0.4	612	1169973900898806300
2	10000	0.1	612	843478678355392100
2	10000	0.2	612	175470294573459970
2	10000	0.4	612	4.6205089940800077e+17
4	1000	0.1	612	2088578900706549800
4	1000	0.2	612	1650026710584592600
4	1000	0.4	612	679524203433939700
4	10000	0.1	612	488249027013713e3
4	10000	0.2	612	925226571482113400
4	10000	0.4	612	1228923446012177e3
0.5	1000	0.1	613	2004020012875435800
0.5	1000	0.2	613	237799889007859870
0.5	1000	0.4	613	1310980766179188700
0.5	10000	0.1	613	1635307913944818200
0.5	10000	0.2	613	127017513007836620
0.5	10000	0.4	613	118149006759927e4
1	1000	0.1	613	1460844662895758300
1	1000	0.2	613	1.1432258838233521e+18
1	1000	0.4	613	1551260066523312600
1	10000	0.1	613	1539501487668306400
1	10000	0.2	613	1285483710099919e3
1	10000	0.4	613	679172123445341700
2	1000	0.1	613	1859534809106254800
2	1000	0.2	613	515875005084938200
2	1000	0.4	613	1606466249108891e3
2	10000	0.1	613	1302129496287985200
2	10000	0.2	613	1485244567150529300
2	10000	0.4	613	1248030860067553e3
4	1000	0.1	613	913671968341631900
4	1000	0.2	613	1847106854772040200
4	1000	0.4	613	764890875587318e3
4	10000	0.1	613	702484675915393e3
4	10000	0.2	613	329676897145485950
4	10000	0.4	613	433074826395349100
0.5	1000	0.1	614	1551324199775089e3
0.5	1000	0.2	614	777064396603676300
0.5	1000	0.4	614	89468725659246930
0.5	10000	0.1	614	1792571888997664e3
0.5	10000	0.2	614	2077675117885396200
0.5	10000	0.4	614	1571133502140894500
1	1000	0.1	614	1609575520754150100
1	1000	0.2	614	1006791978540282600
1	1000	0.4	614	1269362108210054100
1	10000	0.1	614	1024607868790244e3
1	10000	0.2	614	441779061189341700
1	10000	0.4	614	519523649775830600
2	1000	0.1	614	1136267705620211e3
2	1000	0.2	614	314598336257679700
2	1000	0.4	614	475865484264141950
2	10000	0.1	614	523746956656604700
2	10000	0.2	614	1834379199838729200
2	10000	0.4	614	1658599941228824600
4	1000	0.1	614	577730903830078600
4	1000	0.2	614	1975719070359573e3
4	1000	0.4	614	1727069651673371600
4	10000	0.1	614	1287564436234238700
4	10000	0.2	614	1212462987653336e3
4	10000	0.4	614	956955539420022300
0.5	1000	0.1	615	2005569875876684300
0.5	1000	0.2	615	2011225449695098400
0.5	1000	0.4	615	1008273966537891700
0.5	10000	0.1	615	1470584771267021e3
0.5	10000	0.2	615	110626638923340350
0.5	10000	0.4	615	1585385339245448200
1	1000	0.1	615	648719087191134500
1	1000	0.2	615	1102738746320245100
1	1000	0.4	615	1492642048154826800
1	10000	0.1	615	898919356373851300
1	10000	0.2	615	848006202331137300
1	10000	0.4	615	1234861017405412e3
2	1000	0.1	615	337126842712793660
2	1000	0.2	615	1066602706365190300
2	1000	0.4	615	105795119344657870
2	10000	0.1	615	1281659445635109400
2	10000	0.2	615	920121952770142700
2	10000	0.4	615	43128373500021730
4	1000	0.1	615	684309371708580100
4	1000	0.2	615	1501990153166514200
4	1000	0.4	615	1213187104829720300
4	10000	0.1	615	2189431454345945900
4	10000	0.2	615	2075863801958175700
4	10000	0.4	615	1039432630308849800
0.5	1000	0.1	616	839193816773922600
0.5	1000	0.2	616	1410651563253656800
0.5	1000	0.4	616	1992003749367032e3
0.5	10000	0.1	616	1359082338753396500
0.5	10000	0.2	616	406006673382115600
0.5	10000	0.4	616	2077533903514227500
1	1000	0.1	616	438052657391703940
1	1000	0.2	616	1911491520657182700
1	1000	0.4	616	1995321804950974e3
1	10000	0.1	616	231728076535531740
1	10000	0.2	616	1335871833995825700
1	10000	0.4	616	961402963401368300
2	1000	0.1	616	799876465215591400
2	1000	0.2	616	1314899258655756800
2	1000	0.4	616	1858848627011684400
2	10000	0.1	616	1491752865217851100
2	10000	0.2	616	1220703070764685300
2	10000	0.4	616	406595523078324600
4	1000	0.1	616	917433416517012100
4	1000	0.2	616	1550106453285716200
4	1000	0.4	616	1537120028571247400
4	10000	0.1	616	473480773574245440
4	10000	0.2	616	1131778326371829100
4	10000	0.4	616	2026727693880641e3
0.5	1000	0.1	617	1312087897831122700
0.5	1000	0.2	617	933727983554026900
0.5	1000	0.4	617	1079611361349036e3
0.5	10000	0.1	617	85537006327845220
0.5	10000	0.2	617	386357831733924800
0.5	10000	0.4	617	297082418655956300
1	1000	0.1	617	678607806780874400
1	1000	0.2	617	1732427560729845800
1	1000	0.4	617	2227204672581606e3
1	10000	0.1	617	1001766729862312400
1	10000	0.2	617	2011853777998199800
1	10000	0.4	617	2201993650759329500
2	1000	0.1	617	2080962242582164500
2	1000	0.2	617	120301069207874510
2	1000	0.4	617	2268606437155598800
2	10000	0.1	617	1783320221350223400
2	10000	0.2	617	1099580928922546600
2	10000	0.4	617	1.3396872636029281e+18
4	1000	0.1	617	338183382678005760
4	1000	0.2	617	906588428095190500
4	1000	0.4	617	1524554960702097400
4	10000	0.1	617	459512282669518400
4	10000	0.2	617	987421273540948500
4	10000	0.4	617	1038231026277751e3
0.5	1000	0.1	618	16661203317773170
0.5	1000	0.2	618	448961912203116500
0.5	1000	0.4	618	1058146731780823e3
0.5	10000	0.1	618	222243878148819e4
0.5	10000	0.2	618	161511779333797280
0.5	10000	0.4	618	299658361397841540
1	1000	0.1	618	1255334870330858800
1	1000	0.2	618	818230703864880800
1	1000	0.4	618	78828901852376560
1	10000	0.1	618	1701940281439488500
1	10000	0.2	618	1211301320649138200
1	10000	0.4	618	1105478469028556300
2	1000	0.1	618	681363271130303500
2	1000	0.2	618	1433341346674671400
2	1000	0.4	618	307110634333093100
2	10000	0.1	618	1467493300436902e3
2	10000	0.2	618	1030556969678173600
2	10000	0.4	618	1768611861190899200
4	1000	0.1	618	1016014984581763600
4	1000	0.2	618	1062253478483179500
4	1000	0.4	618	1219220472103737900
4	10000	0.1	618	1285837553802818800
4	10000	0.2	618	1266658685267131100
4	10000	0.4	618	342230050641543040
0.5	1000	0.1	619	940806607719828600
0.5	1000	0.2	619	1919309825177971500
0.5	1000	0.4	619	3809395423361447
0.5	10000	0.1	619	203480566354862240
0.5	10000	0.2	619	4.9803204940003117e+17
0.5	10000	0.4	619	1529764477800865e3
1	1000	0.1	619	113679406499759070
1	1000	0.2	619	44816595816924520
1	1000	0.4	619	271240702393811840
1	10000	0.1	619	620745212981843300
1	10000	0.2	619	979662897368202400
1	10000	0.4	619	896086731344689e3
2	1000	0.1	619	808743454307174100
2	1000	0.2	619	527054943735998660
2	1000	0.4	619	607420340278280200
2	10000	0.1	619	1846838939317720600
2	10000	0.2	619	1253809864837171700
2	10000	0.4	619	1225221998959731700
4	1000	0.1	619	238101306522544350
4	1000	0.2	619	1700037448115806200
4	1000	0.4	619	1600705295533962200
4	10000	0.1	619	2263324287553907700
4	10000	0.2	619	1067576503369497600
4	10000	0.4	619	1938683883362418e3
0.5	1000	0.1	620	110017109784665620
0.5	1000	0.2	620	1711680813797799700
0.5	1000	0.4	620	461418893633631400
0.5	10000	0.1	620	621762502444091300
0.5	10000	0.2	620	826120811318444e3
0.5	10000	0.4	620	646311487901962600
1	1000	0.1	620	310247558238341060
1	1000	0.2	620	694337024549883900
1	1000	0.4	620	2053435274120027600
1	10000	0.1	620	553707857162542200
1	10000	0.2	620	1713599379824184300
1	10000	0.4	620	1577197645678770700
2	1000	0.1	620	426416592389718900
2	1000	0.2	620	2129543565860930600
2	1000	0.4	620	1.6364716998198559e+18
2	10000	0.1	620	2175656799989496600
2	10000	0.2	620	1296810863919252e3
2	10000	0.4	620	334196125547871740
4	1000	0.1	620	192148605434213900
4	1000	0.2	620	1929581317862955300
4	1000	0.4	620	1734521808739502600
4	10000	0.1	620	643068987420162700
4	10000	0.2	620	1858456598335124200
4	10000	0.4	620	867778084434842400
0.5	1000	0.1	621	1.6589675410913238e+17
0.5	1000	0.2	621	947733640789070300
0.5	1000	0.4	621	1524222172477596200
0.5	10000	0.1	621	1004765158931932200
0.5	10000	0.2	621	1525321314449286700
0.5	10000	0.4	621	107941787366768740
1	1000	0.1	621	1263266179691921400
1	1000	0.2	621	1176856088026577700
1	1000	0.4	621	469786923635348700
1	10000	0.1	621	1407886145090262800
1	10000	0.2	621	739074392748601700
1	10000	0.4	621	2062215249284080600
2	1000	0.1	621	189469742042146600
2	1000	0.2	621	945017113524894500
2	1000	0.4	621	1714196585787899100
2	10000	0.1	621	2162558153450131200
2	10000	0.2	621	846241611947513300
2	10000	0.4	621	228822783732366370
4	1000	0.1	621	2168002821800770800
4	1000	0.2	621	1065615423669775200
4	1000	0.4	621	1770890522005032400
4	10000	0.1	621	1680347869372276500
4	10000	0.2	621	1620867813991516200
4	10000	0.4	621	1342035091246038800
0.5	1000	0.1	622	1652840575292747800
0.5	1000	0.2	622	2288858016308780500
0.5	1000	0.4	622	1817274195918877200
0.5	10000	0.1	622	1666838620811887600
0.5	10000	0.2	622	2175951781286263800
0.5	10000	0.4	622	1055902377496627100
1	1000	0.1	622	392666335323362900
1	1000	0.2	622	1240661835827997400
1	1000	0.4	622	2130317893819435500
1	10000	0.1	622	2283230341473395700
1	10000	0.2	622	1677094060886551300
1	10000	0.4	622	1848604787261429800
2	1000	0.1	622	353743172493355460
2	1000	0.2	622	1595986452142986200
2	1000	0.4	622	1248691438121669e3
2	10000	0.1	622	1749035817218405e3
2	10000	0.2	622	112228544516574980
2	10000	0.4	622	1962383369431448600
4	1000	0.1	622	544692361534729700
4	1000	0.2	622	5.7130138928336077e+17
4	1000	0.4	622	2175341975167928800
4	10000	0.1	622	1925315072593874e3
4	10000	0.2	622	1481940339585577200
4	10000	0.4	622	1581011783666664400
0.5	1000	0.1	623	182593548679472100
0.5	1000	0.2	623	671512726676658e3
0.5	1000	0.4	623	174865228748797820
0.5	10000	0.1	623	1951143155521440800
0.5	10000	0.2	623	824307613732957e3
0.5	10000	0.4	623	1842382395471331600
1	1000	0.1	623	725450048282163300
1	1000	0.2	623	995380816637408500
1	1000	0.4	623	1100293897023297e3
1	10000	0.1	623	1219666328251233300
1	10000	0.2	623	457483076011335360
1	10000	0.4	623	2127475100949179400
2	1000	0.1	623	1665984018985826300
2	1000	0.2	623	1309020214986178e3
2	1000	0.4	623	2205776832245111800
2	10000	0.1	623	605226243378064500
2	10000	0.2	623	2025257102627320300
2	10000	0.4	623	916301443935611400
4	1000	0.1	623	2105535235749013500
4	1000	0.2	623	93321995117437620
4	1000	0.4	623	1312126192459647e3
4	10000	0.1	623	119295987674139170
4	10000	0.2	623	658521132547658800
4	10000	0.4	623	624903475024704800
0.5	1000	0.1	624	1976891617613191700
0.5	1000	0.2	624	1070240203799023500
0.5	1000	0.4	624	1729543719126195500
0.5	10000	0.1	624	319939126718334900
0.5	10000	0.2	624	2087623221272797700
0.5	10000	0.4	624	723541055817148400
1	1000	0.1	624	349206264920666750
1	1000	0.2	624	1271725809355622e3
1	1000	0.4	624	1302663463152578600
1	10000	0.1	624	1927713500578193400
1	10000	0.2	624	2217345349998421500
1	10000	0.4	624	1.9452021298480159e+18
2	1000	0.1	624	1527657101651768e3
2	1000	0.2	624	345851321960227700
2	1000	0.4	624	622927724791180900
2	10000	0.1	624	31974491761499744
2	10000	0.2	624	1666070833515094500
2	10000	0.4	624	772270034715396e3
4	1000	0.1	624	1741203389932240600
4	1000	0.2	624	2077432448471943400
4	1000	0.4	624	1214295730145318400
4	10000	0.1	624	2050139307401955300
4	10000	0.2	624	1923736764596079e3
4	10000	0.4	624	270956659564150720
0.5	1000	0.1	625	444480814877017300
0.5	1000	0.2	625	2153850726213508900
0.5	1000	0.4	625	264736477726544e3
0.5	10000	0.1	625	1552467882093773300
0.5	10000	0.2	625	2147885891225571300
0.5	10000	0.4	625	1047022875985572400
1	1000	0.1	625	1487209820452230100
1	1000	0.2	625	2083876914737105700
1	1000	0.4	625	510041888478545860
1	10000	0.1	625	493184898306093760
1	10000	0.2	625	1259191772322274800
1	10000	0.4	625	1316309957992087600
2	1000	0.1	625	2061677276282905600
2	1000	0.2	625	1635351032572770600
2	1000	0.4	625	1622241426692396500
2	10000	0.1	625	774538211351773700
2	10000	0.2	625	945399497179198800
2	10000	0.4	625	371983690714523e3
4	1000	0.1	625	1.3005802433346399e+18
4	1000	0.2	625	1779848347031945700
4	1000	0.4	625	1330210817586203100
4	10000	0.1	625	1811086991258604800
4	10000	0.2	625	206358472256515200
4	10000	0.4	625	5.4908345514029517e+17
0.5	1000	0.1	626	404715620134468350
0.5	1000	0.2	626	1373443792407875300
0.5	1000	0.4	626	748565855169089400
0.5	10000	0.1	626	1826951146426008600
0.5	10000	0.2	626	2155231618443604700
0.5	10000	0.4	626	891726461554815200
1	1000	0.1	626	1942085574377384e3
1	1000	0.2	626	1639309505381501700
1	1000	0.4	626	4.5441629962389037e+17
1	10000	0.1	626	2290466697898368e3
1	10000	0.2	626	453943729198396800
1	10000	0.4	626	1758519216375829800
2	1000	0.1	626	1886868904672175600
2	1000	0.2	626	1263183728231979800
2	1000	0.4	626	1797722104098950700
2	10000	0.1	626	234693996777341820
2	10000	0.2	626	129679386719620420
2	10000	0.4	626	543854386205859900
4	1000	0.1	626	2038026398561066200
4	1000	0.2	626	1540796140840945700
4	1000	0.4	626	2137664360525414e3
4	10000	0.1	626	955717612020541800
4	10000	0.2	626	1673887546422354e3
4	10000	0.4	626	1311048996599166e3
0.5	1000	0.1	627	884454136379636e3
0.5	1000	0.2	627	680688280444410600
0.5	1000	0.4	627	2123242898058662700
0.5	10000	0.1	627	1917683245820166700
0.5	10000	0.2	627	1394639643215007700
0.5	10000	0.4	627	374356967481760060
1	1000	0.1	627	516191894499752900
1	1000	0.2	627	615936970854107400
1	1000	0.4	627	2032527526352753200
1	10000	0.1	627	1236970145001866500
1	10000	0.2	627	485279049614581950
1	10000	0.4	627	218938257549491170
2	1000	0.1	627	1983992624014604800
2	1000	0.2	627	1450108760325593900
2	1000	0.4	627	1237453721577934300
2	10000	0.1	627	299645702840955900
2	10000	0.2	627	1672545334983169500
2	10000	0.4	627	1910993233288564500
4	1000	0.1	627	227061429857996540
4	1000	0.2	627	774520430315902e3
4	1000	0.4	627	340003185984643650
4	10000	0.1	627	1419612990090295800
4	10000	0.2	627	1496495999644907500
4	10000	0.4	627	1705677542374425900
0.5	1000	0.1	628	1575373776357784300
0.5	1000	0.2	628	1012544257189276800
0.5	1000	0.4	628	1064586967301448200
0.5	10000	0.1	628	1709508838861972e3
0.5	10000	0.2	628	245158800854473250
0.5	10000	0.4	628	756022477153654700
1	1000	0.1	628	4.4390721253383283e+17
1	1000	0.2	628	815497006630622300
1	1000	0.4	628	584583488771549600
1	10000	0.1	628	1872374197370983400
1	10000	0.2	628	795957007651012900
1	10000	0.4	628	169632652385542e4
2	1000	0.1	628	1956366633406513700
2	1000	0.2	628	2034595370116635600
2	1000	0.4	628	2159123549981108700
2	10000	0.1	628	1237583216631314700
2	10000	0.2	628	1664031870348621800
2	10000	0.4	628	804070518181989e3
4	1000	0.1	628	1870770560063883500
4	1000	0.2	628	1962654113145247e3
4	1000	0.4	628	693894263469522600
4	10000	0.1	628	1312135237126730800
4	10000	0.2	628	1071578118358410100
4	10000	0.4	628	924154742024959500
0.5	1000	0.1	629	1372969800630468600
0.5	1000	0.2	629	195542004064801e4
0.5	1000	0.4	629	194201349662081400
0.5	10000	0.1	629	1896314205592656400
0.5	10000	0.2	629	785660667904539e3
0.5	10000	0.4	629	445792684820225540
1	1000	0.1	629	1289654109396923100
1	1000	0.2	629	1356002627337085200
1	1000	0.4	629	575089951293728200
1	10000	0.1	629	2197419870542960600
1	10000	0.2	629	2171487182957998600
1	10000	0.4	629	1033176871576309200
2	1000	0.1	629	2159135041713154e3
2	1000	0.2	629	538941928968775700
2	1000	0.4	629	205571305387753800
2	10000	0.1	629	834788474069767600
2	10000	0.2	629	1717647683492457e3
2	10000	0.4	629	98528451487458020
4	1000	0.1	629	2166725961487384600
4	1000	0.2	629	470943606324541060
4	1000	0.4	629	2.2293773175411478e+17
4	10000	0.1	629	1193252803865893e3
4	10000	0.2	629	1558549292667484400
4	10000	0.4	629	1085371082539915300
0.5	1000	0.1	630	1561306680036587500
0.5	1000	0.2	630	1657153809285249300
0.5	1000	0.4	630	1171613696060508200
0.5	10000	0.1	630	465765848269342100
0.5	10000	0.2	630	303442422783649200
0.5	10000	0.4	630	1600326233385669400
1	1000	0.1	630	1.0798414937101661e+17
1	1000	0.2	630	999745134077990900
1	1000	0.4	630	2228446374683233800
1	10000	0.1	630	29221839786797904
1	10000	0.2	630	2059903065527554e3
1	10000	0.4	630	2055648229131511300
2	1000	0.1	630	1049207925692215300
2	1000	0.2	630	1673530092682614300
2	1000	0.4	630	2023301105947292e3
2	10000	0.1	630	571575801216935900
2	10000	0.2	630	1429338030795174400
2	10000	0.4	630	545351574287343940
4	1000	0.1	630	1.1149415038491699e+17
4	1000	0.2	630	1579816537371657700
4	1000	0.4	630	1404384045477134e3
4	10000	0.1	630	1712915876619670800
4	10000	0.2	630	1587130584394371600
4	10000	0.4	630	671963094644798e3
0.5	1000	0.1	631	2029362838356175400
0.5	1000	0.2	631	381073295850246660
0.5	1000	0.4	631	1639449780425102800
0.5	10000	0.1	631	1052238012462904600
0.5	10000	0.2	631	46741746114470530
0.5	10000	0.4	631	1746660311726430700
1	1000	0.1	631	603869897308560
1	1000	0.2	631	444747834024322940
1	1000	0.4	631	1135264714993056500
1	10000	0.1	631	1519055270228429800
1	10000	0.2	631	989099548551385200
1	10000	0.4	631	427697023190758140
2	1000	0.1	631	2295205062801749e3
2	1000	0.2	631	476475755544552500
2	1000	0.4	631	97650741319723730
2	10000	0.1	631	1473466878564424700
2	10000	0.2	631	1470364916891267800
2	10000	0.4	631	2254837639911166500
4	1000	0.1	631	969273562914267400
4	1000	0.2	631	1.1361228582977201e+18
4	1000	0.4	631	909328457617507500
4	10000	0.1	631	36188185789479744
4	10000	0.2	631	1768682986028450300
4	10000	0.4	631	596694992312832900
0.5	1000	0.1	632	1137771147859791600
0.5	1000	0.2	632	1931452468381142800
0.5	1000	0.4	632	1552238214219070700
0.5	10000	0.1	632	1850032763610686700
0.5	10000	0.2	632	1950574036784838400
0.5	10000	0.4	632	188563447597876e4
1	1000	0.1	632	1457319004508614700
1	1000	0.2	632	262003858311167520
1	1000	0.4	632	202761808655987330
1	10000	0.1	632	1059590831060276500
1	10000	0.2	632	1063832059571463400
1	10000	0.4	632	2019906867777595100
2	1000	0.1	632	2033570684582926300
2	1000	0.2	632	1646853116281936400
2	1000	0.4	632	1221930480056655400
2	10000	0.1	632	1767669995562952700
2	10000	0.2	632	631238213056306400
2	10000	0.4	632	933808728816676e3
4	1000	0.1	632	127714651064967230
4	1000	0.2	632	1934585708958410800
4	1000	0.4	632	1583228781142739500
4	10000	0.1	632	2286854248126625300
4	10000	0.2	632	1693674931219720700
4	10000	0.4	632	2162414939709308e3
0.5	1000	0.1	633	3.8818958456031117e+17
0.5	1000	0.2	633	1440726945631445500
0.5	1000	0.4	633	1021067918300974700
0.5	10000	0.1	633	1566488316815593500
0.5	10000	0.2	633	1635393797304583700
0.5	10000	0.4	633	1502709817761368300
1	1000	0.1	633	728715146145057e3
1	1000	0.2	633	3.6283602891256237e+17
1	1000	0.4	633	817575750764447400
1	10000	0.1	633	393073583194103740
1	10000	0.2	633	184426709397010140
1	10000	0.4	633	1984362890241587700
2	1000	0.1	633	1112094898439861600
2	1000	0.2	633	1289464937120738e3
2	1000	0.4	633	1213389995989378e3
2	10000	0.1	633	255427746547165820
2	10000	0.2	633	1574369914255792400
2	10000	0.4	633	888299054989844200
4	1000	0.1	633	38976001198777920
4	1000	0.2	633	1023380226442737
4	1000	0.4	633	908608239825846100
4	10000	0.1	633	1605865155205462800
4	10000	0.2	633	1345459059476182e3
4	10000	0.4	633	694248410226313100
0.5	1000	0.1	634	849663227484316800
0.5	1000	0.2	634	1645365075274301200
0.5	1000	0.4	634	2281961351616435500
0.5	10000	0.1	634	651925358041857400
0.5	10000	0.2	634	2202628072595860500
0.5	10000	0.4	634	1046016751315767600
1	1000	0.1	634	2264848893966553300
1	1000	0.2	634	1211149744397483800
1	1000	0.4	634	2133177239961709e3
1	10000	0.1	634	1175700326928031e3
1	10000	0.2	634	1022826997268847600
1	10000	0.4	634	1980857466176571e3
2	1000	0.1	634	1128485306848416300
2	1000	0.2	634	1427412173205270800
2	1000	0.4	634	1634500772397664300
2	10000	0.1	634	258314051528801100
2	10000	0.2	634	1925160739287669800
2	10000	0.4	634	1706602409956861e3
4	1000	0.1	634	911906558286502400
4	1000	0.2	634	2120398180002354e3
4	1000	0.4	634	1.1196415255144399e+18
4	10000	0.1	634	1813151271766573800
4	10000	0.2	634	988630079763764
4	10000	0.4	634	1746877209712860200
0.5	1000	0.1	635	1027227803796923900
0.5	1000	0.2	635	1409425391185946e3
0.5	1000	0.4	635	1316441480726113300
0.5	10000	0.1	635	403127291067509250
0.5	10000	0.2	635	2149049112979883800
0.5	10000	0.4	635	86956344792999620
1	1000	0.1	635	979646923798870500
1	1000	0.2	635	480862193282944700
1	1000	0.4	635	1350614006864002600
1	10000	0.1	635	1390087439348564e3
1	10000	0.2	635	2062058955148370200
1	10000	0.4	635	1726701581196912400
2	1000	0.1	635	29666477751586744
2	1000	0.2	635	58327155533459696
2	1000	0.4	635	602303927642405600
2	10000	0.1	635	188514875506024320
2	10000	0.2	635	1018978173929489200
2	10000	0.4	635	5564625008696638
4	1000	0.1	635	803612692179923100
4	1000	0.2	635	791702122816902400
4	1000	0.4	635	159430867930229060
4	10000	0.1	635	1853056124458166800
4	10000	0.2	635	1514953500438222300
4	10000	0.4	635	1444090003934835700
0.5	1000	0.1	636	1537451040896106200
0.5	1000	0.2	636	1385186282462456e3
0.5	1000	0.4	636	222303452226454e4
0.5	10000	0.1	636	1804194010173391600
0.5	10000	0.2	636	1511366258084353300
0.5	10000	0.4	636	1965711853922590700
1	1000	0.1	636	494067586286949e3
1	1000	0.2	636	1450137473499232800
1	1000	0.4	636	1805630507566330600
1	10000	0.1	636	1668974248675423700
1	10000	0.2	636	439229654245510660
1	10000	0.4	636	873450794412454400
2	1000	0.1	636	724238914965044200
2	1000	0.2	636	138634043866715120
2	1000	0.4	636	1022165701176894600
2	10000	0.1	636	882659917404335600
2	10000	0.2	636	166813042172758e4
2	10000	0.4	636	2143345674131522300
4	1000	0.1	636	875646952799584100
4	1000	0.2	636	9.1437902986709594e+17
4	1000	0.4	636	142692315612855230
4	10000	0.1	636	1592509235512609300
4	10000	0.2	636	2246180574017662e3
4	10000	0.4	636	1265625449691628300
0.5	1000	0.1	637	905586783369614300
0.5	1000	0.2	637	1857836617048960300
0.5	1000	0.4	637	260054781560525470
0.5	10000	0.1	637	842147716086140500
0.5	10000	0.2	637	1461946391466639e3
0.5	10000	0.4	637	2287136644565994200
1	1000	0.1	637	462274208925056400
1	1000	0.2	637	1695978729361386e3
1	1000	0.4	637	1430535984137906200
1	10000	0.1	637	1957277020325108500
1	10000	0.2	637	122402664653818110
1	10000	0.4	637	1171014020733873700
2	1000	0.1	637	5.9759641234603994e+17
2	1000	0.2	637	1257516658969078800
2	1000	0.4	637	1206813583362619e3
2	10000	0.1	637	2124378119672050700
2	10000	0.2	637	1322131703975048200
2	10000	0.4	637	4.1428511940238163e+17
4	1000	0.1	637	1735024586909614e3
4	1000	0.2	637	622331671538078500
4	1000	0.4	637	1476950593863173400
4	10000	0.1	637	1366494352778045e3
4	10000	0.2	637	2031956951012688600
4	10000	0.4	637	2020587835500238300
0.5	1000	0.1	638	1642144707007782400
0.5	1000	0.2	638	853879295029689700
0.5	1000	0.4	638	1450172243716796e3
0.5	10000	0.1	638	1024941090464125300
0.5	10000	0.2	638	734545264197921500
0.5	10000	0.4	638	1738840643705733400
1	1000	0.1	638	970770161488751400
1	1000	0.2	638	920754193379636100
1	1000	0.4	638	1319082426565638e3
1	10000	0.1	638	1.3605245483271199e+18
1	10000	0.2	638	2188520991329347e3
1	10000	0.4	638	1626806713896554e3
2	1000	0.1	638	714990526421369300
2	1000	0.2	638	1328152933283371e3
2	1000	0.4	638	1951559575980315100
2	10000	0.1	638	1967942297855922700
2	10000	0.2	638	1711754400560856600
2	10000	0.4	638	2201964414134511600
4	1000	0.1	638	5.0734692479970643e+17
4	1000	0.2	638	1303155223838743600
4	1000	0.4	638	1947065476357014800
4	10000	0.1	638	1527813651865756700
4	10000	0.2	638	48367453214759456
4	10000	0.4	638	1077545007346653400
0.5	1000	0.1	639	2099462146143911400
0.5	1000	0.2	639	1123035147111503600
0.5	1000	0.4	639	1700071939665767700
0.5	10000	0.1	639	2242614354921846e3
0.5	10000	0.2	639	958530549645558e3
0.5	10000	0.4	639	1208034957751657e3
1	1000	0.1	639	1845587653369471e3
1	1000	0.2	639	1394871753365412400
1	1000	0.4	639	1656868981034566400
1	10000	0.1	639	22650343551843824
1	10000	0.2	639	6.4802072347431194e+17
1	10000	0.4	639	2008797693018516200
2	1000	0.1	639	1256518486991758600
2	1000	0.2	639	1943970157593672e3
2	1000	0.4	639	586634155990546400
2	10000	0.1	639	1029193954519360500
2	10000	0.2	639	1900446597493266e3
2	10000	0.4	639	1134584003352181200
4	1000	0.1	639	1651758136940529e3
4	1000	0.2	639	233904135096124220
4	1000	0.4	639	376378124624275400
4	10000	0.1	639	2236532687416465400
4	10000	0.2	639	2094962083488441600
4	10000	0.4	639	1.3618747174139361e+18
0.5	1000	0.1	640	1017386298704442200
0.5	1000	0.2	640	1620069781149304800
0.5	1000	0.4	640	164266257123689020
0.5	10000	0.1	640	1575940241426366e3
0.5	10000	0.2	640	1273531391329216300
0.5	10000	0.4	640	754015402963595300
1	1000	0.1	640	397915353368473150
1	1000	0.2	640	149481363065820960
1	1000	0.4	640	1432635021312703500
1	10000	0.1	640	565483127730830100
1	10000	0.2	640	2024589749597094700
1	10000	0.4	640	1747553891822771200
2	1000	0.1	640	1883810161080111400
2	1000	0.2	640	1715282906179273e3
2	1000	0.4	640	744187421358036400
2	10000	0.1	640	2106797663843974400
2	10000	0.2	640	312730478448239360
2	10000	0.4	640	1416399939036753700
4	1000	0.1	640	2242757246887887600
4	1000	0.2	640	62727621709383376
4	1000	0.4	640	2058999961153984300
4	10000	0.1	640	1829267741637681e3
4	10000	0.2	640	800450045630720400
4	10000	0.4	640	18272263067542768
0.5	1000	0.1	641	2023449371214659e3
0.5	1000	0.2	641	1984390097398362600
0.5	1000	0.4	641	2054572073804982800
0.5	10000	0.1	641	784314604802480800
0.5	10000	0.2	641	48591094352858424
0.5	10000	0.4	641	1709615592563614200
1	1000	0.1	641	1845307343675608e3
1	1000	0.2	641	270359573972738100
1	1000	0.4	641	2288007174636897500
1	10000	0.1	641	1817344834939384300
1	10000	0.2	641	1496390933220355600
1	10000	0.4	641	184130247393199040
2	1000	0.1	641	2051704603644266200
2	1000	0.2	641	760659135289196e3
2	1000	0.4	641	2250670573828269e3
2	10000	0.1	641	89394392653905300
2	10000	0.2	641	1383676847222868700
2	10000	0.4	641	618966893627955600
4	1000	0.1	641	551130159413124600
4	1000	0.2	641	1627895396897906700
4	1000	0.4	641	1783421965115928600
4	10000	0.1	641	1.6651922523179158e+17
4	10000	0.2	641	1446344374756080600
4	10000	0.4	641	805243724149386600
0.5	1000	0.1	642	937757868423167e3
0.5	1000	0.2	642	1100787768963864800
0.5	1000	0.4	642	309649450337031550
0.5	10000	0.1	642	929720445657954300
0.5	10000	0.2	642	1029290493268041500
0.5	10000	0.4	642	2287764793154492400
1	1000	0.1	642	33131396586113176
1	1000	0.2	642	2004181472219164200
1	1000	0.4	642	1922430937415812600
1	10000	0.1	642	1218987808062276600
1	10000	0.2	642	811056349731789200
1	10000	0.4	642	498328424694550850
2	1000	0.1	642	1591787474017457e3
2	1000	0.2	642	2109844627588238e3
2	1000	0.4	642	1257593355566671400
2	10000	0.1	642	2038386649992817e3
2	10000	0.2	642	1230683021606326500
2	10000	0.4	642	132182587704142800
4	1000	0.1	642	626269551934454800
4	1000	0.2	642	1623480264452495400
4	1000	0.4	642	1353229876250808600
4	10000	0.1	642	281204085169582270
4	10000	0.2	642	922791315815228400
4	10000	0.4	642	7162431900599e5
0.5	1000	0.1	643	1943090713387672600
0.5	1000	0.2	643	1107990375247284200
0.5	1000	0.4	643	1435932714169054e3
0.5	10000	0.1	643	2138777146601221e3
0.5	10000	0.2	643	97221498062085e4
0.5	10000	0.4	643	218554626960073920
1	1000	0.1	643	873093284665536300
1	1000	0.2	643	1741065583488436700
1	1000	0.4	643	55551882058038290
1	10000	0.1	643	1868501146723585300
1	10000	0.2	643	1090991426801247e3
1	10000	0.4	643	43177290176096184
2	1000	0.1	643	792233247688527900
2	1000	0.2	643	1612200826952897500
2	1000	0.4	643	1679019403617736200
2	10000	0.1	643	1220699149433289200
2	10000	0.2	643	135200452194652e4
2	10000	0.4	643	1570052117350166e3
4	1000	0.1	643	1281782096525501e3
4	1000	0.2	643	1430758520588962800
4	1000	0.4	643	1001362479980901900
4	10000	0.1	643	1024535579258478e3
4	10000	0.2	643	687405314782423300
4	10000	0.4	643	271110171403129280
0.5	1000	0.1	644	551848816423689900
0.5	1000	0.2	644	1240980635425758200
0.5	1000	0.4	644	494920634632095600
0.5	10000	0.1	644	1032582777268732300
0.5	10000	0.2	644	1027796241470444500
0.5	10000	0.4	644	1966198873884708400
1	1000	0.1	644	2293076970675561e3
1	1000	0.2	644	1012064188188044900
1	1000	0.4	644	447975014890736640
1	10000	0.1	644	2187409671589001700
1	10000	0.2	644	890082015095559700
1	10000	0.4	644	842820992012836100
2	1000	0.1	644	2077813668739244800
2	1000	0.2	644	2098860213120797200
2	1000	0.4	644	981820409959882400
2	10000	0.1	644	894202998042878100
2	10000	0.2	644	2000836003745840600
2	10000	0.4	644	1281167822242961700
4	1000	0.1	644	1178966042938943e3
4	1000	0.2	644	1708417682250598e3
4	1000	0.4	644	1562187271086641700
4	10000	0.1	644	392981925245914800
4	10000	0.2	644	1919266074084520700
4	10000	0.4	644	2088128306748305400
0.5	1000	0.1	645	1279794338573253600
0.5	1000	0.2	645	1928253714210557200
0.5	1000	0.4	645	756212947645753300
0.5	10000	0.1	645	1590856335939431e3
0.5	10000	0.2	645	442165788645436500
0.5	10000	0.4	645	85756998148535392
1	1000	0.1	645	918182029815268700
1	1000	0.2	645	1169369672451916300
1	1000	0.4	645	344974290251089540
1	10000	0.1	645	612543835909905700
1	10000	0.2	645	362338721250952400
1	10000	0.4	645	1984236536462752300
2	1000	0.1	645	897535649133544200
2	1000	0.2	645	1662719267463654e3
2	1000	0.4	645	100543559983597570
2	10000	0.1	645	720984145274997900
2	10000	0.2	645	2096931972444340500
2	10000	0.4	645	841603638223905e3
4	1000	0.1	645	1867240545926642700
4	1000	0.2	645	780674319295689500
4	1000	0.4	645	1984345001702879200
4	10000	0.1	645	1101407948477082100
4	10000	0.2	645	1494784970763217400
4	10000	0.4	645	2009653494228983300
0.5	1000	0.1	646	361766110302835700
0.5	1000	0.2	646	1744515881377443600
0.5	1000	0.4	646	773973313515024900
0.5	10000	0.1	646	1544426570485247e3
0.5	10000	0.2	646	2176079901592486100
0.5	10000	0.4	646	507614297762407600
1	1000	0.1	646	1606411252675264300
1	1000	0.2	646	2050395864998290200
1	1000	0.4	646	1835743114431442400
1	10000	0.1	646	1570032583051177500
1	10000	0.2	646	1548039758180597500
1	10000	0.4	646	1883110584953473300
2	1000	0.1	646	1.9057563543547679e+18
2	1000	0.2	646	620441756306998700
2	1000	0.4	646	2117069780616436700
2	10000	0.1	646	1059131178394686700
2	10000	0.2	646	411854091734312700
2	10000	0.4	646	966658951584825300
4	1000	0.1	646	1146086614546709200
4	1000	0.2	646	161605123245327e4
4	1000	0.4	646	955177747273701600
4	10000	0.1	646	1737667454306077400
4	10000	0.2	646	1069454497665806600
4	10000	0.4	646	431754336686916300
0.5	1000	0.1	647	350079692685542300
0.5	1000	0.2	647	1137993273221770800
0.5	1000	0.4	647	1746815425155993900
0.5	10000	0.1	647	1904322649352715300
0.5	10000	0.2	647	476891223239116860
0.5	10000	0.4	647	586850279405088800
1	1000	0.1	647	1798972729816295e3
1	1000	0.2	647	1789192585698611500
1	1000	0.4	647	1149495248922962700
1	10000	0.1	647	760212833458938e3
1	10000	0.2	647	1146446149915753e3
1	10000	0.4	647	2021084360970052600
2	1000	0.1	647	2219601990989994200
2	1000	0.2	647	1144189647014569600
2	1000	0.4	647	1144721885019783700
2	10000	0.1	647	1192194258929210600
2	10000	0.2	647	2116759517534015500
2	10000	0.4	647	815985679934864100
4	1000	0.1	647	1153746949530977300
4	1000	0.2	647	1331666235505973800
4	1000	0.4	647	39571479244276640
4	10000	0.1	647	594917188444636300
4	10000	0.2	647	1508344190673875200
4	10000	0.4	647	1569872999685053700
0.5	1000	0.1	648	1200913409097558300
0.5	1000	0.2	648	1724914746184447700
0.5	1000	0.4	648	1435232066705757700
0.5	10000	0.1	648	2137655526781775600
0.5	10000	0.2	648	951217229358440200
0.5	10000	0.4	648	2297073281179931100
1	1000	0.1	648	211879789729421400
1	1000	0.2	648	1074332319104105700
1	1000	0.4	648	847897988568426900
1	10000	0.1	648	2296344242014931500
1	10000	0.2	648	423442829157647600
1	10000	0.4	648	204613334561869e4
2	1000	0.1	648	3.9654953691544717e+17
2	1000	0.2	648	1311369741617979e3
2	1000	0.4	648	1464587415097915e3
2	10000	0.1	648	1216366619036987100
2	10000	0.2	648	2201443293453973e3
2	10000	0.4	648	1241310571220895200
4	1000	0.1	648	2152789269463539700
4	1000	0.2	648	1749069005955302700
4	1000	0.4	648	1940266244568815600
4	10000	0.1	648	1083894104540697100
4	10000	0.2	648	2111098596856643e3
4	10000	0.4	648	2265777558867323e3
0.5	1000	0.1	649	1438447649474349600
0.5	1000	0.2	649	2072178059287805700
0.5	1000	0.4	649	1.2060017818779059e+17
0.5	10000	0.1	649	2105991620990943200
0.5	10000	0.2	649	640134506678165400
0.5	10000	0.4	649	2055779475242038300
1	1000	0.1	649	858336708500598800
1	1000	0.2	649	850769226495708200
1	1000	0.4	649	1118438675285903500
1	10000	0.1	649	1482752014599540200
1	10000	0.2	649	1.6519074074720159e+18
1	10000	0.4	649	781967089224579300
2	1000	0.1	649	1569257961807919400
2	1000	0.2	649	760318559756649600
2	1000	0.4	649	1584802292987435500
2	10000	0.1	649	1914491240567735300
2	10000	0.2	649	2105854553950336e3
2	10000	0.4	649	2089094821220508e3
4	1000	0.1	649	1112571421934739e3
4	1000	0.2	649	658809875457887e3
4	1000	0.4	649	1160411725376156e3
4	10000	0.1	649	694342922131771400
4	10000	0.2	649	1071366009231675100
4	10000	0.4	649	1861926609834822100
0.5	1000	0.1	650	828549535657219100
0.5	1000	0.2	650	1811132439588536600
0.5	1000	0.4	650	1972870699736945e3
0.5	10000	0.1	650	1134244874034809300
0.5	10000	0.2	650	1473027017629133800
0.5	10000	0.4	650	1501154952828161e3
1	1000	0.1	650	1125651071320907800
1	1000	0.2	650	2148044190070746e3
1	1000	0.4	650	1151386336396934100
1	10000	0.1	650	1288356036647672e3
1	10000	0.2	650	774367727999507200
1	10000	0.4	650	182491918480364e4
2	1000	0.1	650	1794186815961858300
2	1000	0.2	650	979294089723727400
2	1000	0.4	650	1225695993075016e3
2	10000	0.1	650	2145589625730662400
2	10000	0.2	650	1291545171385760500
2	10000	0.4	650	383879930938049100
4	1000	0.1	650	1681376401547492900
4	1000	0.2	650	1.9941857694146719e+18
4	1000	0.4	650	1187318759889428500
4	10000	0.1	650	1399544787572491800
4	10000	0.2	650	2107824290102872e3
4	10000	0.4	650	593101663561744300
0.5	1000	0.1	651	2065865050229449e3
0.5	1000	0.2	651	745087764960767500
0.5	1000	0.4	651	1840267845589411800
0.5	10000	0.1	651	1039004228766522900
0.5	10000	0.2	651	1154295288126240300
0.5	10000	0.4	651	1003693859038213800
1	1000	0.1	651	1642672131808809500
1	1000	0.2	651	1623433065142592500
1	1000	0.4	651	17035530798882e5
1	10000	0.1	651	52374435602583336
1	10000	0.2	651	615614108747305600
1	10000	0.4	651	2234680517741503500
2	1000	0.1	651	71364408242102230
2	1000	0.2	651	732234437419004200
2	1000	0.4	651	1987979352579153e3
2	10000	0.1	651	1033330157174732300
2	10000	0.2	651	1690121096053977e3
2	10000	0.4	651	1232659333703274e3
4	1000	0.1	651	828132519386629200
4	1000	0.2	651	1369894446300256300
4	1000	0.4	651	1371848691419817200
4	10000	0.1	651	1494202894736805e3
4	10000	0.2	651	1123319020550751500
4	10000	0.4	651	411031383450495550
0.5	1000	0.1	652	1717482199519981e3
0.5	1000	0.2	652	233946234724555e3
0.5	1000	0.4	652	1941021033171748e3
0.5	10000	0.1	652	183906347380890140
0.5	10000	0.2	652	611430607066733800
0.5	10000	0.4	652	1744194278428993e3
1	1000	0.1	652	1959476480376850400
1	1000	0.2	652	2279925763870413e3
1	1000	0.4	652	978461257454221200
1	10000	0.1	652	559193492328575900
1	10000	0.2	652	1914281587594718500
1	10000	0.4	652	646051458014391700
2	1000	0.1	652	377080513373846460
2	1000	0.2	652	861157076915600100
2	1000	0.4	652	1351821369701333500
2	10000	0.1	652	1287959814454173e3
2	10000	0.2	652	1067250185180887800
2	10000	0.4	652	946881741720622200
4	1000	0.1	652	207902120012717e4
4	1000	0.2	652	1435372036475661300
4	1000	0.4	652	1059916889089169900
4	10000	0.1	652	56028077968287304
4	10000	0.2	652	351432902910655100
4	10000	0.4	652	206748145710223520
0.5	1000	0.1	653	1469722757167961300
0.5	1000	0.2	653	1315497453066699500
0.5	1000	0.4	653	607275624457044600
0.5	10000	0.1	653	1578575811314324e3
0.5	10000	0.2	653	2067332918467612400
0.5	10000	0.4	653	1054475506642692600
1	1000	0.1	653	941834831972863900
1	1000	0.2	653	1531312308041062e3
1	1000	0.4	653	2072286845566089700
1	10000	0.1	653	1040438297989982e3
1	10000	0.2	653	1908559484045514200
1	10000	0.4	653	139886004670537e4
2	1000	0.1	653	1051028631535826400
2	1000	0.2	653	2113485137997232400
2	1000	0.4	653	1344056335478056e3
2	10000	0.1	653	1863322308181239e3
2	10000	0.2	653	1899906492983057e3
2	10000	0.4	653	788479012209199100
4	1000	0.1	653	29859420322331052
4	1000	0.2	653	1160692596995799300
4	1000	0.4	653	668780843116625900
4	10000	0.1	653	1781099070535772200
4	10000	0.2	653	1364156412149314800
4	10000	0.4	653	2209034316744693800
0.5	1000	0.1	654	2227908772884905200
0.5	1000	0.2	654	974936113453866200
0.5	1000	0.4	654	2225650275480402400
0.5	10000	0.1	654	1943620365015841300
0.5	10000	0.2	654	481574866588051800
0.5	10000	0.4	654	2090579539412421400
1	1000	0.1	654	1376320949973815300
1	1000	0.2	654	1604605386645241600
1	1000	0.4	654	2090796400044962300
1	10000	0.1	654	1988357066655736300
1	10000	0.2	654	1627418228230784300
1	10000	0.4	654	922851904338714400
2	1000	0.1	654	1366917651335327200
2	1000	0.2	654	73659957093651300
2	1000	0.4	654	1991153348641482e3
2	10000	0.1	654	1851437990740499200
2	10000	0.2	654	516487624378852900
2	10000	0.4	654	137135682469979e4
4	1000	0.1	654	947138318100451500
4	1000	0.2	654	1448751077947815400
4	1000	0.4	654	981775542269717e3
4	10000	0.1	654	110220940017986350
4	10000	0.2	654	1041937293059374800
4	10000	0.4	654	1743089278505345500
0.5	1000	0.1	655	2021443179875433200
0.5	1000	0.2	655	2048085771184053500
0.5	1000	0.4	655	127213233024876560
0.5	10000	0.1	655	1515933815343986e3
0.5	10000	0.2	655	10711581374141820
0.5	10000	0.4	655	1652825086499792600
1	1000	0.1	655	455684657579317250
1	1000	0.2	655	1916985839565903e3
1	1000	0.4	655	3.7625102223629523e+17
1	10000	0.1	655	839656710002138900
1	10000	0.2	655	1624203428039644e3
1	10000	0.4	655	1496345126565063200
2	1000	0.1	655	864314699829993900
2	1000	0.2	655	331918635594410900
2	1000	0.4	655	173648139392470850
2	10000	0.1	655	2122803014656417500
2	10000	0.2	655	1201062652483025e3
2	10000	0.4	655	2260002860220173300
4	1000	0.1	655	830667347635435100
4	1000	0.2	655	1480563963800565200
4	1000	0.4	655	595699231199625900
4	10000	0.1	655	2119878874687854e3
4	10000	0.2	655	650373456476657900
4	10000	0.4	655	1990876476850078700
0.5	1000	0.1	656	1586740263142751200
0.5	1000	0.2	656	359857985897715800
0.5	1000	0.4	656	286123201323725760
0.5	10000	0.1	656	42585661806744190
0.5	10000	0.2	656	1399299035688882200
0.5	10000	0.4	656	2063834459697212e3
1	1000	0.1	656	2129014835166942200
1	1000	0.2	656	184791406918025540
1	1000	0.4	656	1602628792573032400
1	10000	0.1	656	711718910351587200
1	10000	0.2	656	137954335728346080
1	10000	0.4	656	474676852547127940
2	1000	0.1	656	2174702116723886600
2	1000	0.2	656	925348791496890500
2	1000	0.4	656	1811074871503990300
2	10000	0.1	656	948218848380542100
2	10000	0.2	656	1139899757306647700
2	10000	0.4	656	2183028258819972900
4	1000	0.1	656	1492591075798872300
4	1000	0.2	656	2015447300873175300
4	1000	0.4	656	109388172015811e4
4	10000	0.1	656	510856756594584600
4	10000	0.2	656	1200113179907375600
4	10000	0.4	656	209819793730007200
0.5	1000	0.1	657	1034644525685621600
0.5	1000	0.2	657	1081795252693014400
0.5	1000	0.4	657	489621680510072100
0.5	10000	0.1	657	55573529932510880
0.5	10000	0.2	657	2104204846588241400
0.5	10000	0.4	657	1515284285826649e3
1	1000	0.1	657	1495304731550254600
1	1000	0.2	657	108682715241525920
1	1000	0.4	657	759489235745673700
1	10000	0.1	657	954330150258820600
1	10000	0.2	657	1782265368582853600
1	10000	0.4	657	456889029739630140
2	1000	0.1	657	1959322762921157e3
2	1000	0.2	657	666948726838082800
2	1000	0.4	657	1789626788227138600
2	10000	0.1	657	939248111649500400
2	10000	0.2	657	443321495574383400
2	10000	0.4	657	2286373917370175700
4	1000	0.1	657	169802613140158660
4	1000	0.2	657	1962351517575492e3
4	1000	0.4	657	586405375535123200
4	10000	0.1	657	567738000179301950
4	10000	0.2	657	739444767187632400
4	10000	0.4	657	2259403047096712200
0.5	1000	0.1	658	29258372551188272
0.5	1000	0.2	658	2011953168987779600
0.5	1000	0.4	658	971920072982939300
0.5	10000	0.1	658	821822487973622900
0.5	10000	0.2	658	282368135916063200
0.5	10000	0.4	658	2005802934552720400
1	1000	0.1	658	184037781715755870
1	1000	0.2	658	152746431976473760
1	1000	0.4	658	970236570281013
1	10000	0.1	658	344201300589064700
1	10000	0.2	658	443261662684531700
1	10000	0.4	658	1601108549037153800
2	1000	0.1	658	1067833157716631800
2	1000	0.2	658	299680881240712600
2	1000	0.4	658	2187644138204543e3
2	10000	0.1	658	249276700740439420
2	10000	0.2	658	2163089253515002600
2	10000	0.4	658	910055078877773200
4	1000	0.1	658	1013395490654130400
4	1000	0.2	658	1606406469786057700
4	1000	0.4	658	170433189122746880
4	10000	0.1	658	650029417364461e3
4	10000	0.2	658	1439666765280033500
4	10000	0.4	658	2293244406151221800
0.5	1000	0.1	659	2260561759765291500
0.5	1000	0.2	659	984651514276813700
0.5	1000	0.4	659	2017110169244668e3
0.5	10000	0.1	659	1882914826532696e3
0.5	10000	0.2	659	1980886623489205800
0.5	10000	0.4	659	1806858275234917e3
1	1000	0.1	659	761317904736926300
1	1000	0.2	659	870046988171020200
1	1000	0.4	659	1356765020855628500
1	10000	0.1	659	1033534355029983700
1	10000	0.2	659	1767822760173245e3
1	10000	0.4	659	711700752125896600
2	1000	0.1	659	576934234447146500
2	1000	0.2	659	1960125398272598500
2	1000	0.4	659	1728877444827463700
2	10000	0.1	659	396348611619592900
2	10000	0.2	659	452240256380776960
2	10000	0.4	659	1344822718252838400
4	1000	0.1	659	377540711638457500
4	1000	0.2	659	2176635756601914400
4	1000	0.4	659	1366241090379521800
4	10000	0.1	659	1870485613729814800
4	10000	0.2	659	1425463079690688800
4	10000	0.4	659	785703614214717300
0.5	1000	0.1	660	1287691730184169200
0.5	1000	0.2	660	1111802621431404500
0.5	1000	0.4	660	1340880385101125e3
0.5	10000	0.1	660	1380896860670308400
0.5	10000	0.2	660	2.0344032585298278e+17
0.5	10000	0.4	660	1464780917604364800
1	1000	0.1	660	368055461123184900
1	1000	0.2	660	220910161364278180
1	1000	0.4	660	1207956008395069e3
1	10000	0.1	660	950628525398011800
1	10000	0.2	660	631948235393360500
1	10000	0.4	660	1388978039367059200
2	1000	0.1	660	2155857293006528e3
2	1000	0.2	660	570743346365358500
2	1000	0.4	660	119885367067363260
2	10000	0.1	660	734864279682726300
2	10000	0.2	660	13762335034078468
2	10000	0.4	660	23430784186551352
4	1000	0.1	660	2286076034794268200
4	1000	0.2	660	1250200764514940700
4	1000	0.4	660	1355831594596803600
4	10000	0.1	660	132564914096999e4
4	10000	0.2	660	2213395542664966700
4	10000	0.4	660	1382231194532747500
0.5	1000	0.1	661	2055460195254742e3
0.5	1000	0.2	661	2020686927171484400
0.5	1000	0.4	661	1777651980898186500
0.5	10000	0.1	661	1603583210851636500
0.5	10000	0.2	661	2179108121699992e3
0.5	10000	0.4	661	988763727304663200
1	1000	0.1	661	2165949527954539300
1	1000	0.2	661	1378495923451648800
1	1000	0.4	661	2047153355656343e3
1	10000	0.1	661	449104154253769860
1	10000	0.2	661	241870785930590340
1	10000	0.4	661	687139264877449700
2	1000	0.1	661	1277091804701742800
2	1000	0.2	661	2122975299709685800
2	1000	0.4	661	16914324050615e5
2	10000	0.1	661	751645875274140400
2	10000	0.2	661	410054266485796100
2	10000	0.4	661	54167146671283730
4	1000	0.1	661	319929354093070700
4	1000	0.2	661	1586669638072634600
4	1000	0.4	661	299255470636576700
4	10000	0.1	661	521396437374813060
4	10000	0.2	661	1007774012607688400
4	10000	0.4	661	1646653447470022400
0.5	1000	0.1	662	2261826180711621e3
0.5	1000	0.2	662	2120567872198142500
0.5	1000	0.4	662	1143872815514476700
0.5	10000	0.1	662	637885744696819500
0.5	10000	0.2	662	670426377653914100
0.5	10000	0.4	662	858750289147682400
1	1000	0.1	662	1036938656940548900
1	1000	0.2	662	1619344743617884700
1	1000	0.4	662	718807800395491100
1	10000	0.1	662	1228153792969019100
1	10000	0.2	662	293565906829180300
1	10000	0.4	662	5.6810569369790483e+17
2	1000	0.1	662	1144609401222045300
2	1000	0.2	662	1193406447552592600
2	1000	0.4	662	1518126960841889500
2	10000	0.1	662	781457617077966500
2	10000	0.2	662	908984515229193200
2	10000	0.4	662	206550066312674e4
4	1000	0.1	662	1558995272330286600
4	1000	0.2	662	627678828232506100
4	1000	0.4	662	2163678722731127300
4	10000	0.1	662	1496581049205974500
4	10000	0.2	662	448563964205410240
4	10000	0.4	662	2167307163938188500
0.5	1000	0.1	663	1417107204303072800
0.5	1000	0.2	663	1286783314774186500
0.5	1000	0.4	663	1335595620313428200
0.5	10000	0.1	663	264781251460897250
0.5	10000	0.2	663	1134949170844179500
0.5	10000	0.4	663	2187732125805863700
1	1000	0.1	663	211857743980381440
1	1000	0.2	663	1998427895567346700
1	1000	0.4	663	1475299079796585200
1	10000	0.1	663	1639567064173633300
1	10000	0.2	663	1313582298776989e3
1	10000	0.4	663	332406023127045950
2	1000	0.1	663	461089915285348740
2	1000	0.2	663	851353381648257300
2	1000	0.4	663	5.7000605328465997e+17
2	10000	0.1	663	783456473735448800
2	10000	0.2	663	1078704870153712100
2	10000	0.4	663	1274109048708359400
4	1000	0.1	663	1758232494465790700
4	1000	0.2	663	1470065668627763200
4	1000	0.4	663	1517106731101733400
4	10000	0.1	663	1248538989505768200
4	10000	0.2	663	1689835658292786200
4	10000	0.4	663	824593486761373600
0.5	1000	0.1	664	1235979004774480600
0.5	1000	0.2	664	799611251841232600
0.5	1000	0.4	664	1966197133404362e3
0.5	10000	0.1	664	571011350908293800
0.5	10000	0.2	664	841338572419406700
0.5	10000	0.4	664	425161917660846100
1	1000	0.1	664	199819124123441e4
1	1000	0.2	664	763733442178784100
1	1000	0.4	664	416601807311472100
1	10000	0.1	664	2170581585919497700
1	10000	0.2	664	2100779601073307600
1	10000	0.4	664	1167256416416283100
2	1000	0.1	664	2112065617382326e3
2	1000	0.2	664	960705396176486400
2	1000	0.4	664	652100514314201300
2	10000	0.1	664	1309569163668331e3
2	10000	0.2	664	1895072661597666300
2	10000	0.4	664	2163563814444614400
4	1000	0.1	664	2277733341472499700
4	1000	0.2	664	1880837003397173800
4	1000	0.4	664	1111729813224028e3
4	10000	0.1	664	748784254763916e3
4	10000	0.2	664	533117292599057700
4	10000	0.4	664	1489132373143402200
0.5	1000	0.1	665	49127731889380130
0.5	1000	0.2	665	369599815274336700
0.5	1000	0.4	665	244427423695777020
0.5	10000	0.1	665	828962429499491700
0.5	10000	0.2	665	2133047723048486e3
0.5	10000	0.4	665	1433061687323558e3
1	1000	0.1	665	1606212281647755800
1	1000	0.2	665	1337145406108686e3
1	1000	0.4	665	582758330727784400
1	10000	0.1	665	505532576486432700
1	10000	0.2	665	1663271375020394e3
1	10000	0.4	665	1027399445957822800
2	1000	0.1	665	2074474329297424400
2	1000	0.2	665	526155540540049200
2	1000	0.4	665	869448682813737300
2	10000	0.1	665	4.3968922644431923e+17
2	10000	0.2	665	2032073970825713200
2	10000	0.4	665	369674619263866600
4	1000	0.1	665	2202400708714475800
4	1000	0.2	665	1604676056016851e3
4	1000	0.4	665	1060480898222222e3
4	10000	0.1	665	1620244981807431200
4	10000	0.2	665	1846701597030326300
4	10000	0.4	665	1204539075695010600
0.5	1000	0.1	666	1965492320087528e3
0.5	1000	0.2	666	1768670352122495500
0.5	1000	0.4	666	1149528505354099700
0.5	10000	0.1	666	2015994773544447700
0.5	10000	0.2	666	1636657760411297300
0.5	10000	0.4	666	55854252464796600
1	1000	0.1	666	4407628319364899
1	1000	0.2	666	1714245791780436500
1	1000	0.4	666	1531030027647570400
1	10000	0.1	666	868560722509566e3
1	10000	0.2	666	1008705680891449900
1	10000	0.4	666	1213509498944573e3
2	1000	0.1	666	2068968717043780600
2	1000	0.2	666	2255323603604316400
2	1000	0.4	666	1308464534016683300
2	10000	0.1	666	2.8777166996598518e+17
2	10000	0.2	666	1601939534800962e3
2	10000	0.4	666	1354331980419473700
4	1000	0.1	666	1644711039520463600
4	1000	0.2	666	1558546327649067800
4	1000	0.4	666	2022901434707801600
4	10000	0.1	666	1984912722530025e3
4	10000	0.2	666	2260589966527696600
4	10000	0.4	666	1713058597429219800
0.5	1000	0.1	667	886276486754502900
0.5	1000	0.2	667	1989200422157901e3
0.5	1000	0.4	667	1187246713856783400
0.5	10000	0.1	667	698571595801929300
0.5	10000	0.2	667	1181197045178870800
0.5	10000	0.4	667	1443093288699864e3
1	1000	0.1	667	1564469393179740400
1	1000	0.2	667	441199212422563700
1	1000	0.4	667	554296911421083100
1	10000	0.1	667	2270074359139950600
1	10000	0.2	667	327760174647288500
1	10000	0.4	667	749999771995890700
2	1000	0.1	667	985371955712343700
2	1000	0.2	667	1291807319608543700
2	1000	0.4	667	1763140385456709e3
2	10000	0.1	667	2103656274852394500
2	10000	0.2	667	165766203760363200
2	10000	0.4	667	1035690443834099700
4	1000	0.1	667	1412592222174497500
4	1000	0.2	667	1270405537997768e3
4	1000	0.4	667	1294683203243038200
4	10000	0.1	667	1015492669850876e3
4	10000	0.2	667	91202386977848560
4	10000	0.4	667	442126232806570560
0.5	1000	0.1	668	1791945625191875800
0.5	1000	0.2	668	74660786172152290
0.5	1000	0.4	668	1300334646452927500
0.5	10000	0.1	668	1160108058593334800
0.5	10000	0.2	668	228272030923136e4
0.5	10000	0.4	668	680561059369145300
1	1000	0.1	668	1109348525337418e3
1	1000	0.2	668	785767168641950300
1	1000	0.4	668	92074184300016160
1	10000	0.1	668	2124437568611520300
1	10000	0.2	668	1304686886166365400
1	10000	0.4	668	5128154061604898
2	1000	0.1	668	2.2943700184894598e+17
2	1000	0.2	668	242109840900990980
2	1000	0.4	668	1126699761512654800
2	10000	0.1	668	142130944062481620
2	10000	0.2	668	1908460598609377500
2	10000	0.4	668	1416363658413903e3
4	1000	0.1	668	2193619150705631200
4	1000	0.2	668	1677332531237187800
4	1000	0.4	668	121621471266038180
4	10000	0.1	668	122319620479851580
4	10000	0.2	668	1790156621086359300
4	10000	0.4	668	1027591597476201200
0.5	1000	0.1	669	1176471676299560400
0.5	1000	0.2	669	2152236521352111600
0.5	1000	0.4	669	1810381362356747300
0.5	10000	0.1	669	1.7959997734436278e+17
0.5	10000	0.2	669	1245969250418756600
0.5	10000	0.4	669	2285734446736212e3
1	1000	0.1	669	328945308696760200
1	1000	0.2	669	1426914919740653300
1	1000	0.4	669	94821907765521860
1	10000	0.1	669	291004447349422460
1	10000	0.2	669	1330131873350452700
1	10000	0.4	669	1405420535257431600
2	1000	0.1	669	1769918398814730500
2	1000	0.2	669	952801340889118300
2	1000	0.4	669	1005405798481199200
2	10000	0.1	669	275384978654355700
2	10000	0.2	669	797380883284738200
2	10000	0.4	669	1156032101010277400
4	1000	0.1	669	1132543728420421600
4	1000	0.2	669	814240701653793200
4	1000	0.4	669	1922142863240701e3
4	10000	0.1	669	1163430638356900900
4	10000	0.2	669	333443149391385700
4	10000	0.4	669	868039146481302800
0.5	1000	0.1	670	1858463974834318800
0.5	1000	0.2	670	1801023765635636700
0.5	1000	0.4	670	252276123391804640
0.5	10000	0.1	670	841343866510784500
0.5	10000	0.2	670	1054332233909937700
0.5	10000	0.4	670	4.6660186770571763e+17
1	1000	0.1	670	107047634897974100
1	1000	0.2	670	2019997479987112e3
1	1000	0.4	670	1293058402771393500
1	10000	0.1	670	1191031289193452800
1	10000	0.2	670	1488524510171774500
1	10000	0.4	670	299105323316408900
2	1000	0.1	670	2008894826803338200
2	1000	0.2	670	623728772567996800
2	1000	0.4	670	973423561901901e3
2	10000	0.1	670	1698730654199149800
2	10000	0.2	670	591586302242902800
2	10000	0.4	670	1467352412383228400
4	1000	0.1	670	1182811190661193700
4	1000	0.2	670	1318117882413322200
4	1000	0.4	670	1683920484402155300
4	10000	0.1	670	470581780154914750
4	10000	0.2	670	609546865149976200
4	10000	0.4	670	1372857418669868800
0.5	1000	0.1	671	511803921050199500
0.5	1000	0.2	671	38936546475169550
0.5	1000	0.4	671	1736575083023441e3
0.5	10000	0.1	671	501148698106296100
0.5	10000	0.2	671	1397159845851502600
0.5	10000	0.4	671	1882335628594794e3
1	1000	0.1	671	980431125230169100
1	1000	0.2	671	173192240356045e4
1	1000	0.4	671	7084635500978042
1	10000	0.1	671	554701013507329540
1	10000	0.2	671	1785502610281163800
1	10000	0.4	671	595951015644393600
2	1000	0.1	671	926450406310120800
2	1000	0.2	671	1669624626238426e3
2	1000	0.4	671	1887021037689141500
2	10000	0.1	671	1411384178924922400
2	10000	0.2	671	36181595654782536
2	10000	0.4	671	1754397407698656800
4	1000	0.1	671	769739551855396900
4	1000	0.2	671	1026212759848018e3
4	1000	0.4	671	997208343895198700
4	10000	0.1	671	990980220956976
4	10000	0.2	671	1830774567561935400
4	10000	0.4	671	1209848626558524400
0.5	1000	0.1	672	847945144684611800
0.5	1000	0.2	672	521448238317803260
0.5	1000	0.4	672	1636954551263760400
0.5	10000	0.1	672	862617298978551400
0.5	10000	0.2	672	2097752151941576700
0.5	10000	0.4	672	460675867335094600
1	1000	0.1	672	993680027884707300
1	1000	0.2	672	98231763315916700
1	1000	0.4	672	62307391534179170
1	10000	0.1	672	322036559619482e3
1	10000	0.2	672	1725709349698497e3
1	10000	0.4	672	1008846554151997400
2	1000	0.1	672	106916318511224900
2	1000	0.2	672	1776726626207540500
2	1000	0.4	672	1258501968671107e3
2	10000	0.1	672	1599577124536770300
2	10000	0.2	672	1571239991664405e3
2	10000	0.4	672	107026335164301540
4	1000	0.1	672	1206171616876676600
4	1000	0.2	672	254735042149914600
4	1000	0.4	672	1333034191083945e3
4	10000	0.1	672	1919635757091518500
4	10000	0.2	672	1.4002859505821921e+18
4	10000	0.4	672	2135207367860785700
0.5	1000	0.1	673	1493306193172715800
0.5	1000	0.2	673	1770618260117027800
0.5	1000	0.4	673	1734307682729778200
0.5	10000	0.1	673	89831854904789620
0.5	10000	0.2	673	1974640495581682200
0.5	10000	0.4	673	720781045464661600
1	1000	0.1	673	1588783050236180700
1	1000	0.2	673	990879496695122200
1	1000	0.4	673	829560687605772e3
1	10000	0.1	673	1435123869075955500
1	10000	0.2	673	1628236546781899800
1	10000	0.4	673	65666918189669e4
2	1000	0.1	673	1914118230799008300
2	1000	0.2	673	1575986126185350100
2	1000	0.4	673	2101356077629576700
2	10000	0.1	673	2054855609402812e3
2	10000	0.2	673	1985067134168758300
2	10000	0.4	673	1585096310609505e3
4	1000	0.1	673	1742358880075281400
4	1000	0.2	673	138386065798067310
4	1000	0.4	673	115890625142901360
4	10000	0.1	673	2092298410801355800
4	10000	0.2	673	295475521094275600
4	10000	0.4	673	470783695293602800
0.5	1000	0.1	674	862411538712433400
0.5	1000	0.2	674	2044965515300361700
0.5	1000	0.4	674	1844101640250744300
0.5	10000	0.1	674	203360573746830560
0.5	10000	0.2	674	2302329051484352500
0.5	10000	0.4	674	323546704009957500
1	1000	0.1	674	1508006329313221600
1	1000	0.2	674	850623664932063600
1	1000	0.4	674	843920540417460200
1	10000	0.1	674	703857604897888500
1	10000	0.2	674	1556700402501493500
1	10000	0.4	674	2291580048203003400
2	1000	0.1	674	1043703550454851600
2	1000	0.2	674	1933881964991054300
2	1000	0.4	674	764948374851830100
2	10000	0.1	674	2296505538202851600
2	10000	0.2	674	395089899166092740
2	10000	0.4	674	1959495094229012500
4	1000	0.1	674	1225905145798535200
4	1000	0.2	674	1378811022721785e3
4	1000	0.4	674	794972268199861800
4	10000	0.1	674	2007641653878219500
4	10000	0.2	674	1173567365851622100
4	10000	0.4	674	306898820404634500
0.5	1000	0.1	675	2040601289260435500
0.5	1000	0.2	675	1996269182238662700
0.5	1000	0.4	675	832243975937986e3
0.5	10000	0.1	675	1046791191175315100
0.5	10000	0.2	675	1.4451085965558881e+18
0.5	10000	0.4	675	1182637016093438700
1	1000	0.1	675	2290116023671697700
1	1000	0.2	675	1802719194429923600
1	1000	0.4	675	1209840314009256e3
1	10000	0.1	675	1.0082845403086641e+18
1	10000	0.2	675	2300953014346633e3
1	10000	0.4	675	149596986096104930
2	1000	0.1	675	1737039244873162e3
2	1000	0.2	675	1608165643017897500
2	1000	0.4	675	1185198079717167600
2	10000	0.1	675	1086334100659432700
2	10000	0.2	675	1055512471679190300
2	10000	0.4	675	1507001286305807e3
4	1000	0.1	675	1383256207286368800
4	1000	0.2	675	260375129364515970
4	1000	0.4	675	1698615956887089200
4	10000	0.1	675	1864013187416602e3
4	10000	0.2	675	176032758533927170
4	10000	0.4	675	1099689489500475100
0.5	1000	0.1	676	71765096625730776
0.5	1000	0.2	676	2232831762115518e3
0.5	1000	0.4	676	1501522283423710200
0.5	10000	0.1	676	1313783131188206600
0.5	10000	0.2	676	415506377991053e3
0.5	10000	0.4	676	1990402236060143e3
1	1000	0.1	676	30904273089636020
1	1000	0.2	676	955739762061848700
1	1000	0.4	676	5.6014153901687117e+17
1	10000	0.1	676	28040610151833884
1	10000	0.2	676	1396406742154852600
1	10000	0.4	676	325817291789717950
2	1000	0.1	676	2223625748772438e3
2	1000	0.2	676	425326866351493060
2	1000	0.4	676	511118612115184500
2	10000	0.1	676	2090574387072235500
2	10000	0.2	676	4.5840497195548237e+17
2	10000	0.4	676	608328537847382900
4	1000	0.1	676	1216466365224055800
4	1000	0.2	676	2182112157933192700
4	1000	0.4	676	904638318245452e3
4	10000	0.1	676	421175786704248300
4	10000	0.2	676	259016970389389100
4	10000	0.4	676	383051283734984450
0.5	1000	0.1	677	1721814793367609600
0.5	1000	0.2	677	346455454983875400
0.5	1000	0.4	677	2096893555464408e3
0.5	10000	0.1	677	1022176718628922400
0.5	10000	0.2	677	917052633245023400
0.5	10000	0.4	677	1996993041057511e3
1	1000	0.1	677	1929255934368349200
1	1000	0.2	677	905954578932774900
1	1000	0.4	677	39605339057345010
1	10000	0.1	677	1648924538232815e3
1	10000	0.2	677	644309436621528300
1	10000	0.4	677	246695843591124640
2	1000	0.1	677	863938426020944800
2	1000	0.2	677	1141891258670831500
2	1000	0.4	677	1685546594973171200
2	10000	0.1	677	1174497818679869e3
2	10000	0.2	677	1052515820483547600
2	10000	0.4	677	1762213356431699e3
4	1000	0.1	677	12823342599164396
4	1000	0.2	677	1858060029607200800
4	1000	0.4	677	2134369853390967e3
4	10000	0.1	677	762887352517938200
4	10000	0.2	677	914219639200556400
4	10000	0.4	677	123696700410502e4
0.5	1000	0.1	678	1383695221246292700
0.5	1000	0.2	678	1578975561779714600
0.5	1000	0.4	678	1947912753486273e3
0.5	10000	0.1	678	1214508495331570200
0.5	10000	0.2	678	1137766368440467300
0.5	10000	0.4	678	482691746024533800
1	1000	0.1	678	1935080566617297400
1	1000	0.2	678	2271645256842855700
1	1000	0.4	678	476925421837774100
1	10000	0.1	678	1043421032346932e3
1	10000	0.2	678	2063458008030382300
1	10000	0.4	678	1767605742895912700
2	1000	0.1	678	781497384037324500
2	1000	0.2	678	960478584210936200
2	1000	0.4	678	338207447280971500
2	10000	0.1	678	1373006604081027300
2	10000	0.2	678	93544911553872660
2	10000	0.4	678	494707155847986560
4	1000	0.1	678	718359022932297e3
4	1000	0.2	678	246313740790344130
4	1000	0.4	678	1194058181358549800
4	10000	0.1	678	756661642788144100
4	10000	0.2	678	159917758553566180
4	10000	0.4	678	1492009932613386800
0.5	1000	0.1	679	1278664277002214700
0.5	1000	0.2	679	935807176728367600
0.5	1000	0.4	679	1323405581187935200
0.5	10000	0.1	679	1770888676133190100
0.5	10000	0.2	679	1017704595461499900
0.5	10000	0.4	679	733845142594994600
1	1000	0.1	679	1927996102563025700
1	1000	0.2	679	1734264036073634600
1	1000	0.4	679	1049620869900134700
1	10000	0.1	679	1277165283024202800
1	10000	0.2	679	872392719742283600
1	10000	0.4	679	655060700351006e3
2	1000	0.1	679	780664661060331500
2	1000	0.2	679	1839377580770261500
2	1000	0.4	679	1249524104790661400
2	10000	0.1	679	458908131173401340
2	10000	0.2	679	1451982032137348600
2	10000	0.4	679	489112331250865800
4	1000	0.1	679	400294803933523650
4	1000	0.2	679	203426447383177950
4	1000	0.4	679	247660178579695230
4	10000	0.1	679	2263811302353260800
4	10000	0.2	679	2026870612107794e3
4	10000	0.4	679	137885247636991e4
0.5	1000	0.1	680	1733949711550253800
0.5	1000	0.2	680	1675714670687110700
0.5	1000	0.4	680	122802878820217540
0.5	10000	0.1	680	411738076036073500
0.5	10000	0.2	680	930483631829189200
0.5	10000	0.4	680	2206253248753604600
1	1000	0.1	680	2160318702991030300
1	1000	0.2	680	438613045450772500
1	1000	0.4	680	1201341976885102600
1	10000	0.1	680	390102050944945700
1	10000	0.2	680	402565285004879360
1	10000	0.4	680	1422756180219462100
2	1000	0.1	680	1749884305675094500
2	1000	0.2	680	137177605384598240
2	1000	0.4	680	2127867643345098500
2	10000	0.1	680	1183941924971463700
2	10000	0.2	680	529846338985351700
2	10000	0.4	680	855395312814156800
4	1000	0.1	680	1148767135455761400
4	1000	0.2	680	810688960549726500
4	1000	0.4	680	1741035462736700400
4	10000	0.1	680	7149141634544379
4	10000	0.2	680	2204863687928887800
4	10000	0.4	680	2110377871926902800
0.5	1000	0.1	681	986790234843769600
0.5	1000	0.2	681	115144176875577820
0.5	1000	0.4	681	1019820594259339600
0.5	10000	0.1	681	1230237735488481500
0.5	10000	0.2	681	123898912745508830
0.5	10000	0.4	681	2021560854494973700
1	1000	0.1	681	203988116219845900
1	1000	0.2	681	789010614294329200
1	1000	0.4	681	1036722233849067400
1	10000	0.1	681	1225073780624152300
1	10000	0.2	681	828428765089814500
1	10000	0.4	681	310157163758175700
2	1000	0.1	681	1636403787718311400
2	1000	0.2	681	49621509204633e4
2	1000	0.4	681	1289449234679983400
2	10000	0.1	681	1239612920304700400
2	10000	0.2	681	4.0641156289222963e+17
2	10000	0.4	681	1232407518373414100
4	1000	0.1	681	278589436742140960
4	1000	0.2	681	591871641743086600
4	1000	0.4	681	2218789303726589200
4	10000	0.1	681	1675264230245856e3
4	10000	0.2	681	2040552526125244e3
4	10000	0.4	681	1133149557129362e3
0.5	1000	0.1	682	870835959795572600
0.5	1000	0.2	682	1760107113348795100
0.5	1000	0.4	682	1346576335924274200
0.5	10000	0.1	682	2064210542435526100
0.5	10000	0.2	682	2265045841209868300
0.5	10000	0.4	682	1076073854067077400
1	1000	0.1	682	1967752927997929200
1	1000	0.2	682	229378608103146e4
1	1000	0.4	682	1.3008819684655519e+18
1	10000	0.1	682	1293864341034371300
1	10000	0.2	682	571297561111190800
1	10000	0.4	682	409496052006167e3
2	1000	0.1	682	2034820962791692300
2	1000	0.2	682	3.5380363150188403e+17
2	1000	0.4	682	320555362166690100
2	10000	0.1	682	2191352874289222100
2	10000	0.2	682	952468521248449800
2	10000	0.4	682	906258976286677500
4	1000	0.1	682	1599337327283453700
4	1000	0.2	682	1018696161431001100
4	1000	0.4	682	1130985457593319700
4	10000	0.1	682	1837596203009676300
4	10000	0.2	682	801882307509365500
4	10000	0.4	682	498879193717497150
0.5	1000	0.1	683	909872499087637500
0.5	1000	0.2	683	1862474377271368200
0.5	1000	0.4	683	1318311008036169500
0.5	10000	0.1	683	1502408070282462700
0.5	10000	0.2	683	2206310835884939300
0.5	10000	0.4	683	181261081967616200
1	1000	0.1	683	1308111468564696e3
1	1000	0.2	683	1275548490958607600
1	1000	0.4	683	1043497858099598600
1	10000	0.1	683	1.3727926058670241e+18
1	10000	0.2	683	341593004512642200
1	10000	0.4	683	56346065263211136
2	1000	0.1	683	1926944070370347800
2	1000	0.2	683	1540006121103399400
2	1000	0.4	683	1117930035166401e3
2	10000	0.1	683	2233352593873006300
2	10000	0.2	683	135364315850060780
2	10000	0.4	683	1362699439076164900
4	1000	0.1	683	2196332486026955300
4	1000	0.2	683	1264857096197465600
4	1000	0.4	683	596620400121869e3
4	10000	0.1	683	593350616269204900
4	10000	0.2	683	625909012811553e3
4	10000	0.4	683	1110913771929379700
0.5	1000	0.1	684	686259021615712e3
0.5	1000	0.2	684	838042233402137700
0.5	1000	0.4	684	313087879025226750
0.5	10000	0.1	684	1818612250265436e3
0.5	10000	0.2	684	144934633829919330
0.5	10000	0.4	684	932849067425947100
1	1000	0.1	684	578980229720144900
1	1000	0.2	684	1096369488593233700
1	1000	0.4	684	1119994209772289800
1	10000	0.1	684	645792291007274600
1	10000	0.2	684	1631864965967549400
1	10000	0.4	684	1584632310669427700
2	1000	0.1	684	1710982906800592600
2	1000	0.2	684	2114057758078404900
2	1000	0.4	684	2262257319760315e3
2	10000	0.1	684	689684874132197500
2	10000	0.2	684	972415696204636800
2	10000	0.4	684	733427493322338200
4	1000	0.1	684	1080019271330629e3
4	1000	0.2	684	2063403356225283e3
4	1000	0.4	684	3.8997807595285203e+17
4	10000	0.1	684	1355904518435848700
4	10000	0.2	684	1274190448037467100
4	10000	0.4	684	1961520682563348e3
0.5	1000	0.1	685	1308498576421061600
0.5	1000	0.2	685	2.9337050690308397e+17
0.5	1000	0.4	685	585328100037680600
0.5	10000	0.1	685	2264970152032607e3
0.5	10000	0.2	685	164926908185212500
0.5	10000	0.4	685	304722614077819200
1	1000	0.1	685	1919368364253700600
1	1000	0.2	685	1875578768186068700
1	1000	0.4	685	2111340276896096300
1	10000	0.1	685	208180675775455970
1	10000	0.2	685	672892853822470100
1	10000	0.4	685	566400039555199800
2	1000	0.1	685	631213990551207e3
2	1000	0.2	685	1589284476198809600
2	1000	0.4	685	1790171552063713300
2	10000	0.1	685	2021448265780932900
2	10000	0.2	685	481804473235794300
2	10000	0.4	685	2296128653024050700
4	1000	0.1	685	2272406609456678e3
4	1000	0.2	685	2291653693617192400
4	1000	0.4	685	1600178126564238800
4	10000	0.1	685	849710311385443200
4	10000	0.2	685	1367998106005599e3
4	10000	0.4	685	1865116783978433500
0.5	1000	0.1	686	1899084460119096600
0.5	1000	0.2	686	1990768016971638300
0.5	1000	0.4	686	1621726030637237800
0.5	10000	0.1	686	1954067736054871300
0.5	10000	0.2	686	1630925280529685e3
0.5	10000	0.4	686	2214058135761737e3
1	1000	0.1	686	349295262306284400
1	1000	0.2	686	1776921838052604200
1	1000	0.4	686	1374721860772141800
1	10000	0.1	686	94670417460755310
1	10000	0.2	686	1429228461487155700
1	10000	0.4	686	1293488027665698e3
2	1000	0.1	686	403149199285122800
2	1000	0.2	686	1931785269105400800
2	1000	0.4	686	2202734920455637800
2	10000	0.1	686	1796503686830139100
2	10000	0.2	686	1553523263456328200
2	10000	0.4	686	1060569514145183e3
4	1000	0.1	686	706660118049870700
4	1000	0.2	686	2151998242342599400
4	1000	0.4	686	1590120346839554300
4	10000	0.1	686	1227292644042966300
4	10000	0.2	686	1759253061872234e3
4	10000	0.4	686	1176525073202708500
0.5	1000	0.1	687	72864653146860960
0.5	1000	0.2	687	1940217369057197e3
0.5	1000	0.4	687	351772823185083460
0.5	10000	0.1	687	1298124243796166100
0.5	10000	0.2	687	1881105062532619300
0.5	10000	0.4	687	1593403972725856800
1	1000	0.1	687	559058842899653100
1	1000	0.2	687	1082045550190761200
1	1000	0.4	687	1960417580725432e3
1	10000	0.1	687	1182997743465646300
1	10000	0.2	687	1754464973106038e3
1	10000	0.4	687	2231017568170436900
2	1000	0.1	687	341104595210414660
2	1000	0.2	687	1266638960148515800
2	1000	0.4	687	7.7136301792480806e+17
2	10000	0.1	687	78778052906905840
2	10000	0.2	687	2217939586427031e3
2	10000	0.4	687	1670586140526165500
4	1000	0.1	687	2213818873133102300
4	1000	0.2	687	1540981765726109700
4	1000	0.4	687	179730204125499e4
4	10000	0.1	687	142351904407590480
4	10000	0.2	687	527418823159478900
4	10000	0.4	687	179462323243546980
0.5	1000	0.1	688	593464774986708e3
0.5	1000	0.2	688	1249034926215440600
0.5	1000	0.4	688	1085557714910919700
0.5	10000	0.1	688	234483427309964700
0.5	10000	0.2	688	627570017025916400
0.5	10000	0.4	688	956503478208094200
1	1000	0.1	688	1514499587811427800
1	1000	0.2	688	932975368310566e3
1	1000	0.4	688	409129894776267300
1	10000	0.1	688	172855234488520580
1	10000	0.2	688	905868447882469800
1	10000	0.4	688	1.4811836430671798e+17
2	1000	0.1	688	1704353358082492e3
2	1000	0.2	688	1172350935717632e3
2	1000	0.4	688	1753195054513740300
2	10000	0.1	688	1597347086145533700
2	10000	0.2	688	1531239796242501400
2	10000	0.4	688	1859563496405268500
4	1000	0.1	688	982527870388718e3
4	1000	0.2	688	2131317236128064e3
4	1000	0.4	688	50008465235488400
4	10000	0.1	688	303766640865911740
4	10000	0.2	688	160305605483270300
4	10000	0.4	688	2081523371139291e3
0.5	1000	0.1	689	1477864477622175700
0.5	1000	0.2	689	343462856528840960
0.5	1000	0.4	689	236612847541394980
0.5	10000	0.1	689	1840111728085137400
0.5	10000	0.2	689	482098815493756100
0.5	10000	0.4	689	1528540884473005800
1	1000	0.1	689	1343416572522613200
1	1000	0.2	689	1214647673113152500
1	1000	0.4	689	2232623136326495200
1	10000	0.1	689	933645782112222300
1	10000	0.2	689	1909686821801341400
1	10000	0.4	689	1042976679094729700
2	1000	0.1	689	23049740514298588
2	1000	0.2	689	305020757786091260
2	1000	0.4	689	146151800391062940
2	10000	0.1	689	2073786804444015400
2	10000	0.2	689	1760609278578522600
2	10000	0.4	689	343244826764321540
4	1000	0.1	689	193351086189416030
4	1000	0.2	689	1407901540367167700
4	1000	0.4	689	438967106792726600
4	10000	0.1	689	1497799125505305900
4	10000	0.2	689	2109998219412639e3
4	10000	0.4	689	1709530528432304600
0.5	1000	0.1	690	1401220872407789800
0.5	1000	0.2	690	206106598924277150
0.5	1000	0.4	690	472750823958273900
0.5	10000	0.1	690	1745525005016916200
0.5	10000	0.2	690	579271162767192400
0.5	10000	0.4	690	1215904248135206e3
1	1000	0.1	690	697826653156806e3
1	1000	0.2	690	840362944055051300
1	1000	0.4	690	1729030069242181600
1	10000	0.1	690	1260926538477768700
1	10000	0.2	690	938624343715073400
1	10000	0.4	690	1443073376947313e3
2	1000	0.1	690	1975963076933527300
2	1000	0.2	690	886816108911837800
2	1000	0.4	690	380798339141867600
2	10000	0.1	690	1320520046350036200
2	10000	0.2	690	1585517438346716700
2	10000	0.4	690	1898773826827366100
4	1000	0.1	690	1835975111212446700
4	1000	0.2	690	1.6608035934649238e+17
4	1000	0.4	690	1573612555061491200
4	10000	0.1	690	910116024378655700
4	10000	0.2	690	16809452615760064
4	10000	0.4	690	856681585631074700
0.5	1000	0.1	691	1876108736733655600
0.5	1000	0.2	691	32461778645087008
0.5	1000	0.4	691	636799606654401700
0.5	10000	0.1	691	300413868881463040
0.5	10000	0.2	691	2047368203269192200
0.5	10000	0.4	691	1993542749688019500
1	1000	0.1	691	1695875821282663e3
1	1000	0.2	691	2002126504345442300
1	1000	0.4	691	1308895150733846800
1	10000	0.1	691	1271823701117217300
1	10000	0.2	691	1448383574691728400
1	10000	0.4	691	1874744403141066800
2	1000	0.1	691	1273606468103759e3
2	1000	0.2	691	369468740673049300
2	1000	0.4	691	1252469100912544e3
2	10000	0.1	691	1116696220846731300
2	10000	0.2	691	1796833634923989500
2	10000	0.4	691	1670113935150384400
4	1000	0.1	691	740009067246477400
4	1000	0.2	691	254174835368770370
4	1000	0.4	691	6.3565392503365594e+17
4	10000	0.1	691	537240281800557400
4	10000	0.2	691	114937651804258830
4	10000	0.4	691	1564124581428363500
0.5	1000	0.1	692	334396928050543740
0.5	1000	0.2	692	2276322675898053400
0.5	1000	0.4	692	1897117796136461800
0.5	10000	0.1	692	1590641437645999e3
0.5	10000	0.2	692	12842874309461828
0.5	10000	0.4	692	311520406079783300
1	1000	0.1	692	1689809578516575200
1	1000	0.2	692	1870833081987838e3
1	1000	0.4	692	1026278321399736800
1	10000	0.1	692	119888245794538500
1	10000	0.2	692	7298790596843e5
1	10000	0.4	692	862148249188758700
2	1000	0.1	692	1257270256845127400
2	1000	0.2	692	1544142141122735400
2	1000	0.4	692	275985563440548350
2	10000	0.1	692	2056415504665341200
2	10000	0.2	692	900501751905634800
2	10000	0.4	692	170156014211301540
4	1000	0.1	692	1392894647516279800
4	1000	0.2	692	371353559932849340
4	1000	0.4	692	848749714729910400
4	10000	0.1	692	2002296787439347500
4	10000	0.2	692	1513081566688214e3
4	10000	0.4	692	1646497327711396e3
0.5	1000	0.1	693	90573574298273090
0.5	1000	0.2	693	900910771551455500
0.5	1000	0.4	693	1185357923759613400
0.5	10000	0.1	693	98254504086665e4
0.5	10000	0.2	693	753316680615799700
0.5	10000	0.4	693	2183702654896537600
1	1000	0.1	693	1.7278075674684319e+18
1	1000	0.2	693	609167910654365800
1	1000	0.4	693	1150652518309089300
1	10000	0.1	693	1302804638610191600
1	10000	0.2	693	1436926209409953800
1	10000	0.4	693	1226951165011448300
2	1000	0.1	693	581977770404586400
2	1000	0.2	693	775902077372429800
2	1000	0.4	693	95790379551400510
2	10000	0.1	693	956617979030666400
2	10000	0.2	693	922842780715755300
2	10000	0.4	693	1509326426011375400
4	1000	0.1	693	710451376067093600
4	1000	0.2	693	1179781933455372e3
4	1000	0.4	693	1747920738445608e3
4	10000	0.1	693	1023050102148543200
4	10000	0.2	693	501596999248818300
4	10000	0.4	693	205725479082248740
0.5	1000	0.1	694	1.7350023305489439e+18
0.5	1000	0.2	694	652975386230325900
0.5	1000	0.4	694	1392538452688079e3
0.5	10000	0.1	694	1646773303417395200
0.5	10000	0.2	694	164860835286931e4
0.5	10000	0.4	694	737177885278304500
1	1000	0.1	694	2271746303952395800
1	1000	0.2	694	723786635075459600
1	1000	0.4	694	466645457888026600
1	10000	0.1	694	672551523048039200
1	10000	0.2	694	895839613973207200
1	10000	0.4	694	1734675232534228500
2	1000	0.1	694	1580275558450663e3
2	1000	0.2	694	12953648486926e5
2	1000	0.4	694	224796673032718900
2	10000	0.1	694	146747711027714180
2	10000	0.2	694	636477179256600400
2	10000	0.4	694	1475830861718205e3
4	1000	0.1	694	1776640737072712700
4	1000	0.2	694	576609776914137700
4	1000	0.4	694	1963219212520422700
4	10000	0.1	694	815271171566647800
4	10000	0.2	694	549905720630714800
4	10000	0.4	694	2160507386627843e3
0.5	1000	0.1	695	530820932783492540
0.5	1000	0.2	695	838606624386177700
0.5	1000	0.4	695	606822972644774e3
0.5	10000	0.1	695	41409930272408936
0.5	10000	0.2	695	632577716798089500
0.5	10000	0.4	695	1304444823193952800
1	1000	0.1	695	621613726225268900
1	1000	0.2	695	546536998366774800
1	1000	0.4	695	589009448944028800
1	10000	0.1	695	555288460449342e3
1	10000	0.2	695	663398804637748400
1	10000	0.4	695	2007813978496189700
2	1000	0.1	695	503903393007502e3
2	1000	0.2	695	7.7189835769930406e+17
2	1000	0.4	695	1567576500040468e3
2	10000	0.1	695	1122301225256900900
2	10000	0.2	695	1134841472928345900
2	10000	0.4	695	1007056315150918400
4	1000	0.1	695	1514968308543919e3
4	1000	0.2	695	719237712888588900
4	1000	0.4	695	861967456502142e3
4	10000	0.1	695	1873311744400104e3
4	10000	0.2	695	1036539847474723600
4	10000	0.4	695	375723878604715600
0.5	1000	0.1	696	429832322447154700
0.5	1000	0.2	696	211842717804621e4
0.5	1000	0.4	696	2151071902547298800
0.5	10000	0.1	696	2000903297829200600
0.5	10000	0.2	696	1325932050666440700
0.5	10000	0.4	696	856747399012054300
1	1000	0.1	696	1936962372557158400
1	1000	0.2	696	599102888281819600
1	1000	0.4	696	956076091556431400
1	10000	0.1	696	467914579677836300
1	10000	0.2	696	1539924219715162600
1	10000	0.4	696	249627150673897600
2	1000	0.1	696	1438744323816359e3
2	1000	0.2	696	1373883808409645800
2	1000	0.4	696	1131226696120347900
2	10000	0.1	696	2.2117800243043242e+17
2	10000	0.2	696	213022710207488130
2	10000	0.4	696	1126845887698291100
4	1000	0.1	696	148082905077017660
4	1000	0.2	696	1964150131460580900
4	1000	0.4	696	1518086304119514600
4	10000	0.1	696	2159942367470153e3
4	10000	0.2	696	22807598167298636
4	10000	0.4	696	444448936408817900
0.5	1000	0.1	697	651491925696189400
0.5	1000	0.2	697	1541502948109826600
0.5	1000	0.4	697	300577213045907650
0.5	10000	0.1	697	2136320035008836900
0.5	10000	0.2	697	3837327601178702
0.5	10000	0.4	697	1122527847548449e3
1	1000	0.1	697	782336284186869800
1	1000	0.2	697	2274781736050127400
1	1000	0.4	697	35340946933817200
1	10000	0.1	697	564874092717795800
1	10000	0.2	697	180104885881017570
1	10000	0.4	697	1549962661753634600
2	1000	0.1	697	82889007771392880
2	1000	0.2	697	1158800546196215800
2	1000	0.4	697	992652515673643800
2	10000	0.1	697	1720034489271468800
2	10000	0.2	697	499931905256637950
2	10000	0.4	697	557168655810470900
4	1000	0.1	697	2062129972010207e3
4	1000	0.2	697	1772850419191860200
4	1000	0.4	697	1741140586289269200
4	10000	0.1	697	1020213464606364e3
4	10000	0.2	697	1870061455034206500
4	10000	0.4	697	1126279392842885900
0.5	1000	0.1	698	1404147902818719200
0.5	1000	0.2	698	1907148896535364600
0.5	1000	0.4	698	1602860175052927700
0.5	10000	0.1	698	291206160941158600
0.5	10000	0.2	698	1.7042376382393759e+18
0.5	10000	0.4	698	1464172015957921500
1	1000	0.1	698	1404198984299485700
1	1000	0.2	698	2083126020726219500
1	1000	0.4	698	441549179987557300
1	10000	0.1	698	732812956807136500
1	10000	0.2	698	2071961294920471e3
1	10000	0.4	698	112895609061111300
2	1000	0.1	698	810860649235604e3
2	1000	0.2	698	1936127261903556600
2	1000	0.4	698	1886221562163356200
2	10000	0.1	698	1856379101749201e3
2	10000	0.2	698	2238052520674246100
2	10000	0.4	698	142598511580133900
4	1000	0.1	698	354299195206041600
4	1000	0.2	698	2170734790933633e3
4	1000	0.4	698	6.6356900329941594e+17
4	10000	0.1	698	1919360689742724600
4	10000	0.2	698	175041367381722560
4	10000	0.4	698	2280163080077175300
0.5	1000	0.1	699	1712278147937477600
0.5	1000	0.2	699	1782457881385059800
0.5	1000	0.4	699	1073331451802571500
0.5	10000	0.1	699	900791378276635900
0.5	10000	0.2	699	213954286652937250
0.5	10000	0.4	699	94030280715375980
1	1000	0.1	699	1890211895853115400
1	1000	0.2	699	1187862892887369700
1	1000	0.4	699	1433526780597247700
1	10000	0.1	699	357134561054237900
1	10000	0.2	699	363417994931212100
1	10000	0.4	699	992804987243598e3
2	1000	0.1	699	1784041115792184600
2	1000	0.2	699	1001174624178771e3
2	1000	0.4	699	601817470092470800
2	10000	0.1	699	1294500921136179200
2	10000	0.2	699	1723066659924394200
2	10000	0.4	699	1025737376446075500
4	1000	0.1	699	767235890336798e3
4	1000	0.2	699	443465103403083400
4	1000	0.4	699	971629863861841200
4	10000	0.1	699	2173113130956058600
4	10000	0.2	699	859453373002833200
4	10000	0.4	699	1932330659309006300
0.5	1000	0.1	700	656509603235423100
0.5	1000	0.2	700	1259986938166447e3
0.5	1000	0.4	700	6098968228038134
0.5	10000	0.1	700	635498974673874400
0.5	10000	0.2	700	12740142680123820
0.5	10000	0.4	700	2246253766524761e3
1	1000	0.1	700	1121126487573329200
1	1000	0.2	700	1131184281901312600
1	1000	0.4	700	1269968929707519200
1	10000	0.1	700	1297580717825457e3
1	10000	0.2	700	1045741823084382100
1	10000	0.4	700	1511233934790999300
2	1000	0.1	700	145768575307912450
2	1000	0.2	700	1287727213153720800
2	1000	0.4	700	2276403692950627300
2	10000	0.1	700	763474261590292500
2	10000	0.2	700	328206226463197700
2	10000	0.4	700	2.4596288248002358e+17
4	1000	0.1	700	988279585466783100
4	1000	0.2	700	1713759912863196700
4	1000	0.4	700	1883323885557345e3
4	10000	0.1	700	144412667191715e3
4	10000	0.2	700	302677813972151900
4	10000	0.4	700	1781388847123876e3
0.5	1000	0.1	701	71756280108444770
0.5	1000	0.2	701	2004092867657691e3
0.5	1000	0.4	701	319703508433290800
0.5	10000	0.1	701	1124242924460460500
0.5	10000	0.2	701	2116715818490349e3
0.5	10000	0.4	701	699707982648704900
1	1000	0.1	701	1710247190251387400
1	1000	0.2	701	161548102402829e4
1	1000	0.4	701	117085474644828e4
1	10000	0.1	701	227452897180365570
1	10000	0.2	701	863376246499253100
1	10000	0.4	701	1941390669678596e3
2	1000	0.1	701	1398847608007203600
2	1000	0.2	701	2253582170925795800
2	1000	0.4	701	731211251976528300
2	10000	0.1	701	1774699545316419e3
2	10000	0.2	701	1686095323528516e3
2	10000	0.4	701	123959365951001710
4	1000	0.1	701	2288943716142689300
4	1000	0.2	701	1928798298691435500
4	1000	0.4	701	933649994929710500
4	10000	0.1	701	836586404397041700
4	10000	0.2	701	1773638377558694700
4	10000	0.4	701	1496207307801159700
0.5	1000	0.1	702	1112654379228943600
0.5	1000	0.2	702	1769736779363427800
0.5	1000	0.4	702	154684938875285600
0.5	10000	0.1	702	849649114342949200
0.5	10000	0.2	702	1587141209440534e3
0.5	10000	0.4	702	1.2704473353001759e+18
1	1000	0.1	702	1106417428199430300
1	1000	0.2	702	2129256119512596700
1	1000	0.4	702	593686176555680900
1	10000	0.1	702	300012830140792200
1	10000	0.2	702	1161549448955354600
1	10000	0.4	702	1677352810034985500
2	1000	0.1	702	1.0132936575678941e+17
2	1000	0.2	702	1263768367576987400
2	1000	0.4	702	839154392932988500
2	10000	0.1	702	175638294181141300
2	10000	0.2	702	756384632529721600
2	10000	0.4	702	1008252292366690400
4	1000	0.1	702	219877194460865500
4	1000	0.2	702	2122572011285422300
4	1000	0.4	702	798221184018817200
4	10000	0.1	702	233696404063122240
4	10000	0.2	702	146799419367878e4
4	10000	0.4	702	475498595323105800
0.5	1000	0.1	703	1446303294793938200
0.5	1000	0.2	703	1820757474525337300
0.5	1000	0.4	703	716890680124929500
0.5	10000	0.1	703	2144654430090785e3
0.5	10000	0.2	703	73913155963342208
0.5	10000	0.4	703	2209911481638638e3
1	1000	0.1	703	727322050547700400
1	1000	0.2	703	1975561770113953300
1	1000	0.4	703	2197948648015125500
1	10000	0.1	703	1236505803755378200
1	10000	0.2	703	2043948428732418800
1	10000	0.4	703	1905514406981995800
2	1000	0.1	703	520576943914967100
2	1000	0.2	703	4.5778816147707597e+17
2	1000	0.4	703	750887715291368400
2	10000	0.1	703	19224367783633200
2	10000	0.2	703	354888450100077060
2	10000	0.4	703	882523829883976800
4	1000	0.1	703	1829886594498640600
4	1000	0.2	703	1227508226631671300
4	1000	0.4	703	1986993557461058600
4	10000	0.1	703	1646666424827098e3
4	10000	0.2	703	1987961609692507e3
4	10000	0.4	703	216638966871359e4
0.5	1000	0.1	704	2229905927231321900
0.5	1000	0.2	704	1992287050830668800
0.5	1000	0.4	704	1143004119423690100
0.5	10000	0.1	704	17391269179870456
0.5	10000	0.2	704	636243017582235100
0.5	10000	0.4	704	1122653588254510600
1	1000	0.1	704	1568948887122567700
1	1000	0.2	704	2239920076164053e3
1	1000	0.4	704	391610288590063600
1	10000	0.1	704	638460237066349300
1	10000	0.2	704	406428375385665700
1	10000	0.4	704	1856509977669035300
2	1000	0.1	704	1708015203605961e3
2	1000	0.2	704	1734994661441303e3
2	1000	0.4	704	1587208952035511800
2	10000	0.1	704	255621480976613700
2	10000	0.2	704	968724619978333700
2	10000	0.4	704	1638187500065222400
4	1000	0.1	704	115228321540663120
4	1000	0.2	704	353069029416290750
4	1000	0.4	704	1823278630046547200
4	10000	0.1	704	2075896691398021400
4	10000	0.2	704	1318718555075068400
4	10000	0.4	704	1751933928623698e3
0.5	1000	0.1	705	5.1967088352195597e+17
0.5	1000	0.2	705	1048335049171539100
0.5	1000	0.4	705	153977330815752770
0.5	10000	0.1	705	470894293296968100
0.5	10000	0.2	705	1559666869007353600
0.5	10000	0.4	705	970438374245269e3
1	1000	0.1	705	1519688129667536600
1	1000	0.2	705	953593241522476300
1	1000	0.4	705	950924141914319900
1	10000	0.1	705	1762042595267880700
1	10000	0.2	705	1974780566993186800
1	10000	0.4	705	1268889674166248e3
2	1000	0.1	705	1737254558182153700
2	1000	0.2	705	1837944234817011700
2	1000	0.4	705	168420661462009600
2	10000	0.1	705	148150704389095700
2	10000	0.2	705	2296806955070973e3
2	10000	0.4	705	1935927202072838700
4	1000	0.1	705	1571207638132470800
4	1000	0.2	705	816993498402484600
4	1000	0.4	705	1294329984360493600
4	10000	0.1	705	99917815297974900
4	10000	0.2	705	243250618517745400
4	10000	0.4	705	1867031100250228500
0.5	1000	0.1	706	1792984234215380700
0.5	1000	0.2	706	1648598213840563e3
0.5	1000	0.4	706	1879373441783195100
0.5	10000	0.1	706	1718174230304695e3
0.5	10000	0.2	706	168624448556221470
0.5	10000	0.4	706	1941525655667970800
1	1000	0.1	706	496225074651265400
1	1000	0.2	706	264438442546962600
1	1000	0.4	706	890166778359460500
1	10000	0.1	706	86863180208506670
1	10000	0.2	706	301309052892849150
1	10000	0.4	706	402248186820402900
2	1000	0.1	706	1251709010284128800
2	1000	0.2	706	1990675097601086e3
2	1000	0.4	706	631066499527274200
2	10000	0.1	706	2264997379137836500
2	10000	0.2	706	1209641869019146800
2	10000	0.4	706	1569062955509955600
4	1000	0.1	706	612356005749484500
4	1000	0.2	706	955232278298759700
4	1000	0.4	706	1444732756973787e3
4	10000	0.1	706	2294927310886558200
4	10000	0.2	706	1395980384842701300
4	10000	0.4	706	1924949760089652500
0.5	1000	0.1	707	662251988534678100
0.5	1000	0.2	707	1593259758049148200
0.5	1000	0.4	707	304674558952434750
0.5	10000	0.1	707	1274814588661504500
0.5	10000	0.2	707	1175456527746499e3
0.5	10000	0.4	707	1439710453574909e3
1	1000	0.1	707	119580578583089820
1	1000	0.2	707	2137791845633650700
1	1000	0.4	707	393207978991822100
1	10000	0.1	707	1624658293908544300
1	10000	0.2	707	621378238590945400
1	10000	0.4	707	1200672542549620700
2	1000	0.1	707	5.6347065128013683e+17
2	1000	0.2	707	1339807779692197400
2	1000	0.4	707	874575917472076e3
2	10000	0.1	707	116258259688841070
2	10000	0.2	707	2066656011228308500
2	10000	0.4	707	1692284633880161500
4	1000	0.1	707	1102009515494074800
4	1000	0.2	707	2085993206012500700
4	1000	0.4	707	886754603825123500
4	10000	0.1	707	837944817894106400
4	10000	0.2	707	206367875491397920
4	10000	0.4	707	1593259562130829300
0.5	1000	0.1	708	2211350588380043300
0.5	1000	0.2	708	1586283804756456400
0.5	1000	0.4	708	1733597595510840300
0.5	10000	0.1	708	1129402106532362400
0.5	10000	0.2	708	1942744898140150800
0.5	10000	0.4	708	2044606676887236e3
1	1000	0.1	708	123839832740681e4
1	1000	0.2	708	298184276781897660
1	1000	0.4	708	1827259207135285200
1	10000	0.1	708	1763918979684519700
1	10000	0.2	708	946235452694167400
1	10000	0.4	708	824623710351643100
2	1000	0.1	708	79922925140978050
2	1000	0.2	708	347693989814960900
2	1000	0.4	708	1769913199927910700
2	10000	0.1	708	1912466583766602800
2	10000	0.2	708	1339583850499117600
2	10000	0.4	708	1918771293176883200
4	1000	0.1	708	137317980983807500
4	1000	0.2	708	649046129061050500
4	1000	0.4	708	2137091754262024200
4	10000	0.1	708	2016438773748079e3
4	10000	0.2	708	872132432516312700
4	10000	0.4	708	1931243852698307800
0.5	1000	0.1	709	1072964150745349e3
0.5	1000	0.2	709	2194181504061601300
0.5	1000	0.4	709	1083837312781531400
0.5	10000	0.1	709	1448605327803965700
0.5	10000	0.2	709	63661759917576856
0.5	10000	0.4	709	737845894692998700
1	1000	0.1	709	846779142857022800
1	1000	0.2	709	1392634106467237e3
1	1000	0.4	709	814214424488489500
1	10000	0.1	709	581343502833392800
1	10000	0.2	709	1021040369349539200
1	10000	0.4	709	2224676892128767500
2	1000	0.1	709	1199260241786675700
2	1000	0.2	709	2219626340111537e3
2	1000	0.4	709	1214606741985877200
2	10000	0.1	709	2111530962358612e3
2	10000	0.2	709	2014637413904707e3
2	10000	0.4	709	1133008443312681100
4	1000	0.1	709	1088995932924766100
4	1000	0.2	709	86514877490322850
4	1000	0.4	709	1743902993522125e3
4	10000	0.1	709	164799150146373470
4	10000	0.2	709	247060436404388960
4	10000	0.4	709	1779831455452559600
0.5	1000	0.1	710	921118148185614100
0.5	1000	0.2	710	1939123906604157200
0.5	1000	0.4	710	1957910848366484500
0.5	10000	0.1	710	1607461179572977200
0.5	10000	0.2	710	1932671511107516e3
0.5	10000	0.4	710	960563117799162100
1	1000	0.1	710	1729570516125152e3
1	1000	0.2	710	618651820002779e3
1	1000	0.4	710	889632916061580900
1	10000	0.1	710	2118973905706336e3
1	10000	0.2	710	2063028649305241e3
1	10000	0.4	710	1864515911082025500
2	1000	0.1	710	430443046138322100
2	1000	0.2	710	1744931609729177600
2	1000	0.4	710	15021583894696320
2	10000	0.1	710	76884643179972510
2	10000	0.2	710	14204440174897964
2	10000	0.4	710	16792354692479e5
4	1000	0.1	710	1774570758760912600
4	1000	0.2	710	189005405646443940
4	1000	0.4	710	1159456687015257600
4	10000	0.1	710	818536978122150900
4	10000	0.2	710	1310123233560679400
4	10000	0.4	710	387216359129817400
0.5	1000	0.1	711	2070127946441867500
0.5	1000	0.2	711	32383365401149376
0.5	1000	0.4	711	983165998091450600
0.5	10000	0.1	711	18458450379038e5
0.5	10000	0.2	711	405094949164761660
0.5	10000	0.4	711	2016953483701719300
1	1000	0.1	711	531757357809593660
1	1000	0.2	711	1678973737071002600
1	1000	0.4	711	1443232073442258e3
1	10000	0.1	711	770923388079150300
1	10000	0.2	711	1549867291105702e3
1	10000	0.4	711	924171706889372700
2	1000	0.1	711	1944416923662106e3
2	1000	0.2	711	7.7282221997514394e+17
2	1000	0.4	711	576317135935159700
2	10000	0.1	711	709096842531872800
2	10000	0.2	711	361171061036587140
2	10000	0.4	711	1288200993293508e3
4	1000	0.1	711	734715357640855800
4	1000	0.2	711	1365345795286008800
4	1000	0.4	711	620055122709033300
4	10000	0.1	711	1938822087789860900
4	10000	0.2	711	1308090944713960200
4	10000	0.4	711	559276904116220800
0.5	1000	0.1	712	542512771438708800
0.5	1000	0.2	712	1794430472743578e3
0.5	1000	0.4	712	642904802271722200
0.5	10000	0.1	712	2074664571209207800
0.5	10000	0.2	712	983406869861835100
0.5	10000	0.4	712	1209267571037503700
1	1000	0.1	712	771313476445544700
1	1000	0.2	712	1360320493506889200
1	1000	0.4	712	1696030082589595600
1	10000	0.1	712	56245322871569264
1	10000	0.2	712	2150790488448769e3
1	10000	0.4	712	1355275998100541e3
2	1000	0.1	712	447527115129010200
2	1000	0.2	712	947189685989064600
2	1000	0.4	712	1235229909239449300
2	10000	0.1	712	740329748679948900
2	10000	0.2	712	1519995577899054e3
2	10000	0.4	712	1369634858571131e3
4	1000	0.1	712	1346215104696641800
4	1000	0.2	712	147005966664605600
4	1000	0.4	712	1995946675972889900
4	10000	0.1	712	205060521502348450
4	10000	0.2	712	896082797100523500
4	10000	0.4	712	1749501939832916500
0.5	1000	0.1	713	2029153805331103200
0.5	1000	0.2	713	1984740965775883800
0.5	1000	0.4	713	661066430687510500
0.5	10000	0.1	713	237510719535692260
0.5	10000	0.2	713	1089903844306433200
0.5	10000	0.4	713	400159950695040060
1	1000	0.1	713	612353053530057600
1	1000	0.2	713	345215442003113860
1	1000	0.4	713	831322933533776600
1	10000	0.1	713	1880837207949012500
1	10000	0.2	713	2254814201754184200
1	10000	0.4	713	2129069189135352600
2	1000	0.1	713	142164379498617440
2	1000	0.2	713	1398644034615358700
2	1000	0.4	713	1093079114376698100
2	10000	0.1	713	179966468025609540
2	10000	0.2	713	1352620638211836e3
2	10000	0.4	713	1331145089317730800
4	1000	0.1	713	978278643987421800
4	1000	0.2	713	1918042097017537e3
4	1000	0.4	713	361166187207325250
4	10000	0.1	713	1114210069161277700
4	10000	0.2	713	1017874486192308400
4	10000	0.4	713	1020484236368011300
0.5	1000	0.1	714	2088112540722338300
0.5	1000	0.2	714	2297164663277196800
0.5	1000	0.4	714	553797356705082e3
0.5	10000	0.1	714	1653306471093746700
0.5	10000	0.2	714	1346059908645321e3
0.5	10000	0.4	714	819791944816544100
1	1000	0.1	714	128216339393999250
1	1000	0.2	714	59732605868729336
1	1000	0.4	714	87382891846764380
1	10000	0.1	714	23140412185071144
1	10000	0.2	714	1914236949196461e3
1	10000	0.4	714	1040914979451979500
2	1000	0.1	714	1520469533664552700
2	1000	0.2	714	240113742996577100
2	1000	0.4	714	2080653929065272300
2	10000	0.1	714	449078332027565700
2	10000	0.2	714	2073256779215166700
2	10000	0.4	714	152234172165728e4
4	1000	0.1	714	2071898384030916900
4	1000	0.2	714	1940017860296240400
4	1000	0.4	714	1967186096759062e3
4	10000	0.1	714	1037439446087137e3
4	10000	0.2	714	1331052947762664e3
4	10000	0.4	714	1405719976167394300
0.5	1000	0.1	715	560832882220579200
0.5	1000	0.2	715	955325806364036500
0.5	1000	0.4	715	515012122881596800
0.5	10000	0.1	715	2007965432144162300
0.5	10000	0.2	715	1741010501575132400
0.5	10000	0.4	715	417699423198360300
1	1000	0.1	715	1436752166892626400
1	1000	0.2	715	1684152177052520400
1	1000	0.4	715	597576573361412600
1	10000	0.1	715	1557138787158353e3
1	10000	0.2	715	49371032744695224
1	10000	0.4	715	138718995123486530
2	1000	0.1	715	2220684573790556e3
2	1000	0.2	715	1639856192896637700
2	1000	0.4	715	2238966134313163800
2	10000	0.1	715	850040727478976900
2	10000	0.2	715	2049917344016580900
2	10000	0.4	715	1282011853099040800
4	1000	0.1	715	429260502021426560
4	1000	0.2	715	2.0376210891876639e+18
4	1000	0.4	715	468778787810352260
4	10000	0.1	715	580301781751221400
4	10000	0.2	715	1614278082557676500
4	10000	0.4	715	887640092707874800
0.5	1000	0.1	716	1043284903166724e3
0.5	1000	0.2	716	78847730607536510
0.5	1000	0.4	716	975367847152831e3
0.5	10000	0.1	716	470570893093202500
0.5	10000	0.2	716	147486061317044960
0.5	10000	0.4	716	1897467017802952200
1	1000	0.1	716	1374618366417630200
1	1000	0.2	716	940090022689029500
1	1000	0.4	716	64261437048301690
1	10000	0.1	716	231984400720119520
1	10000	0.2	716	1885359672617816300
1	10000	0.4	716	1095162956268129e3
2	1000	0.1	716	503891592391141800
2	1000	0.2	716	1928931047854805500
2	1000	0.4	716	45709353042996070
2	10000	0.1	716	1568067538473393e3
2	10000	0.2	716	1227574162883332600
2	10000	0.4	716	1823332400660285400
4	1000	0.1	716	942855836500651100
4	1000	0.2	716	2195192619283235600
4	1000	0.4	716	1310123274155855600
4	10000	0.1	716	1414119796902180900
4	10000	0.2	716	1082118016836260400
4	10000	0.4	716	498052188704862850
0.5	1000	0.1	717	311687507228072400
0.5	1000	0.2	717	218678406729282100
0.5	1000	0.4	717	2234699517182408e3
0.5	10000	0.1	717	599815478846928800
0.5	10000	0.2	717	1002741199654159400
0.5	10000	0.4	717	579365366634320600
1	1000	0.1	717	245093529978658140
1	1000	0.2	717	853885469906426900
1	1000	0.4	717	2195435769329659100
1	10000	0.1	717	1419192771272894500
1	10000	0.2	717	847237553707895e3
1	10000	0.4	717	1862289279565122e3
2	1000	0.1	717	1170369238661324300
2	1000	0.2	717	1592614818150936e3
2	1000	0.4	717	42049294565776750
2	10000	0.1	717	1704147783978833400
2	10000	0.2	717	529946267581463700
2	10000	0.4	717	232095914635745600
4	1000	0.1	717	569283722315476160
4	1000	0.2	717	524761205571299840
4	1000	0.4	717	457395045343031900
4	10000	0.1	717	2051231428159045600
4	10000	0.2	717	957121577030929500
4	10000	0.4	717	496446251338427900
0.5	1000	0.1	718	1481322059973549e3
0.5	1000	0.2	718	167044737820375e4
0.5	1000	0.4	718	626439795317104900
0.5	10000	0.1	718	1418135126379341e3
0.5	10000	0.2	718	2068626557448588500
0.5	10000	0.4	718	320180089885762900
1	1000	0.1	718	930618371809133400
1	1000	0.2	718	1777666580549258e3
1	1000	0.4	718	227008924499522300
1	10000	0.1	718	1101874105043845600
1	10000	0.2	718	649975585435971700
1	10000	0.4	718	1057232554150943500
2	1000	0.1	718	1190979859585505800
2	1000	0.2	718	1376142276195813400
2	1000	0.4	718	1479099902079193600
2	10000	0.1	718	641741389180806900
2	10000	0.2	718	1807732882080819e3
2	10000	0.4	718	549139157767990100
4	1000	0.1	718	2112873339761086700
4	1000	0.2	718	1011998233675358100
4	1000	0.4	718	77787542265085e4
4	10000	0.1	718	333375246933905300
4	10000	0.2	718	1221054837775582500
4	10000	0.4	718	1509245987118075400
0.5	1000	0.1	719	94557808427565730
0.5	1000	0.2	719	805370862333585e3
0.5	1000	0.4	719	1610747222114598700
0.5	10000	0.1	719	658219500229777800
0.5	10000	0.2	719	296376102261776100
0.5	10000	0.4	719	1138963384935829800
1	1000	0.1	719	185251439656675140
1	1000	0.2	719	1012836686442351900
1	1000	0.4	719	81998497514650960
1	10000	0.1	719	953820905352269400
1	10000	0.2	719	856004719397887500
1	10000	0.4	719	1002564811156543400
2	1000	0.1	719	1920111594878773800
2	1000	0.2	719	1945525088614219300
2	1000	0.4	719	1629780007136027e3
2	10000	0.1	719	1990900411820307200
2	10000	0.2	719	200122838748749600
2	10000	0.4	719	1465005340900519e3
4	1000	0.1	719	366044707614197e3
4	1000	0.2	719	1170598254395675400
4	1000	0.4	719	465271065796069200
4	10000	0.1	719	712988583906127500
4	10000	0.2	719	2126860506085333500
4	10000	0.4	719	1350354997855068200
0.5	1000	0.1	720	317686979229709900
0.5	1000	0.2	720	1172723907802485500
0.5	1000	0.4	720	2305198114811598300
0.5	10000	0.1	720	932105882798789400
0.5	10000	0.2	720	970958599676858200
0.5	10000	0.4	720	1792255806290118100
1	1000	0.1	720	253868808275774080
1	1000	0.2	720	192545484792009900
1	1000	0.4	720	446923654314771140
1	10000	0.1	720	130401737524083730
1	10000	0.2	720	1912004712623817700
1	10000	0.4	720	1384155992466646e3
2	1000	0.1	720	741029042995927800
2	1000	0.2	720	23602955433314040
2	1000	0.4	720	141445850162884e3
2	10000	0.1	720	161257715036463400
2	10000	0.2	720	2064627723433369300
2	10000	0.4	720	1058030658359837700
4	1000	0.1	720	4.8738011231099437e+17
4	1000	0.2	720	977054293189917400
4	1000	0.4	720	907461007882607700
4	10000	0.1	720	920438787929032300
4	10000	0.2	720	891039618408399500
4	10000	0.4	720	1328872293302244e3
0.5	1000	0.1	721	1025885959512115700
0.5	1000	0.2	721	1046483182317509200
0.5	1000	0.4	721	257774461143982500
0.5	10000	0.1	721	1463503533209686e3
0.5	10000	0.2	721	71654256790283464
0.5	10000	0.4	721	1231124959120532700
1	1000	0.1	721	958883154106333400
1	1000	0.2	721	1967284860418769400
1	1000	0.4	721	981795068451057e3
1	10000	0.1	721	1937657463422248e3
1	10000	0.2	721	1500638993437484e3
1	10000	0.4	721	396946388203235650
2	1000	0.1	721	1068306281802956800
2	1000	0.2	721	581280144946796300
2	1000	0.4	721	1889174585492753e3
2	10000	0.1	721	652217527623818600
2	10000	0.2	721	630178967973738200
2	10000	0.4	721	253031406602475200
4	1000	0.1	721	1193148091875501800
4	1000	0.2	721	722917922753674400
4	1000	0.4	721	1252132436696923e3
4	10000	0.1	721	1494448154068868900
4	10000	0.2	721	406189226336950100
4	10000	0.4	721	1151923930622434300
0.5	1000	0.1	722	1589729422632133600
0.5	1000	0.2	722	226525586724010500
0.5	1000	0.4	722	75134503251741710
0.5	10000	0.1	722	1913532832348627e3
0.5	10000	0.2	722	2160486863338392300
0.5	10000	0.4	722	450817381991344100
1	1000	0.1	722	1585164889287595300
1	1000	0.2	722	498877002588688900
1	1000	0.4	722	666184633340728200
1	10000	0.1	722	407080853952231400
1	10000	0.2	722	517892762496107460
1	10000	0.4	722	1281600936625012700
2	1000	0.1	722	1281497872730155e3
2	1000	0.2	722	837852405559005700
2	1000	0.4	722	1829783242523206700
2	10000	0.1	722	1739225554456683300
2	10000	0.2	722	356746157518468540
2	10000	0.4	722	949361447439404200
4	1000	0.1	722	374288248420207500
4	1000	0.2	722	197406715852860350
4	1000	0.4	722	1587185110929929200
4	10000	0.1	722	2001664875296730600
4	10000	0.2	722	1253647685337858800
4	10000	0.4	722	523744226486550200
0.5	1000	0.1	723	1116406939853566e3
0.5	1000	0.2	723	1331143282718989300
0.5	1000	0.4	723	636084303842609700
0.5	10000	0.1	723	620394136838981e3
0.5	10000	0.2	723	806454563248349200
0.5	10000	0.4	723	726495943553292300
1	1000	0.1	723	986233528558100700
1	1000	0.2	723	20724854287703368
1	1000	0.4	723	569588125880611900
1	10000	0.1	723	1333351196580467700
1	10000	0.2	723	1245234332118005800
1	10000	0.4	723	1858161592025337300
2	1000	0.1	723	309624184655268740
2	1000	0.2	723	1778538511046479e3
2	1000	0.4	723	1513805717072836900
2	10000	0.1	723	1909079755025090600
2	10000	0.2	723	453390805220389200
2	10000	0.4	723	1780583629201210600
4	1000	0.1	723	881883249630426600
4	1000	0.2	723	65320445383853050
4	1000	0.4	723	214109564956856670
4	10000	0.1	723	1347823492671017500
4	10000	0.2	723	1700646911635018500
4	10000	0.4	723	53240972472668576
0.5	1000	0.1	724	1227102852208661200
0.5	1000	0.2	724	896459966978090800
0.5	1000	0.4	724	9.3291277788203994e+17
0.5	10000	0.1	724	1150077702035661300
0.5	10000	0.2	724	132072767715418340
0.5	10000	0.4	724	967852556273099100
1	1000	0.1	724	1264995231665394700
1	1000	0.2	724	1154011665787424300
1	1000	0.4	724	207522015737729e4
1	10000	0.1	724	1862224562672676400
1	10000	0.2	724	1855343088662864400
1	10000	0.4	724	1144410504490459600
2	1000	0.1	724	2042323488627188200
2	1000	0.2	724	27387674304619156
2	1000	0.4	724	495364033860232400
2	10000	0.1	724	105825777991197970
2	10000	0.2	724	961658528158891100
2	10000	0.4	724	1193285394179928300
4	1000	0.1	724	2192967957988843300
4	1000	0.2	724	1403736496653048800
4	1000	0.4	724	987518337143440300
4	10000	0.1	724	490201195690942340
4	10000	0.2	724	1400527337643621600
4	10000	0.4	724	1797677475610043100
0.5	1000	0.1	725	195532365390454e4
0.5	1000	0.2	725	922230047305845100
0.5	1000	0.4	725	555208164969857540
0.5	10000	0.1	725	537876334610447740
0.5	10000	0.2	725	1.0726653518783439e+18
0.5	10000	0.4	725	316724351162922500
1	1000	0.1	725	959833985329262600
1	1000	0.2	725	2214922072517381400
1	1000	0.4	725	1800533584111047400
1	10000	0.1	725	1997248131065462e3
1	10000	0.2	725	1946810867003214300
1	10000	0.4	725	556230812872934850
2	1000	0.1	725	405820925180341500
2	1000	0.2	725	232202962408345120
2	1000	0.4	725	1636861794492320300
2	10000	0.1	725	1.7891809693611039e+18
2	10000	0.2	725	2173858012718369300
2	10000	0.4	725	2109930849306511400
4	1000	0.1	725	461063744944143800
4	1000	0.2	725	1180595432798363400
4	1000	0.4	725	1674858705464262100
4	10000	0.1	725	2073501676293449e3
4	10000	0.2	725	661463673037507600
4	10000	0.4	725	551044379525367500
0.5	1000	0.1	726	625662407692475e3
0.5	1000	0.2	726	1251236454955059200
0.5	1000	0.4	726	1396943730087677700
0.5	10000	0.1	726	846195994323367600
0.5	10000	0.2	726	805805055561867800
0.5	10000	0.4	726	950686909126794900
1	1000	0.1	726	230920723469509600
1	1000	0.2	726	123759991797320220
1	1000	0.4	726	734351579748633300
1	10000	0.1	726	518708641054220600
1	10000	0.2	726	531412520352712060
1	10000	0.4	726	1624753474690943700
2	1000	0.1	726	2125622210673962e3
2	1000	0.2	726	1743137402766187e3
2	1000	0.4	726	1592941538451225e3
2	10000	0.1	726	978156617357195e3
2	10000	0.2	726	1712802597535135200
2	10000	0.4	726	885697216176844700
4	1000	0.1	726	1519202562023019800
4	1000	0.2	726	659898139727528300
4	1000	0.4	726	718716570142238100
4	10000	0.1	726	115902566383466140
4	10000	0.2	726	1686148820721082400
4	10000	0.4	726	1194825470427546600
0.5	1000	0.1	727	1988367267460280800
0.5	1000	0.2	727	1845821839672337700
0.5	1000	0.4	727	200864600327047800
0.5	10000	0.1	727	559991462921902800
0.5	10000	0.2	727	323896842530176450
0.5	10000	0.4	727	1554611956571673600
1	1000	0.1	727	1103467790352302300
1	1000	0.2	727	1639306179300029700
1	1000	0.4	727	141856310452721140
1	10000	0.1	727	305800016513580700
1	10000	0.2	727	83063364291061730
1	10000	0.4	727	1395623674568903400
2	1000	0.1	727	149440427298873920
2	1000	0.2	727	1953456548291633700
2	1000	0.4	727	1164581772221013800
2	10000	0.1	727	1913787016524581400
2	10000	0.2	727	706480843503631900
2	10000	0.4	727	1078829374201885400
4	1000	0.1	727	2075896832008048600
4	1000	0.2	727	845486683571907300
4	1000	0.4	727	932213522471303200
4	10000	0.1	727	1169969597212798700
4	10000	0.2	727	1.2455402116577439e+18
4	10000	0.4	727	2093157630628152600
0.5	1000	0.1	728	958072950865505200
0.5	1000	0.2	728	2178177538035036400
0.5	1000	0.4	728	783700762959307300
0.5	10000	0.1	728	270133662032468480
0.5	10000	0.2	728	180108900105907e4
0.5	10000	0.4	728	1496427187629256200
1	1000	0.1	728	616592186703948900
1	1000	0.2	728	1674168880964184600
1	1000	0.4	728	1170251930515079200
1	10000	0.1	728	196641024953065060
1	10000	0.2	728	141504735260205710
1	10000	0.4	728	123783613165739680
2	1000	0.1	728	880972354023548900
2	1000	0.2	728	1654224966796025300
2	1000	0.4	728	1361096832928254500
2	10000	0.1	728	893533434261495e3
2	10000	0.2	728	2031519663048078300
2	10000	0.4	728	1980293186343188500
4	1000	0.1	728	2279817614251519700
4	1000	0.2	728	1214147664381167600
4	1000	0.4	728	458172849293061440
4	10000	0.1	728	489426476235694200
4	10000	0.2	728	1917065847239452400
4	10000	0.4	728	600477112391126100
0.5	1000	0.1	729	1711172540661531e3
0.5	1000	0.2	729	93826543989826370
0.5	1000	0.4	729	2086545239281226e3
0.5	10000	0.1	729	465443427454437700
0.5	10000	0.2	729	1014213805219589400
0.5	10000	0.4	729	2047157818489092600
1	1000	0.1	729	2065352609006103e3
1	1000	0.2	729	49054500316096320
1	1000	0.4	729	43502936352387160
1	10000	0.1	729	61123403402579640
1	10000	0.2	729	2059244069841487400
1	10000	0.4	729	2191726981259891500
2	1000	0.1	729	1443951349610891500
2	1000	0.2	729	1284274447348190500
2	1000	0.4	729	2302572725590410800
2	10000	0.1	729	1165487016609302500
2	10000	0.2	729	188927856293886140
2	10000	0.4	729	313151607429691200
4	1000	0.1	729	73857721301852740
4	1000	0.2	729	90934596661558608
4	1000	0.4	729	784227376724737200
4	10000	0.1	729	1071030854268797400
4	10000	0.2	729	36760881183513e4
4	10000	0.4	729	2197783541835009e3
0.5	1000	0.1	730	1597524600982094300
0.5	1000	0.2	730	491701708232297100
0.5	1000	0.4	730	2090545391846562800
0.5	10000	0.1	730	1058354851113418800
0.5	10000	0.2	730	1555886833475675100
0.5	10000	0.4	730	2204896498652705300
1	1000	0.1	730	737562160979306800
1	1000	0.2	730	400916105881449900
1	1000	0.4	730	1302554489837918200
1	10000	0.1	730	1846516070987886e3
1	10000	0.2	730	1610185558058402600
1	10000	0.4	730	730764231628400500
2	1000	0.1	730	341889787279666750
2	1000	0.2	730	727095223878326700
2	1000	0.4	730	183212687386408500
2	10000	0.1	730	808036179202186600
2	10000	0.2	730	1270053103913556700
2	10000	0.4	730	685933934777735400
4	1000	0.1	730	1646992280990359300
4	1000	0.2	730	1507291859844980700
4	1000	0.4	730	1441026434456507400
4	10000	0.1	730	1861011857612368400
4	10000	0.2	730	37024871735701530
4	10000	0.4	730	1393845306439867400
0.5	1000	0.1	731	1032995772394078800
0.5	1000	0.2	731	2292693180848082400
0.5	1000	0.4	731	711160370521735700
0.5	10000	0.1	731	1554636740385064700
0.5	10000	0.2	731	1856071945969004800
0.5	10000	0.4	731	524434603325512450
1	1000	0.1	731	201660214055280600
1	1000	0.2	731	1313070601102916e3
1	1000	0.4	731	545962159220384100
1	10000	0.1	731	2046655385081092e3
1	10000	0.2	731	2083886976149817300
1	10000	0.4	731	1.6256672056687078e+17
2	1000	0.1	731	3.8561336442526477e+17
2	1000	0.2	731	1533680194357857800
2	1000	0.4	731	87335180504855550
2	10000	0.1	731	2300596197944593e3
2	10000	0.2	731	602568672986275100
2	10000	0.4	731	112811280471675540
4	1000	0.1	731	2039097229671291400
4	1000	0.2	731	946934786988753900
4	1000	0.4	731	1431459475039698700
4	10000	0.1	731	1610753780865610500
4	10000	0.2	731	1021025150840547600
4	10000	0.4	731	1178475817014661600
0.5	1000	0.1	732	179173752452259360
0.5	1000	0.2	732	1825717660175009300
0.5	1000	0.4	732	754403031542387500
0.5	10000	0.1	732	2106722661190176e3
0.5	10000	0.2	732	200666178157736930
0.5	10000	0.4	732	261787593611898720
1	1000	0.1	732	1611508781585062100
1	1000	0.2	732	1808498144233348900
1	1000	0.4	732	1767667460154132500
1	10000	0.1	732	1498488479772223700
1	10000	0.2	732	1481184522342417e3
1	10000	0.4	732	1029674614422851600
2	1000	0.1	732	379394208724320900
2	1000	0.2	732	1809433358031446e3
2	1000	0.4	732	1112751376245104900
2	10000	0.1	732	576084809273575940
2	10000	0.2	732	917041215693455e3
2	10000	0.4	732	37965466822205910
4	1000	0.1	732	2139960229844266e3
4	1000	0.2	732	1966831873242246100
4	1000	0.4	732	1263752821160939300
4	10000	0.1	732	1031015375849985500
4	10000	0.2	732	1200470233586373e3
4	10000	0.4	732	117048453976788100
0.5	1000	0.1	733	897065618741006800
0.5	1000	0.2	733	177374930346696830
0.5	1000	0.4	733	882486314438256500
0.5	10000	0.1	733	2130425723393373400
0.5	10000	0.2	733	1909387141675504600
0.5	10000	0.4	733	323812869457896260
1	1000	0.1	733	1844271406353469200
1	1000	0.2	733	1668431117499157500
1	1000	0.4	733	1234768985057373400
1	10000	0.1	733	282079277025062850
1	10000	0.2	733	2041901407920117500
1	10000	0.4	733	340888292348193700
2	1000	0.1	733	4.4920050054398797e+17
2	1000	0.2	733	1410564982596914700
2	1000	0.4	733	900506020451717200
2	10000	0.1	733	291754894302454100
2	10000	0.2	733	926880688791678800
2	10000	0.4	733	1988436176827474200
4	1000	0.1	733	932504940304457600
4	1000	0.2	733	197551656546661500
4	1000	0.4	733	1824198903618304500
4	10000	0.1	733	174153336633464200
4	10000	0.2	733	2.6345946693695318e+17
4	10000	0.4	733	683607679623571200
0.5	1000	0.1	734	1706376102363325700
0.5	1000	0.2	734	1608379605043980800
0.5	1000	0.4	734	1111129919147636200
0.5	10000	0.1	734	1665302918556422100
0.5	10000	0.2	734	1086797859017304300
0.5	10000	0.4	734	626478321661764100
1	1000	0.1	734	2212941392310909700
1	1000	0.2	734	1145192221460186100
1	1000	0.4	734	1013903127452505100
1	10000	0.1	734	1476271182092022e3
1	10000	0.2	734	2246397994802267e3
1	10000	0.4	734	1321508225097373e3
2	1000	0.1	734	183440006790961860
2	1000	0.2	734	1318248629450716e3
2	1000	0.4	734	234189272739576930
2	10000	0.1	734	300130632849154700
2	10000	0.2	734	1014514832078336100
2	10000	0.4	734	1388778818873963300
4	1000	0.1	734	1593449346225607200
4	1000	0.2	734	2027563547693462e3
4	1000	0.4	734	1997885084500628200
4	10000	0.1	734	2079338833996416500
4	10000	0.2	734	1985477880042824e3
4	10000	0.4	734	307105054973223800
0.5	1000	0.1	735	1293500788250581500
0.5	1000	0.2	735	931213946792295300
0.5	1000	0.4	735	1639621795098390800
0.5	10000	0.1	735	659212295088726500
0.5	10000	0.2	735	782544567185695100
0.5	10000	0.4	735	842016088686252400
1	1000	0.1	735	1277047220880311800
1	1000	0.2	735	5.4381273369876723e+17
1	1000	0.4	735	613715379170458900
1	10000	0.1	735	229628731490811330
1	10000	0.2	735	639405561867824900
1	10000	0.4	735	1641664340902788600
2	1000	0.1	735	1920036724036980500
2	1000	0.2	735	1896615318688551700
2	1000	0.4	735	751840295460061e3
2	10000	0.1	735	418304000541435840
2	10000	0.2	735	1380368493345490200
2	10000	0.4	735	325337164496418600
4	1000	0.1	735	669808633352815e3
4	1000	0.2	735	1874052125834851300
4	1000	0.4	735	2132517092306870300
4	10000	0.1	735	127556361691877310
4	10000	0.2	735	427549410733574800
4	10000	0.4	735	1543990061930867e3
0.5	1000	0.1	736	382320360259968400
0.5	1000	0.2	736	2021625513447907300
0.5	1000	0.4	736	1742058693630133200
0.5	10000	0.1	736	781651251717598100
0.5	10000	0.2	736	552721216748710100
0.5	10000	0.4	736	2239511824368891100
1	1000	0.1	736	146935615773477700
1	1000	0.2	736	1155729448994496800
1	1000	0.4	736	1681338991320949800
1	10000	0.1	736	2214161877688486700
1	10000	0.2	736	1580610151991061e3
1	10000	0.4	736	1620081483880417300
2	1000	0.1	736	748326459130094600
2	1000	0.2	736	312641790830257660
2	1000	0.4	736	1334074155649736700
2	10000	0.1	736	1243040046721276400
2	10000	0.2	736	4.8507283469060237e+17
2	10000	0.4	736	1880669308353586e3
4	1000	0.1	736	874047714881616600
4	1000	0.2	736	386929262795632640
4	1000	0.4	736	366421962960514500
4	10000	0.1	736	1352736394150285e3
4	10000	0.2	736	135109503480651700
4	10000	0.4	736	604306645841022e3
0.5	1000	0.1	737	192553339158539e3
0.5	1000	0.2	737	1928441234242834400
0.5	1000	0.4	737	1219215162596511200
0.5	10000	0.1	737	2216516945306878700
0.5	10000	0.2	737	1577188607469458e3
0.5	10000	0.4	737	723122108119344800
1	1000	0.1	737	1136870716171781400
1	1000	0.2	737	495750397065822660
1	1000	0.4	737	1305243523663287300
1	10000	0.1	737	399351695251254800
1	10000	0.2	737	999994381314670800
1	10000	0.4	737	1836484910381862100
2	1000	0.1	737	3.3162941653495597e+17
2	1000	0.2	737	1010735082548424400
2	1000	0.4	737	1079990526615187300
2	10000	0.1	737	1032354193002431900
2	10000	0.2	737	1.2087498748272799e+18
2	10000	0.4	737	1678302313545479200
4	1000	0.1	737	2154938824295006700
4	1000	0.2	737	1728257483828904700
4	1000	0.4	737	1659923812052429300
4	10000	0.1	737	1892357866063899e3
4	10000	0.2	737	208482454860028220
4	10000	0.4	737	2045201059925899300
0.5	1000	0.1	738	1269685644640921e3
0.5	1000	0.2	738	2008973864613727700
0.5	1000	0.4	738	2076432062174838e3
0.5	10000	0.1	738	373506791696867900
0.5	10000	0.2	738	1814434879802255e3
0.5	10000	0.4	738	1352729663773828e3
1	1000	0.1	738	232043682600695e3
1	1000	0.2	738	1895938457419860200
1	1000	0.4	738	190523763716300500
1	10000	0.1	738	2072247043759016e3
1	10000	0.2	738	1003736009393889200
1	10000	0.4	738	799966417897992200
2	1000	0.1	738	2075738697306621700
2	1000	0.2	738	1624097421690991600
2	1000	0.4	738	1713161535644808e3
2	10000	0.1	738	866535720176913700
2	10000	0.2	738	1814403248122252800
2	10000	0.4	738	639559915963484700
4	1000	0.1	738	864124474975062100
4	1000	0.2	738	988686236966460700
4	1000	0.4	738	1751651017688426500
4	10000	0.1	738	687246786183478300
4	10000	0.2	738	72860689334923e4
4	10000	0.4	738	239626286413402430
0.5	1000	0.1	739	2182406970634714600
0.5	1000	0.2	739	1348649498700786700
0.5	1000	0.4	739	164474117477004830
0.5	10000	0.1	739	605949954690550400
0.5	10000	0.2	739	474544989126460800
0.5	10000	0.4	739	754108814344144300
1	1000	0.1	739	2181929188852098300
1	1000	0.2	739	1338461835425267700
1	1000	0.4	739	1819127176155827e3
1	10000	0.1	739	156786232831316800
1	10000	0.2	739	797575980373548200
1	10000	0.4	739	1835569017777300700
2	1000	0.1	739	1330216953192787700
2	1000	0.2	739	1344784651673881300
2	1000	0.4	739	1503338235308993300
2	10000	0.1	739	426777175515413250
2	10000	0.2	739	689706773601406e3
2	10000	0.4	739	962675388249332700
4	1000	0.1	739	46905099031816770
4	1000	0.2	739	1023646239179307400
4	1000	0.4	739	290558105966942100
4	10000	0.1	739	700748106477443600
4	10000	0.2	739	1416820256372968400
4	10000	0.4	739	144866796144238340
0.5	1000	0.1	740	1792630816208621600
0.5	1000	0.2	740	1774302618839249400
0.5	1000	0.4	740	1048998986800549e3
0.5	10000	0.1	740	1995789702464213500
0.5	10000	0.2	740	197160794278683e4
0.5	10000	0.4	740	39001618412536440
1	1000	0.1	740	2057116430839145e3
1	1000	0.2	740	1289078327005881300
1	1000	0.4	740	2045742788609193500
1	10000	0.1	740	4.7220613732252077e+17
1	10000	0.2	740	1689746698168575700
1	10000	0.4	740	57368403160972560
2	1000	0.1	740	1335531986673834500
2	1000	0.2	740	461247974116829100
2	1000	0.4	740	2205292325060744700
2	10000	0.1	740	2069226665126979800
2	10000	0.2	740	5.3201783036709203e+17
2	10000	0.4	740	1203107084461588e3
4	1000	0.1	740	210715191949335230
4	1000	0.2	740	49143035397535680
4	1000	0.4	740	1611944135432327700
4	10000	0.1	740	2002371692491810300
4	10000	0.2	740	1901155694843172900
4	10000	0.4	740	828449728873570300
0.5	1000	0.1	741	198229553328684e4
0.5	1000	0.2	741	1863193345210698200
0.5	1000	0.4	741	2175208411332834
0.5	10000	0.1	741	1065140528855407400
0.5	10000	0.2	741	1217799703222748400
0.5	10000	0.4	741	1989550391513361700
1	1000	0.1	741	878425274410007200
1	1000	0.2	741	597236118354871700
1	1000	0.4	741	328526403229347300
1	10000	0.1	741	918668346213341800
1	10000	0.2	741	274811137915154180
1	10000	0.4	741	1877811369530752500
2	1000	0.1	741	190800666707020300
2	1000	0.2	741	2288889078624222500
2	1000	0.4	741	217545765813198660
2	10000	0.1	741	1479993967180628700
2	10000	0.2	741	1537697438122573300
2	10000	0.4	741	978720106665402200
4	1000	0.1	741	1518672106903892e3
4	1000	0.2	741	872461021199718800
4	1000	0.4	741	215181848219874720
4	10000	0.1	741	110689766291312960
4	10000	0.2	741	2305498552317094700
4	10000	0.4	741	1348114132529287700
0.5	1000	0.1	742	1510068074446987800
0.5	1000	0.2	742	1967275145122558500
0.5	1000	0.4	742	1855106964715401e3
0.5	10000	0.1	742	1466766432728628500
0.5	10000	0.2	742	728838720745243400
0.5	10000	0.4	742	894014725796902500
1	1000	0.1	742	535023499825294850
1	1000	0.2	742	1951331759883315500
1	1000	0.4	742	995633622674616300
1	10000	0.1	742	2154930802814193e3
1	10000	0.2	742	2276052057747669500
1	10000	0.4	742	1918028392756574700
2	1000	0.1	742	2038856170028980700
2	1000	0.2	742	371784113071996400
2	1000	0.4	742	12222368275528046
2	10000	0.1	742	687866995646057e3
2	10000	0.2	742	545374110365618600
2	10000	0.4	742	2090120860968148700
4	1000	0.1	742	1617979305698423800
4	1000	0.2	742	565038625960830500
4	1000	0.4	742	444675579349707600
4	10000	0.1	742	898123527162765800
4	10000	0.2	742	1560752897673603e3
4	10000	0.4	742	1954892015062429200
0.5	1000	0.1	743	2122034067625362400
0.5	1000	0.2	743	905582214566114e3
0.5	1000	0.4	743	203696824781522500
0.5	10000	0.1	743	466915728076442600
0.5	10000	0.2	743	738169202318421500
0.5	10000	0.4	743	2165240274872892e3
1	1000	0.1	743	311678908208974800
1	1000	0.2	743	137720494612548e4
1	1000	0.4	743	225513854140366850
1	10000	0.1	743	1520805636002429400
1	10000	0.2	743	1884579263624286500
1	10000	0.4	743	1395387952658290700
2	1000	0.1	743	763328962434329200
2	1000	0.2	743	8613575353274199
2	1000	0.4	743	682385769499121500
2	10000	0.1	743	3.0503862244199123e+17
2	10000	0.2	743	59747857128698750
2	10000	0.4	743	93950407661819100
4	1000	0.1	743	1645236654254154e3
4	1000	0.2	743	538638900608505600
4	1000	0.4	743	296079952494074500
4	10000	0.1	743	1187050157955230700
4	10000	0.2	743	764622535985451300
4	10000	0.4	743	278529586393175940
0.5	1000	0.1	744	497419890419408900
0.5	1000	0.2	744	963547722887348900
0.5	1000	0.4	744	2015114314590065e3
0.5	10000	0.1	744	642815926692680400
0.5	10000	0.2	744	1888215564974286300
0.5	10000	0.4	744	773647054059815600
1	1000	0.1	744	675275175750055e3
1	1000	0.2	744	1882170377142271e3
1	1000	0.4	744	18965287669411248
1	10000	0.1	744	1856356491597260800
1	10000	0.2	744	902140224101893400
1	10000	0.4	744	1663912395341881900
2	1000	0.1	744	222233461132427070
2	1000	0.2	744	1527114194068515300
2	1000	0.4	744	1055006097150910800
2	10000	0.1	744	956837635999015700
2	10000	0.2	744	705519061876960800
2	10000	0.4	744	506629564355710800
4	1000	0.1	744	1.3047863561276499e+17
4	1000	0.2	744	2110803163766168600
4	1000	0.4	744	455649099870448450
4	10000	0.1	744	1518397004372683800
4	10000	0.2	744	1602131142762844e3
4	10000	0.4	744	1002000071143330800
0.5	1000	0.1	745	994594949297904900
0.5	1000	0.2	745	1249623921493095400
0.5	1000	0.4	745	2287821585521101300
0.5	10000	0.1	745	1653160009109639700
0.5	10000	0.2	745	1327723082561753900
0.5	10000	0.4	745	936228712073117300
1	1000	0.1	745	639341841139721900
1	1000	0.2	745	1706893640015027700
1	1000	0.4	745	111116670188770690
1	10000	0.1	745	594473675442630100
1	10000	0.2	745	734483056469060200
1	10000	0.4	745	163121407404000540
2	1000	0.1	745	1956419705668746800
2	1000	0.2	745	768363982962609400
2	1000	0.4	745	1194608245262879500
2	10000	0.1	745	767641041374852600
2	10000	0.2	745	1067354642031272400
2	10000	0.4	745	623927296376521500
4	1000	0.1	745	1065571083975371500
4	1000	0.2	745	62941468970799256
4	1000	0.4	745	1503984953535154e3
4	10000	0.1	745	1090384351798962600
4	10000	0.2	745	1.9123291435798559e+18
4	10000	0.4	745	2084826544547130600
0.5	1000	0.1	746	2291550092994599400
0.5	1000	0.2	746	2156110837714243e3
0.5	1000	0.4	746	1257828658251385e3
0.5	10000	0.1	746	138523166308666e4
0.5	10000	0.2	746	2258067732718755800
0.5	10000	0.4	746	61125228915253376
1	1000	0.1	746	785834292982114400
1	1000	0.2	746	317119462727459300
1	1000	0.4	746	1599341410824319500
1	10000	0.1	746	1122822898260719500
1	10000	0.2	746	2002124182858998300
1	10000	0.4	746	68452134942441896
2	1000	0.1	746	22887822675025e5
2	1000	0.2	746	1723181133390813700
2	1000	0.4	746	1714763175101796e3
2	10000	0.1	746	1657909295723818200
2	10000	0.2	746	825442214085123300
2	10000	0.4	746	1400774016453471700
4	1000	0.1	746	46676362744984616
4	1000	0.2	746	1423506631701427200
4	1000	0.4	746	2133124152197736400
4	10000	0.1	746	1324681128927384e3
4	10000	0.2	746	1950944343172403200
4	10000	0.4	746	330326715399821300
0.5	1000	0.1	747	1260059416239241700
0.5	1000	0.2	747	2255100020981525e3
0.5	1000	0.4	747	3.4082406003971277e+17
0.5	10000	0.1	747	1872073436234207700
0.5	10000	0.2	747	145037338624110180
0.5	10000	0.4	747	1181312561281088e3
1	1000	0.1	747	1587045807835652e3
1	1000	0.2	747	390352489110095800
1	1000	0.4	747	1703267417527638e3
1	10000	0.1	747	1564929534828282600
1	10000	0.2	747	608190593866421200
1	10000	0.4	747	1.6933998645708959e+18
2	1000	0.1	747	1930834820953368e3
2	1000	0.2	747	389055386389559360
2	1000	0.4	747	2162997335004843300
2	10000	0.1	747	1803894064286496800
2	10000	0.2	747	1.4385539484244321e+18
2	10000	0.4	747	831815889182380800
4	1000	0.1	747	1093481163653101600
4	1000	0.2	747	1343868371358154e3
4	1000	0.4	747	2269744786064952800
4	10000	0.1	747	2261059195095540500
4	10000	0.2	747	942594852756727700
4	10000	0.4	747	2.0158098481585121e+18
0.5	1000	0.1	748	945595324784137300
0.5	1000	0.2	748	1589347311337084400
0.5	1000	0.4	748	2219713964952901e3
0.5	10000	0.1	748	377475488402662660
0.5	10000	0.2	748	2110713084154622500
0.5	10000	0.4	748	2086014237149029e3
1	1000	0.1	748	1644851072417182200
1	1000	0.2	748	137263165884915230
1	1000	0.4	748	517318925381402240
1	10000	0.1	748	688437906345175800
1	10000	0.2	748	424190369029185e3
1	10000	0.4	748	744703304379914200
2	1000	0.1	748	1483560178636748800
2	1000	0.2	748	2278448861664955e3
2	1000	0.4	748	1133098623110922400
2	10000	0.1	748	522324779422246700
2	10000	0.2	748	1388186496597565700
2	10000	0.4	748	1804649196151462100
4	1000	0.1	748	964632816454638300
4	1000	0.2	748	121108671130044e4
4	1000	0.4	748	1459076700754359800
4	10000	0.1	748	801439656546232700
4	10000	0.2	748	1495106116918319600
4	10000	0.4	748	1674808640384614100
0.5	1000	0.1	749	1107522459626068e3
0.5	1000	0.2	749	2201883954731023600
0.5	1000	0.4	749	2037510637583405800
0.5	10000	0.1	749	152892241113317380
0.5	10000	0.2	749	1322842805174170600
0.5	10000	0.4	749	1122777815579869200
1	1000	0.1	749	2030746627774672400
1	1000	0.2	749	368523479712786050
1	1000	0.4	749	582079580596219900
1	10000	0.1	749	1297027114922199300
1	10000	0.2	749	1809177444930104800
1	10000	0.4	749	327332345589068860
2	1000	0.1	749	1817728664848890400
2	1000	0.2	749	1818365937308536e3
2	1000	0.4	749	1639588561035184400
2	10000	0.1	749	1092301118928664300
2	10000	0.2	749	1442316323840725800
2	10000	0.4	749	2179677888313399800
4	1000	0.1	749	2013897046600152e3
4	1000	0.2	749	517314756488519e3
4	1000	0.4	749	257661441990385900
4	10000	0.1	749	1545628874950343200
4	10000	0.2	749	1207797276634216400
4	10000	0.4	749	1724420654590203400
0.5	1000	0.1	750	1761781767465345e3
0.5	1000	0.2	750	791166870959838500
0.5	1000	0.4	750	230416206980591300
0.5	10000	0.1	750	1832090594063523300
0.5	10000	0.2	750	4.3737056082596877e+17
0.5	10000	0.4	750	570450413434274600
1	1000	0.1	750	1418925631801773e3
1	1000	0.2	750	2092208635033334e3
1	1000	0.4	750	1217316461951231500
1	10000	0.1	750	1101555477100670600
1	10000	0.2	750	337474146911240450
1	10000	0.4	750	1295487532868347100
2	1000	0.1	750	1068311030843658400
2	1000	0.2	750	183914146201812350
2	1000	0.4	750	193284970308433020
2	10000	0.1	750	458119226198397250
2	10000	0.2	750	2173117738280555800
2	10000	0.4	750	1498918812496411100
4	1000	0.1	750	2073489372085906200
4	1000	0.2	750	1437218656618113300
4	1000	0.4	750	756586178533551200
4	10000	0.1	750	1670648157188810500
4	10000	0.2	750	1836993564718922800
4	10000	0.4	750	482630338864402750
0.5	1000	0.1	751	923745145337771900
0.5	1000	0.2	751	1132581496935507e3
0.5	1000	0.4	751	951604655323673300
0.5	10000	0.1	751	1703710808262446e3
0.5	10000	0.2	751	287064872094748320
0.5	10000	0.4	751	349437665105414800
1	1000	0.1	751	1789806956771953700
1	1000	0.2	751	1753360746594016800
1	1000	0.4	751	240425094461251330
1	10000	0.1	751	1112136284530119700
1	10000	0.2	751	2065096160687588e3
1	10000	0.4	751	2237079604561632e3
2	1000	0.1	751	1248626468380479e3
2	1000	0.2	751	1106928982916675100
2	1000	0.4	751	1276233752564887300
2	10000	0.1	751	938928247424200700
2	10000	0.2	751	358766615300678400
2	10000	0.4	751	2119280292616385500
4	1000	0.1	751	162353361341137e4
4	1000	0.2	751	1234755163817547e3
4	1000	0.4	751	1625073846373659e3
4	10000	0.1	751	1207980131164468200
4	10000	0.2	751	959261810379739900
4	10000	0.4	751	1240251212354723800
0.5	1000	0.1	752	2041133977197386e3
0.5	1000	0.2	752	1966786884431421200
0.5	1000	0.4	752	1005009948748774400
0.5	10000	0.1	752	765009590975777200
0.5	10000	0.2	752	129307867969052e4
0.5	10000	0.4	752	975640018877224800
1	1000	0.1	752	727952459153138200
1	1000	0.2	752	1205862875572733700
1	1000	0.4	752	802987728609013200
1	10000	0.1	752	1274406961343427300
1	10000	0.2	752	1918541379536184e3
1	10000	0.4	752	1835318462714977e3
2	1000	0.1	752	430727907708424700
2	1000	0.2	752	1411713093590432e3
2	1000	0.4	752	2125919994117849300
2	10000	0.1	752	1438311708436080400
2	10000	0.2	752	1243109200446482400
2	10000	0.4	752	971571995045773300
4	1000	0.1	752	541847723454883e3
4	1000	0.2	752	1138821471356703e3
4	1000	0.4	752	2254606113210711600
4	10000	0.1	752	489753354152065800
4	10000	0.2	752	839464943921701800
4	10000	0.4	752	1903486913050372e3
0.5	1000	0.1	753	937729070184435700
0.5	1000	0.2	753	2.6800090422194762e+17
0.5	1000	0.4	753	1665218050965650400
0.5	10000	0.1	753	2136500635544688600
0.5	10000	0.2	753	1392963164801762300
0.5	10000	0.4	753	2287653654228594e3
1	1000	0.1	753	278422371880532770
1	1000	0.2	753	641620354177738500
1	1000	0.4	753	1333994584074467300
1	10000	0.1	753	22730145795368400
1	10000	0.2	753	596173265105955300
1	10000	0.4	753	1.3941032433369119e+18
2	1000	0.1	753	296427808681522e3
2	1000	0.2	753	962409220231568100
2	1000	0.4	753	2217508459240221400
2	10000	0.1	753	1843416608991677e3
2	10000	0.2	753	412814788879639e3
2	10000	0.4	753	397403869817496640
4	1000	0.1	753	219263275527115650
4	1000	0.2	753	189666931879747800
4	1000	0.4	753	1224149249979069200
4	10000	0.1	753	58822966316329560
4	10000	0.2	753	1244996247412126200
4	10000	0.4	753	1243703856386986800
0.5	1000	0.1	754	1415441948779651e3
0.5	1000	0.2	754	1925309329613719e3
0.5	1000	0.4	754	1540572117155402800
0.5	10000	0.1	754	2038584308337430500
0.5	10000	0.2	754	2088262807898618400
0.5	10000	0.4	754	1481291194305581600
1	1000	0.1	754	370036066259109700
1	1000	0.2	754	1206407651005524700
1	1000	0.4	754	1149295462292707700
1	10000	0.1	754	726861810086504200
1	10000	0.2	754	1321340274059263200
1	10000	0.4	754	640398629226723300
2	1000	0.1	754	2300408730574751200
2	1000	0.2	754	1597050225087996200
2	1000	0.4	754	2277988612046570200
2	10000	0.1	754	286610573427001e3
2	10000	0.2	754	1443863991747966e3
2	10000	0.4	754	1509707567215121e3
4	1000	0.1	754	782543150996890900
4	1000	0.2	754	789276463547803300
4	1000	0.4	754	1634384566792796700
4	10000	0.1	754	177599114476344030
4	10000	0.2	754	2059911804551278e3
4	10000	0.4	754	1675685654101548e3
0.5	1000	0.1	755	734223919150031900
0.5	1000	0.2	755	1180937707987106300
0.5	1000	0.4	755	907842278523832400
0.5	10000	0.1	755	288554919562301900
0.5	10000	0.2	755	1599197473899838e3
0.5	10000	0.4	755	775388743165054700
1	1000	0.1	755	1870093811943189e3
1	1000	0.2	755	1031608531422102900
1	1000	0.4	755	1696219510021306400
1	10000	0.1	755	308578662196097800
1	10000	0.2	755	474737871953637900
1	10000	0.4	755	1246998286570699300
2	1000	0.1	755	1132920292898937500
2	1000	0.2	755	1314699235423752700
2	1000	0.4	755	2286707582556620500
2	10000	0.1	755	1178120422113668600
2	10000	0.2	755	71213049520062880
2	10000	0.4	755	1296961651126748e3
4	1000	0.1	755	67530186939657264
4	1000	0.2	755	1778395265729493e3
4	1000	0.4	755	1349501619409045e3
4	10000	0.1	755	1803190671002882300
4	10000	0.2	755	2201861380466649300
4	10000	0.4	755	305598215579509060
0.5	1000	0.1	756	1616376576661606700
0.5	1000	0.2	756	1112279959298006800
0.5	1000	0.4	756	1836093835123284700
0.5	10000	0.1	756	1095423252497778400
0.5	10000	0.2	756	712197530151593600
0.5	10000	0.4	756	1.9862614058366239e+18
1	1000	0.1	756	893444157020713200
1	1000	0.2	756	1482183617568276500
1	1000	0.4	756	2121121865391447e3
1	10000	0.1	756	2229602574729903e3
1	10000	0.2	756	2140803240221596700
1	10000	0.4	756	767251457032538600
2	1000	0.1	756	1563421979552381400
2	1000	0.2	756	1972290892670294e3
2	1000	0.4	756	123750162564035150
2	10000	0.1	756	2.0045816275782758e+17
2	10000	0.2	756	850848839946790100
2	10000	0.4	756	598637676206059e3
4	1000	0.1	756	533005128404862100
4	1000	0.2	756	1034946875231614200
4	1000	0.4	756	2181532935278613e3
4	10000	0.1	756	798892775797562500
4	10000	0.2	756	1993751917582909400
4	10000	0.4	756	1760673637881014e3
0.5	1000	0.1	757	1818369695295471400
0.5	1000	0.2	757	745320804751635100
0.5	1000	0.4	757	10777601983702156
0.5	10000	0.1	757	215699545435254400
0.5	10000	0.2	757	1799984289075669e3
0.5	10000	0.4	757	5.9978445330690406e+17
1	1000	0.1	757	1231865462233245200
1	1000	0.2	757	655251708237148400
1	1000	0.4	757	1932037882089579300
1	10000	0.1	757	632646728308731100
1	10000	0.2	757	500380307382999360
1	10000	0.4	757	1672127364393775400
2	1000	0.1	757	2287665389507082500
2	1000	0.2	757	1602624334090316500
2	1000	0.4	757	685280891357074600
2	10000	0.1	757	1452000118745950200
2	10000	0.2	757	438507391578354e3
2	10000	0.4	757	1977658588621631500
4	1000	0.1	757	1578104957719364e3
4	1000	0.2	757	820064973457009800
4	1000	0.4	757	865220015791046800
4	10000	0.1	757	1564108272486769e3
4	10000	0.2	757	1650879885021764e3
4	10000	0.4	757	2000312006884750300
0.5	1000	0.1	758	1233788519031341e3
0.5	1000	0.2	758	2109915132011757e3
0.5	1000	0.4	758	754505042862270100
0.5	10000	0.1	758	2223524151769577200
0.5	10000	0.2	758	1994186049533339600
0.5	10000	0.4	758	19303579787595668
1	1000	0.1	758	1.5754046966333599e+18
1	1000	0.2	758	1712258005472835e3
1	1000	0.4	758	1830740357952486100
1	10000	0.1	758	367050433320687500
1	10000	0.2	758	1725894873995660800
1	10000	0.4	758	628712271491856400
2	1000	0.1	758	944307177541394e3
2	1000	0.2	758	1517996058252967e3
2	1000	0.4	758	1438221673357075700
2	10000	0.1	758	33323999644685604
2	10000	0.2	758	1548008494354648300
2	10000	0.4	758	1846747209692137500
4	1000	0.1	758	2065906243388928e3
4	1000	0.2	758	1621507069540335e3
4	1000	0.4	758	749217954636083e3
4	10000	0.1	758	487881518824960600
4	10000	0.2	758	897873767526540300
4	10000	0.4	758	285234332489034080
0.5	1000	0.1	759	15735364397129778
0.5	1000	0.2	759	637456728007271200
0.5	1000	0.4	759	1078109378965273300
0.5	10000	0.1	759	297741816092730700
0.5	10000	0.2	759	1862549528008671200
0.5	10000	0.4	759	53853006082687430
1	1000	0.1	759	422256350502685500
1	1000	0.2	759	319214388010212350
1	1000	0.4	759	324410184650122500
1	10000	0.1	759	939979193220550900
1	10000	0.2	759	258817131859541280
1	10000	0.4	759	737183414668492200
2	1000	0.1	759	988091660365958100
2	1000	0.2	759	1878963842930324500
2	1000	0.4	759	1312180858646782500
2	10000	0.1	759	1752847834473261800
2	10000	0.2	759	1131244806005685100
2	10000	0.4	759	515899248410970200
4	1000	0.1	759	343629513999091e3
4	1000	0.2	759	1441656456374745600
4	1000	0.4	759	1352950473081560800
4	10000	0.1	759	471355376310695500
4	10000	0.2	759	1252306533432285e3
4	10000	0.4	759	2293060273398890500
0.5	1000	0.1	760	1466754024517496e3
0.5	1000	0.2	760	659813702328912800
0.5	1000	0.4	760	405424719543890300
0.5	10000	0.1	760	995181397515502600
0.5	10000	0.2	760	624602108225454100
0.5	10000	0.4	760	1661083674543345e3
1	1000	0.1	760	1665190254292361e3
1	1000	0.2	760	1482668379903056600
1	1000	0.4	760	862105654406919300
1	10000	0.1	760	986533567175195400
1	10000	0.2	760	871536876717199600
1	10000	0.4	760	1168513488917395700
2	1000	0.1	760	725892547177474200
2	1000	0.2	760	698978335330277100
2	1000	0.4	760	2172631266551922e3
2	10000	0.1	760	238313824277396350
2	10000	0.2	760	1953622316191027700
2	10000	0.4	760	1634381694255062800
4	1000	0.1	760	298033611656848450
4	1000	0.2	760	1975222594875239400
4	1000	0.4	760	2212025811985245200
4	10000	0.1	760	1182822030025317400
4	10000	0.2	760	2076335384096033800
4	10000	0.4	760	517628425225161300
0.5	1000	0.1	761	1561590023062485800
0.5	1000	0.2	761	6197541135101273
0.5	1000	0.4	761	1173252949915689500
0.5	10000	0.1	761	1782233064908372200
0.5	10000	0.2	761	904585258652154800
0.5	10000	0.4	761	1877578144756799e3
1	1000	0.1	761	1124108736884089300
1	1000	0.2	761	2235163617675477800
1	1000	0.4	761	183660003958935900
1	10000	0.1	761	2143962183390282200
1	10000	0.2	761	2051363174376559600
1	10000	0.4	761	864767791159385600
2	1000	0.1	761	441465495364001100
2	1000	0.2	761	1198118020416122e3
2	1000	0.4	761	916139780102975700
2	10000	0.1	761	884682721687269900
2	10000	0.2	761	792727661750925600
2	10000	0.4	761	63571113352604080
4	1000	0.1	761	141450692021117e4
4	1000	0.2	761	402785238355737400
4	1000	0.4	761	767276899364943400
4	10000	0.1	761	734786241132382800
4	10000	0.2	761	1443318178412663300
4	10000	0.4	761	354280372532828300
0.5	1000	0.1	762	1342760215740605700
0.5	1000	0.2	762	2.4663368919551322e+17
0.5	1000	0.4	762	1164899134903732e3
0.5	10000	0.1	762	804663872711836500
0.5	10000	0.2	762	1673431798015821300
0.5	10000	0.4	762	1397311232702925e3
1	1000	0.1	762	1873287820312233e3
1	1000	0.2	762	1457258513303495200
1	1000	0.4	762	367565082495752060
1	10000	0.1	762	670172980393379200
1	10000	0.2	762	2168583505198828500
1	10000	0.4	762	1624453319072928300
2	1000	0.1	762	2283545402366457900
2	1000	0.2	762	1852900729909088e3
2	1000	0.4	762	1347247488456453600
2	10000	0.1	762	779956971326020600
2	10000	0.2	762	525577520368865e3
2	10000	0.4	762	1456938386503505700
4	1000	0.1	762	180025326141855e4
4	1000	0.2	762	1823586322483231e3
4	1000	0.4	762	2162084280455384e3
4	10000	0.1	762	902404398922308500
4	10000	0.2	762	499730910803249100
4	10000	0.4	762	657998595841712300
0.5	1000	0.1	763	810775988893654800
0.5	1000	0.2	763	2276671118717058e3
0.5	1000	0.4	763	1497236796089843700
0.5	10000	0.1	763	1890228737613582800
0.5	10000	0.2	763	1548006657923225600
0.5	10000	0.4	763	819854833121889700
1	1000	0.1	763	1703179125009056300
1	1000	0.2	763	2072542417952812e3
1	1000	0.4	763	667069601556673800
1	10000	0.1	763	811014687399733400
1	10000	0.2	763	1670123581956330500
1	10000	0.4	763	178904968699482240
2	1000	0.1	763	96437949615512e4
2	1000	0.2	763	2205080893018233600
2	1000	0.4	763	1343049003985202700
2	10000	0.1	763	1292382105905546500
2	10000	0.2	763	65114869153797130
2	10000	0.4	763	1229678477503389400
4	1000	0.1	763	415406820904983e3
4	1000	0.2	763	451756316946988500
4	1000	0.4	763	713573199033703e3
4	10000	0.1	763	1498799007544182e3
4	10000	0.2	763	1199816782710520600
4	10000	0.4	763	2.0084319790418719e+18
0.5	1000	0.1	764	1683897170413931500
0.5	1000	0.2	764	1705553763601930800
0.5	1000	0.4	764	32824588908832504
0.5	10000	0.1	764	785784723670208300
0.5	10000	0.2	764	2111198170786021e3
0.5	10000	0.4	764	617434062818343400
1	1000	0.1	764	788553394868373800
1	1000	0.2	764	2113237497200092400
1	1000	0.4	764	2217378013349516500
1	10000	0.1	764	1045498453544755800
1	10000	0.2	764	1315933795234108400
1	10000	0.4	764	2206461484078329900
2	1000	0.1	764	2111457581208234200
2	1000	0.2	764	1255665911518653700
2	1000	0.4	764	2277902113007159800
2	10000	0.1	764	1217654377321858e3
2	10000	0.2	764	1658018715484379600
2	10000	0.4	764	82639545140322080
4	1000	0.1	764	296696434922360960
4	1000	0.2	764	431927560845392640
4	1000	0.4	764	479578067402959800
4	10000	0.1	764	1810014973009982500
4	10000	0.2	764	1027278644077574300
4	10000	0.4	764	1624838076569256e3
0.5	1000	0.1	765	1881758777380533800
0.5	1000	0.2	765	2257869225657994800
0.5	1000	0.4	765	483338917429136500
0.5	10000	0.1	765	244941189167182620
0.5	10000	0.2	765	1341884057376638e3
0.5	10000	0.4	765	960552707853024300
1	1000	0.1	765	1118467232506630100
1	1000	0.2	765	1987561861925618700
1	1000	0.4	765	63327270520751750
1	10000	0.1	765	1128719957049507200
1	10000	0.2	765	419155246806931140
1	10000	0.4	765	258030768575597660
2	1000	0.1	765	570311023644014e3
2	1000	0.2	765	1683207518318578e3
2	1000	0.4	765	1517672159907394300
2	10000	0.1	765	184168882918519740
2	10000	0.2	765	713130745820495500
2	10000	0.4	765	1924281253746551300
4	1000	0.1	765	1563136828659985400
4	1000	0.2	765	370699020878779400
4	1000	0.4	765	1878075493050572500
4	10000	0.1	765	1769002272988626e3
4	10000	0.2	765	749709402181439500
4	10000	0.4	765	2113019178859099e3
0.5	1000	0.1	766	1730578800887590100
0.5	1000	0.2	766	592705249068741600
0.5	1000	0.4	766	2286958589599144400
0.5	10000	0.1	766	611212018615819800
0.5	10000	0.2	766	1855496767778678300
0.5	10000	0.4	766	1811832819666082600
1	1000	0.1	766	1726447999682112500
1	1000	0.2	766	1109054302538046500
1	1000	0.4	766	1678953517057169400
1	10000	0.1	766	2196710258040883700
1	10000	0.2	766	350015913480248200
1	10000	0.4	766	1616152965591262200
2	1000	0.1	766	1658747931021517300
2	1000	0.2	766	705182444248311600
2	1000	0.4	766	1931661591335062e3
2	10000	0.1	766	2288338554714468400
2	10000	0.2	766	545686450605639550
2	10000	0.4	766	374921797486286460
4	1000	0.1	766	1030443849857304400
4	1000	0.2	766	3.2613692721206317e+17
4	1000	0.4	766	1371470754094247200
4	10000	0.1	766	314663274356877760
4	10000	0.2	766	646853090834370800
4	10000	0.4	766	2073227483196966700
0.5	1000	0.1	767	333011460139542400
0.5	1000	0.2	767	1476693991890526700
0.5	1000	0.4	767	1851896221394797600
0.5	10000	0.1	767	977268331242163300
0.5	10000	0.2	767	530865988305470400
0.5	10000	0.4	767	1341313016880123e3
1	1000	0.1	767	1423218188614368500
1	1000	0.2	767	51513407295268e4
1	1000	0.4	767	1740887459088103e3
1	10000	0.1	767	859051508368164400
1	10000	0.2	767	743971307208974600
1	10000	0.4	767	726880249087257900
2	1000	0.1	767	1212708593045712600
2	1000	0.2	767	811537083252193200
2	1000	0.4	767	1622544534873174e3
2	10000	0.1	767	787622753736971300
2	10000	0.2	767	548182726624173900
2	10000	0.4	767	41640009821976650
4	1000	0.1	767	21940175267193444
4	1000	0.2	767	1277064724182373600
4	1000	0.4	767	2109351081935482600
4	10000	0.1	767	357910309435009e3
4	10000	0.2	767	319797214342008900
4	10000	0.4	767	1758442344505031400
0.5	1000	0.1	768	159646830006732540
0.5	1000	0.2	768	1665574107877519400
0.5	1000	0.4	768	728798983526637300
0.5	10000	0.1	768	883467754208549100
0.5	10000	0.2	768	1634939685560004600
0.5	10000	0.4	768	472061162711958500
1	1000	0.1	768	2033529076474901500
1	1000	0.2	768	1468021689852067800
1	1000	0.4	768	2005900149976437200
1	10000	0.1	768	1380182448501489700
1	10000	0.2	768	857945185947327700
1	10000	0.4	768	539261290030413950
2	1000	0.1	768	1115083741453407700
2	1000	0.2	768	1417029821804886800
2	1000	0.4	768	572883588048362700
2	10000	0.1	768	1098967423810745500
2	10000	0.2	768	1832827193385756400
2	10000	0.4	768	1217625909052148700
4	1000	0.1	768	435559337956306600
4	1000	0.2	768	2153890833605158100
4	1000	0.4	768	1723461778537314600
4	10000	0.1	768	1327835434812778800
4	10000	0.2	768	1888525733032321500
4	10000	0.4	768	2082172385078103600
0.5	1000	0.1	769	1837427910774937600
0.5	1000	0.2	769	2151617274074212400
0.5	1000	0.4	769	278976592126677820
0.5	10000	0.1	769	761856005268586800
0.5	10000	0.2	769	56340861811562376
0.5	10000	0.4	769	1122723926519026e3
1	1000	0.1	769	985879098270082200
1	1000	0.2	769	300875769954663e3
1	1000	0.4	769	906841570276410900
1	10000	0.1	769	1072305618457559200
1	10000	0.2	769	2298912675016216300
1	10000	0.4	769	2056656378969631e3
2	1000	0.1	769	245731086221086940
2	1000	0.2	769	40229544834937e4
2	1000	0.4	769	1049153851695453300
2	10000	0.1	769	1590988074908119600
2	10000	0.2	769	1502654182668034600
2	10000	0.4	769	1652875920959419400
4	1000	0.1	769	1657602760643514400
4	1000	0.2	769	224273867251653820
4	1000	0.4	769	587112306702995500
4	10000	0.1	769	1008477836553942e3
4	10000	0.2	769	1295452589517146600
4	10000	0.4	769	1551134165414157300
0.5	1000	0.1	770	366352152442947800
0.5	1000	0.2	770	1367206260454464300
0.5	1000	0.4	770	514953561569231940
0.5	10000	0.1	770	198233490589712e4
0.5	10000	0.2	770	1687911545623813e3
0.5	10000	0.4	770	1361937200250921e3
1	1000	0.1	770	106138512028816350
1	1000	0.2	770	1736068896095553300
1	1000	0.4	770	897639671671319800
1	10000	0.1	770	2118068614433116e3
1	10000	0.2	770	1208928264454738700
1	10000	0.4	770	532524134552854460
2	1000	0.1	770	681266366167605400
2	1000	0.2	770	1161076985747306500
2	1000	0.4	770	1367166271895645200
2	10000	0.1	770	1087808462427658800
2	10000	0.2	770	358242242135399500
2	10000	0.4	770	615726404443315200
4	1000	0.1	770	534675121375888960
4	1000	0.2	770	661406205055918500
4	1000	0.4	770	1923391143512970500
4	10000	0.1	770	699305754405079300
4	10000	0.2	770	2280961516656369700
4	10000	0.4	770	194090126754974530
0.5	1000	0.1	771	103446264559892860
0.5	1000	0.2	771	1776014094636235500
0.5	1000	0.4	771	1902420065425058600
0.5	10000	0.1	771	1734010175311292200
0.5	10000	0.2	771	1811098550276691500
0.5	10000	0.4	771	1990337507272732400
1	1000	0.1	771	353981496102644350
1	1000	0.2	771	304207696672371140
1	1000	0.4	771	648776918788690400
1	10000	0.1	771	2253274584337155e3
1	10000	0.2	771	535479902621497660
1	10000	0.4	771	1305829241625567200
2	1000	0.1	771	165736799514818700
2	1000	0.2	771	1886831021639001900
2	1000	0.4	771	229765274638220160
2	10000	0.1	771	1530804147432296400
2	10000	0.2	771	349539567970716400
2	10000	0.4	771	1886115061923532500
4	1000	0.1	771	1304817528731657500
4	1000	0.2	771	1072495258510719e3
4	1000	0.4	771	953233782757949200
4	10000	0.1	771	19997367029553036
4	10000	0.2	771	1088437935840097500
4	10000	0.4	771	1767288805553506300
0.5	1000	0.1	772	1975715098467483e3
0.5	1000	0.2	772	2178937551693784600
0.5	1000	0.4	772	1026185936707184900
0.5	10000	0.1	772	562516716354414140
0.5	10000	0.2	772	891189808432799500
0.5	10000	0.4	772	83638761641940850
1	1000	0.1	772	1144186612112509300
1	1000	0.2	772	456453548172334850
1	1000	0.4	772	1568840146057638e3
1	10000	0.1	772	1692004703359459300
1	10000	0.2	772	1837645736791021e3
1	10000	0.4	772	1608463296654066200
2	1000	0.1	772	332458725858170800
2	1000	0.2	772	1983462600612573400
2	1000	0.4	772	1083663775412026900
2	10000	0.1	772	1055585036217124400
2	10000	0.2	772	621558144292021800
2	10000	0.4	772	676267625927963500
4	1000	0.1	772	1916063605753669e3
4	1000	0.2	772	753942604956377900
4	1000	0.4	772	217295102929517400
4	10000	0.1	772	373496497745819100
4	10000	0.2	772	726323031176580500
4	10000	0.4	772	1256644227714023400
0.5	1000	0.1	773	2049105490562237e3
0.5	1000	0.2	773	2064546728161341200
0.5	1000	0.4	773	2180442743279704300
0.5	10000	0.1	773	29155445720016328
0.5	10000	0.2	773	58363103906946024
0.5	10000	0.4	773	1801329369529629400
1	1000	0.1	773	2001443966704223e3
1	1000	0.2	773	2133584952140198700
1	1000	0.4	773	1644847231268612900
1	10000	0.1	773	1532619703914797800
1	10000	0.2	773	1903439785368111e3
1	10000	0.4	773	1849806555941879800
2	1000	0.1	773	84146172337169870
2	1000	0.2	773	203503652578125120
2	1000	0.4	773	1339093595010019300
2	10000	0.1	773	2263079164031270100
2	10000	0.2	773	1946569604183719700
2	10000	0.4	773	685484462787147500
4	1000	0.1	773	1158093684209771800
4	1000	0.2	773	363653753851761900
4	1000	0.4	773	172970280036752740
4	10000	0.1	773	188932597712576800
4	10000	0.2	773	384225522691031100
4	10000	0.4	773	160393391041221e4
0.5	1000	0.1	774	1180496414126000400
0.5	1000	0.2	774	1093092982404816900
0.5	1000	0.4	774	2008799297893775600
0.5	10000	0.1	774	1236557097325671e3
0.5	10000	0.2	774	21013536148368620
0.5	10000	0.4	774	2026007942710102e3
1	1000	0.1	774	350845943603463900
1	1000	0.2	774	69554111003454304
1	1000	0.4	774	1177650184305172e3
1	10000	0.1	774	1627754306363303e3
1	10000	0.2	774	52565906619130450
1	10000	0.4	774	1243741694528587800
2	1000	0.1	774	1764201972096784600
2	1000	0.2	774	1778035279976659e3
2	1000	0.4	774	2117351082180471800
2	10000	0.1	774	796032713395734500
2	10000	0.2	774	1575390418214221300
2	10000	0.4	774	2277975780055682600
4	1000	0.1	774	823277315941689900
4	1000	0.2	774	1762311412113951e3
4	1000	0.4	774	1302396701919921e3
4	10000	0.1	774	653310361421433100
4	10000	0.2	774	1124743589854656600
4	10000	0.4	774	242933357021218080
0.5	1000	0.1	775	2187523436988571600
0.5	1000	0.2	775	1534529343624425500
0.5	1000	0.4	775	2112731137842737200
0.5	10000	0.1	775	2114577523035705300
0.5	10000	0.2	775	1367833369869822e3
0.5	10000	0.4	775	1167174454932544e3
1	1000	0.1	775	575883607869095550
1	1000	0.2	775	1008440145506494100
1	1000	0.4	775	1620174913298905e3
1	10000	0.1	775	724701648249412400
1	10000	0.2	775	1619557600236099e3
1	10000	0.4	775	712250124216947500
2	1000	0.1	775	1303026236913378600
2	1000	0.2	775	2115206903604109300
2	1000	0.4	775	1421378055706974500
2	10000	0.1	775	291773417915903e3
2	10000	0.2	775	24974161569457916
2	10000	0.4	775	63420050053453e4
4	1000	0.1	775	1137435883802623400
4	1000	0.2	775	1453771285813724200
4	1000	0.4	775	1570777450186221600
4	10000	0.1	775	1090297136377513700
4	10000	0.2	775	169382541458343230
4	10000	0.4	775	1395705469682844400
0.5	1000	0.1	776	1269821355331498800
0.5	1000	0.2	776	644996734146564e3
0.5	1000	0.4	776	1643688922727279e3
0.5	10000	0.1	776	901661060093470200
0.5	10000	0.2	776	369854289137677060
0.5	10000	0.4	776	1181715210341366500
1	1000	0.1	776	1381655688821363500
1	1000	0.2	776	194595398008887200
1	1000	0.4	776	724247410349710300
1	10000	0.1	776	62517509048742264
1	10000	0.2	776	23114063036019476
1	10000	0.4	776	642027360443592800
2	1000	0.1	776	1273818235023457800
2	1000	0.2	776	741978495687785300
2	1000	0.4	776	1582583975292943600
2	10000	0.1	776	1292498467644658700
2	10000	0.2	776	844851956705966200
2	10000	0.4	776	71663102671586176
4	1000	0.1	776	1802409716040710400
4	1000	0.2	776	388930318237985700
4	1000	0.4	776	611760265824290400
4	10000	0.1	776	1187307563047644e3
4	10000	0.2	776	1211652877083655200
4	10000	0.4	776	313439297320696700
0.5	1000	0.1	777	551983155741160450
0.5	1000	0.2	777	322464644148165250
0.5	1000	0.4	777	1472296990372098300
0.5	10000	0.1	777	647441295670672100
0.5	10000	0.2	777	34640495752591432
0.5	10000	0.4	777	638517329063521400
1	1000	0.1	777	753971574869390500
1	1000	0.2	777	851425594026451200
1	1000	0.4	777	1207564190233194500
1	10000	0.1	777	609442957368374400
1	10000	0.2	777	232900441159411840
1	10000	0.4	777	246065723736878460
2	1000	0.1	777	65428159251702584
2	1000	0.2	777	1833450983119085800
2	1000	0.4	777	1632455819357380900
2	10000	0.1	777	2043534861682735e3
2	10000	0.2	777	1000519857175239e3
2	10000	0.4	777	730826242534140500
4	1000	0.1	777	1443816911290681600
4	1000	0.2	777	2185219172668537900
4	1000	0.4	777	2009122364754242e3
4	10000	0.1	777	1700843218466419200
4	10000	0.2	777	289887971849589e3
4	10000	0.4	777	36506743324507270
0.5	1000	0.1	778	1895934513561579300
0.5	1000	0.2	778	2048049682254617600
0.5	1000	0.4	778	1957437721597287400
0.5	10000	0.1	778	307049995278710900
0.5	10000	0.2	778	1022528286263349900
0.5	10000	0.4	778	1932548969385175e3
1	1000	0.1	778	2279828742602129e3
1	1000	0.2	778	1589909372740685300
1	1000	0.4	778	557002245416184e3
1	10000	0.1	778	1435343764474631400
1	10000	0.2	778	1004781793308976900
1	10000	0.4	778	102295687851893150
2	1000	0.1	778	192562588897339400
2	1000	0.2	778	1384493847381627100
2	1000	0.4	778	1125577269890252500
2	10000	0.1	778	1967529061188253200
2	10000	0.2	778	2042407821811623700
2	10000	0.4	778	703560826066918900
4	1000	0.1	778	1138011059089317400
4	1000	0.2	778	433020433285779140
4	1000	0.4	778	217257023159607800
4	10000	0.1	778	882832833845953e3
4	10000	0.2	778	1450630605681208600
4	10000	0.4	778	290186341349931840
0.5	1000	0.1	779	1.6451644951542918e+17
0.5	1000	0.2	779	1100881421375072e3
0.5	1000	0.4	779	424528660549928700
0.5	10000	0.1	779	1629483289154795500
0.5	10000	0.2	779	2.4081993955832282e+17
0.5	10000	0.4	779	1524492226233295e3
1	1000	0.1	779	1820239861283650800
1	1000	0.2	779	1617508997663583200
1	1000	0.4	779	1155290739137049300
1	10000	0.1	779	1246160240900105500
1	10000	0.2	779	2085832397322454500
1	10000	0.4	779	1344150986510144300
2	1000	0.1	779	1654262285996241400
2	1000	0.2	779	1797650082113124900
2	1000	0.4	779	741699057305486600
2	10000	0.1	779	1011629526386636700
2	10000	0.2	779	3.0364182998631923e+17
2	10000	0.4	779	1186264259538766300
4	1000	0.1	779	2085727141188718600
4	1000	0.2	779	102731611262618260
4	1000	0.4	779	1030249349478483700
4	10000	0.1	779	1336968041704486700
4	10000	0.2	779	2176955985866381e3
4	10000	0.4	779	1400578806662146e3
0.5	1000	0.1	780	487808638759381800
0.5	1000	0.2	780	381889369332102660
0.5	1000	0.4	780	2003682739445669400
0.5	10000	0.1	780	691848701261435300
0.5	10000	0.2	780	1513019729102804200
0.5	10000	0.4	780	784231420141199200
1	1000	0.1	780	628997614498533500
1	1000	0.2	780	70907298852697496
1	1000	0.4	780	792034732234654100
1	10000	0.1	780	1443221605929160700
1	10000	0.2	780	577717639880954500
1	10000	0.4	780	327961267591213800
2	1000	0.1	780	1044011425154261500
2	1000	0.2	780	1620849900220710100
2	1000	0.4	780	113373401724115900
2	10000	0.1	780	1400054410675764200
2	10000	0.2	780	2008285284679142e3
2	10000	0.4	780	1817686387804792300
4	1000	0.1	780	2085070441093696300
4	1000	0.2	780	2016888668658988e3
4	1000	0.4	780	577327955190230500
4	10000	0.1	780	503513502777496200
4	10000	0.2	780	1826180607658173700
4	10000	0.4	780	1272744542605566700
0.5	1000	0.1	781	913917255324804700
0.5	1000	0.2	781	2086502472032876e3
0.5	1000	0.4	781	32285573665151044
0.5	10000	0.1	781	887487774862392700
0.5	10000	0.2	781	1011292072420892400
0.5	10000	0.4	781	1600087822105143e3
1	1000	0.1	781	430799488670977500
1	1000	0.2	781	2076331574465752e3
1	1000	0.4	781	1452836163232660700
1	10000	0.1	781	1376397849257817e3
1	10000	0.2	781	498026119615378700
1	10000	0.4	781	85296840004720720
2	1000	0.1	781	1987575729047149e3
2	1000	0.2	781	60540053933369030
2	1000	0.4	781	244121457155447420
2	10000	0.1	781	673192919055118600
2	10000	0.2	781	1792392680225852400
2	10000	0.4	781	2040734819256187e3
4	1000	0.1	781	1284178379264971500
4	1000	0.2	781	1984597396202599e3
4	1000	0.4	781	1320807396594746400
4	10000	0.1	781	791680193551058e3
4	10000	0.2	781	1432127907490556200
4	10000	0.4	781	670153733917211e3
0.5	1000	0.1	782	425219599506661500
0.5	1000	0.2	782	2120365294732403e3
0.5	1000	0.4	782	967531376132166800
0.5	10000	0.1	782	2164782847852385e3
0.5	10000	0.2	782	584680532569971e3
0.5	10000	0.4	782	2021686096985524200
1	1000	0.1	782	630827916001176400
1	1000	0.2	782	871303733618212900
1	1000	0.4	782	2040414873739609900
1	10000	0.1	782	363808894303552700
1	10000	0.2	782	2040207259281554e3
1	10000	0.4	782	2209859725479542300
2	1000	0.1	782	583180853758042900
2	1000	0.2	782	407863640705285300
2	1000	0.4	782	2117030853896051200
2	10000	0.1	782	1719924120078008300
2	10000	0.2	782	1341775439406897700
2	10000	0.4	782	1738941323632939e3
4	1000	0.1	782	1320401175119393800
4	1000	0.2	782	1366806908696140800
4	1000	0.4	782	119016718113235e4
4	10000	0.1	782	1428067908274435e3
4	10000	0.2	782	1183243561910088700
4	10000	0.4	782	1444951462207763200
0.5	1000	0.1	783	1542503620509196300
0.5	1000	0.2	783	786587502708303500
0.5	1000	0.4	783	621832390898045300
0.5	10000	0.1	783	388169922586959e3
0.5	10000	0.2	783	1594770013815588e3
0.5	10000	0.4	783	1257733540572571e3
1	1000	0.1	783	937494586457038600
1	1000	0.2	783	1742539746711311400
1	1000	0.4	783	1651325576735386e3
1	10000	0.1	783	197400609700925800
1	10000	0.2	783	1041653159542122400
1	10000	0.4	783	1785579273968605200
2	1000	0.1	783	83082925583270980
2	1000	0.2	783	935798667911798800
2	1000	0.4	783	1589171835447742500
2	10000	0.1	783	484269877786090750
2	10000	0.2	783	3.2753491182738003e+17
2	10000	0.4	783	396768908090181900
4	1000	0.1	783	8792472312789500
4	1000	0.2	783	1852858414947922200
4	1000	0.4	783	1315592346255415600
4	10000	0.1	783	669311119944603400
4	10000	0.2	783	1057949337240621800
4	10000	0.4	783	41375885899557600
0.5	1000	0.1	784	1741807934473173e3
0.5	1000	0.2	784	659782546507306400
0.5	1000	0.4	784	123563897832897900
0.5	10000	0.1	784	1164392583416984e3
0.5	10000	0.2	784	1994349732503203800
0.5	10000	0.4	784	1752268453766020900
1	1000	0.1	784	556853169500716600
1	1000	0.2	784	1360431017995513e3
1	1000	0.4	784	518465884748020800
1	10000	0.1	784	2204587314503211e3
1	10000	0.2	784	2165969067163275500
1	10000	0.4	784	413423648650374200
2	1000	0.1	784	2199856509540309500
2	1000	0.2	784	77767993402401250
2	1000	0.4	784	2017360476660228900
2	10000	0.1	784	1407906966546742300
2	10000	0.2	784	351278739458848700
2	10000	0.4	784	2192871685882485800
4	1000	0.1	784	49828634860920296
4	1000	0.2	784	2012608649008661500
4	1000	0.4	784	2024168917515702300
4	10000	0.1	784	961186808447299e3
4	10000	0.2	784	27143394047475920
4	10000	0.4	784	83698047401868192
0.5	1000	0.1	785	566797885411597e3
0.5	1000	0.2	785	1121045169102789e3
0.5	1000	0.4	785	1333844522851238100
0.5	10000	0.1	785	1648386593608143400
0.5	10000	0.2	785	580005554283106300
0.5	10000	0.4	785	889465415551983700
1	1000	0.1	785	1174752906514297300
1	1000	0.2	785	1759974584828710700
1	1000	0.4	785	373614128773341500
1	10000	0.1	785	1635819936575641600
1	10000	0.2	785	908288249951994200
1	10000	0.4	785	1017153068983472100
2	1000	0.1	785	724124607118468e3
2	1000	0.2	785	1490870979801112300
2	1000	0.4	785	1993692000037403e3
2	10000	0.1	785	413418693218936300
2	10000	0.2	785	1079652871141690100
2	10000	0.4	785	819561493983284600
4	1000	0.1	785	1987253493599645200
4	1000	0.2	785	584605040495873300
4	1000	0.4	785	1664637214270987300
4	10000	0.1	785	2061168844697548500
4	10000	0.2	785	1919406666544771600
4	10000	0.4	785	1869009754913167600
0.5	1000	0.1	786	1686493033535464700
0.5	1000	0.2	786	843303828964443500
0.5	1000	0.4	786	920739685039487700
0.5	10000	0.1	786	1659235736598123300
0.5	10000	0.2	786	194660141149612e4
0.5	10000	0.4	786	1527820790048747500
1	1000	0.1	786	2297009778503446800
1	1000	0.2	786	1640291609554562800
1	1000	0.4	786	1017627245298806300
1	10000	0.1	786	1549289575190319600
1	10000	0.2	786	1312621695755556900
1	10000	0.4	786	476111797316852200
2	1000	0.1	786	157859245794044e4
2	1000	0.2	786	1138207109321104e3
2	1000	0.4	786	1182097959025938400
2	10000	0.1	786	876746795384158e3
2	10000	0.2	786	1784786631909014500
2	10000	0.4	786	2138275241735882500
4	1000	0.1	786	886074508438575500
4	1000	0.2	786	69421980857289970
4	1000	0.4	786	1889537646466504e3
4	10000	0.1	786	1622745523047249400
4	10000	0.2	786	861832487850572400
4	10000	0.4	786	1169292011671217700
0.5	1000	0.1	787	198103898700993540
0.5	1000	0.2	787	145921249475903420
0.5	1000	0.4	787	2142634865953053200
0.5	10000	0.1	787	520775836339689400
0.5	10000	0.2	787	751045692155557400
0.5	10000	0.4	787	1207860659915566e3
1	1000	0.1	787	1320387735405042200
1	1000	0.2	787	3.5541172798539757e+17
1	1000	0.4	787	2188289941425866e3
1	10000	0.1	787	1443435495232338400
1	10000	0.2	787	2197997943883655400
1	10000	0.4	787	1308277080954208800
2	1000	0.1	787	2124277886612348400
2	1000	0.2	787	18020896945933632
2	1000	0.4	787	1398363542897926100
2	10000	0.1	787	2020326816719861800
2	10000	0.2	787	1178785648113669400
2	10000	0.4	787	1285774793023278300
4	1000	0.1	787	1919175654520113e3
4	1000	0.2	787	277861052155536740
4	1000	0.4	787	1315658335683047e3
4	10000	0.1	787	139466437471753360
4	10000	0.2	787	1572733743111136300
4	10000	0.4	787	1002485670329456600
0.5	1000	0.1	788	826573605126401800
0.5	1000	0.2	788	389075492590273660
0.5	1000	0.4	788	452953704943715e3
0.5	10000	0.1	788	1528607287826120200
0.5	10000	0.2	788	1308548757964684800
0.5	10000	0.4	788	1752824150340993300
1	1000	0.1	788	540766099814237060
1	1000	0.2	788	987654854530921600
1	1000	0.4	788	1814380348896548400
1	10000	0.1	788	1115886606073254100
1	10000	0.2	788	1491311197886668500
1	10000	0.4	788	1291861790162239e3
2	1000	0.1	788	17086939361471368
2	1000	0.2	788	2.0341326116604319e+18
2	1000	0.4	788	2218095679680234200
2	10000	0.1	788	234200394171671170
2	10000	0.2	788	143922036660648030
2	10000	0.4	788	1487924157952949800
4	1000	0.1	788	309343649648918500
4	1000	0.2	788	774254893235215400
4	1000	0.4	788	2053992390886884400
4	10000	0.1	788	199778772864661150
4	10000	0.2	788	6776350044913740
4	10000	0.4	788	1954330891538667500
0.5	1000	0.1	789	824591679654239700
0.5	1000	0.2	789	1158650140384935200
0.5	1000	0.4	789	1342489188704526800
0.5	10000	0.1	789	1985156211392407600
0.5	10000	0.2	789	509018147020542460
0.5	10000	0.4	789	1225522740910142e3
1	1000	0.1	789	1202238276944395300
1	1000	0.2	789	1606428808567166700
1	1000	0.4	789	2064293074635362300
1	10000	0.1	789	1243624582251569200
1	10000	0.2	789	205826614029862e4
1	10000	0.4	789	259195312880607360
2	1000	0.1	789	438019796714182e3
2	1000	0.2	789	786625212066838e3
2	1000	0.4	789	432266983764752e3
2	10000	0.1	789	502345269291956860
2	10000	0.2	789	161266594980392e3
2	10000	0.4	789	834730547024980500
4	1000	0.1	789	1680610661597954e3
4	1000	0.2	789	2205631245844063700
4	1000	0.4	789	2132087374309187e3
4	10000	0.1	789	863824081907003e3
4	10000	0.2	789	1412649589585521200
4	10000	0.4	789	1984762915103516700
0.5	1000	0.1	790	125295981776482e4
0.5	1000	0.2	790	720354894274697300
0.5	1000	0.4	790	1314760494627423200
0.5	10000	0.1	790	1299090963970450400
0.5	10000	0.2	790	1961575502410810400
0.5	10000	0.4	790	1430006320678387e3
1	1000	0.1	790	516324383303228540
1	1000	0.2	790	1828472428386927e3
1	1000	0.4	790	1579922743310732500
1	10000	0.1	790	1554169662288503300
1	10000	0.2	790	473190209023594200
1	10000	0.4	790	717419440584067600
2	1000	0.1	790	2223262277489930500
2	1000	0.2	790	612398991582014800
2	1000	0.4	790	1436823165091262e3
2	10000	0.1	790	303608112472948350
2	10000	0.2	790	1377561426374279700
2	10000	0.4	790	876545139430044e3
4	1000	0.1	790	2195106075326208500
4	1000	0.2	790	805571833308420100
4	1000	0.4	790	190096972878309e4
4	10000	0.1	790	922061899681882800
4	10000	0.2	790	912000190101939700
4	10000	0.4	790	959017572281608600
0.5	1000	0.1	791	2060181729063796700
0.5	1000	0.2	791	1945293321252296200
0.5	1000	0.4	791	998182277950809600
0.5	10000	0.1	791	2.0869615795433441e+18
0.5	10000	0.2	791	562184340115692800
0.5	10000	0.4	791	1171256893266763e3
1	1000	0.1	791	1005980453771203100
1	1000	0.2	791	1388242503563217e3
1	1000	0.4	791	2292376203112423400
1	10000	0.1	791	238120556048708640
1	10000	0.2	791	1653846552853639200
1	10000	0.4	791	1624378517377442600
2	1000	0.1	791	987512877072166900
2	1000	0.2	791	364736993220729700
2	1000	0.4	791	640749757015811100
2	10000	0.1	791	893735244973816300
2	10000	0.2	791	289779645557315500
2	10000	0.4	791	678032819521518700
4	1000	0.1	791	179781676048731550
4	1000	0.2	791	649763560039062800
4	1000	0.4	791	1572462059300330200
4	10000	0.1	791	79882784508530800
4	10000	0.2	791	1824592121589433300
4	10000	0.4	791	1809537385936586800
0.5	1000	0.1	792	1591980743719469800
0.5	1000	0.2	792	1934690795140768800
0.5	1000	0.4	792	1159443363693973500
0.5	10000	0.1	792	1973501208318798800
0.5	10000	0.2	792	803892929548756700
0.5	10000	0.4	792	125042713628274350
1	1000	0.1	792	637086951809087900
1	1000	0.2	792	441642389661689700
1	1000	0.4	792	991660642498029300
1	10000	0.1	792	93236994403188350
1	10000	0.2	792	2049559875021221400
1	10000	0.4	792	338285221383960450
2	1000	0.1	792	313281439643788700
2	1000	0.2	792	1917148483044199700
2	1000	0.4	792	1039736570640441100
2	10000	0.1	792	1695227127372264700
2	10000	0.2	792	473752201422152700
2	10000	0.4	792	86216758144696560
4	1000	0.1	792	591946464055496200
4	1000	0.2	792	1796398758267822300
4	1000	0.4	792	1162168021647353300
4	10000	0.1	792	1175715257121228300
4	10000	0.2	792	1997572153309125600
4	10000	0.4	792	1027626911106508200
0.5	1000	0.1	793	890367443430649200
0.5	1000	0.2	793	1897364833110875e3
0.5	1000	0.4	793	1803760791920555e3
0.5	10000	0.1	793	98814299483667170
0.5	10000	0.2	793	292026923584238800
0.5	10000	0.4	793	1151757951417350100
1	1000	0.1	793	809734548865726600
1	1000	0.2	793	242378526837753760
1	1000	0.4	793	84915437325342370
1	10000	0.1	793	1086911052023153800
1	10000	0.2	793	2231721211537933800
1	10000	0.4	793	2.6683860619818842e+17
2	1000	0.1	793	1264164874746658300
2	1000	0.2	793	559883511546846200
2	1000	0.4	793	702235046440439e3
2	10000	0.1	793	1045783143221606400
2	10000	0.2	793	1266690685055156500
2	10000	0.4	793	135234775439857180
4	1000	0.1	793	2235413367066571300
4	1000	0.2	793	1.2888115189189921e+18
4	1000	0.4	793	1986965692379171600
4	10000	0.1	793	713041081320371600
4	10000	0.2	793	105200044529970180
4	10000	0.4	793	1223665866812639500
0.5	1000	0.1	794	408912891817764200
0.5	1000	0.2	794	1460588660279355e3
0.5	1000	0.4	794	460331540122245950
0.5	10000	0.1	794	127912127602017220
0.5	10000	0.2	794	716539610481724700
0.5	10000	0.4	794	1946461163182871300
1	1000	0.1	794	749773938375523800
1	1000	0.2	794	890858776657969500
1	1000	0.4	794	320552588662881100
1	10000	0.1	794	1015248783980233600
1	10000	0.2	794	1403014559697287400
1	10000	0.4	794	737052038675879700
2	1000	0.1	794	1368448638394850800
2	1000	0.2	794	189821161967490400
2	1000	0.4	794	2090967923649567200
2	10000	0.1	794	245909751285714200
2	10000	0.2	794	939236464417218700
2	10000	0.4	794	1507188780937591e3
4	1000	0.1	794	962156567082717300
4	1000	0.2	794	1033162057040745600
4	1000	0.4	794	1681029693135446500
4	10000	0.1	794	1950295963446572800
4	10000	0.2	794	204549216156002460
4	10000	0.4	794	1.2796839149064479e+18
0.5	1000	0.1	795	1.5457116577458719e+18
0.5	1000	0.2	795	422637396049948540
0.5	1000	0.4	795	2017962375844664800
0.5	10000	0.1	795	1682126303593815300
0.5	10000	0.2	795	1600537575443339500
0.5	10000	0.4	795	973473521495119600
1	1000	0.1	795	529784248504077760
1	1000	0.2	795	1831482738364704e3
1	1000	0.4	795	1969869507646348800
1	10000	0.1	795	397918143087013500
1	10000	0.2	795	1055531532702030600
1	10000	0.4	795	2206621136117569500
2	1000	0.1	795	614660200558300400
2	1000	0.2	795	1932486680009304600
2	1000	0.4	795	2189559129189257e3
2	10000	0.1	795	911233023645850600
2	10000	0.2	795	1940040477057052e3
2	10000	0.4	795	1981418884708692e3
4	1000	0.1	795	163480636272950560
4	1000	0.2	795	2261123326090111700
4	1000	0.4	795	1190260388946833700
4	10000	0.1	795	1607483120338801200
4	10000	0.2	795	678152776680075600
4	10000	0.4	795	1831325568601594600
0.5	1000	0.1	796	303976077917063700
0.5	1000	0.2	796	2022255467374645500
0.5	1000	0.4	796	4.9422685738481197e+17
0.5	10000	0.1	796	811237341311725700
0.5	10000	0.2	796	1456114237883356e3
0.5	10000	0.4	796	2007274001463475700
1	1000	0.1	796	2295966026005982200
1	1000	0.2	796	993826387843896800
1	1000	0.4	796	585097854373838300
1	10000	0.1	796	675453626658909300
1	10000	0.2	796	524094212828403200
1	10000	0.4	796	1246239936833322200
2	1000	0.1	796	1196522091982195700
2	1000	0.2	796	1434576099665397e3
2	1000	0.4	796	722347811902472200
2	10000	0.1	796	701233886817597200
2	10000	0.2	796	1764582263798326e3
2	10000	0.4	796	1882876917119561700
4	1000	0.1	796	2098100183184429e3
4	1000	0.2	796	518673563794358600
4	1000	0.4	796	1686645446418771500
4	10000	0.1	796	1360183439697141200
4	10000	0.2	796	1198600268557650400
4	10000	0.4	796	841492815156959700
0.5	1000	0.1	797	851413426250885200
0.5	1000	0.2	797	2182630684137279e3
0.5	1000	0.4	797	2144700985403200500
0.5	10000	0.1	797	328755821253317760
0.5	10000	0.2	797	905509993813289100
0.5	10000	0.4	797	490329515673399300
1	1000	0.1	797	3.7257634653119597e+17
1	1000	0.2	797	855446265895522e3
1	1000	0.4	797	2060270838614370800
1	10000	0.1	797	1988984709996349e3
1	10000	0.2	797	1553881058305375200
1	10000	0.4	797	1231888666428241e3
2	1000	0.1	797	823617194878164700
2	1000	0.2	797	378952777115695040
2	1000	0.4	797	1319924497374132200
2	10000	0.1	797	1364211120134075e3
2	10000	0.2	797	1136205190847960400
2	10000	0.4	797	1685120683800885500
4	1000	0.1	797	1940505010669721e3
4	1000	0.2	797	1250247743956897500
4	1000	0.4	797	93010957445864050
4	10000	0.1	797	469165472076160600
4	10000	0.2	797	1684255004413630500
4	10000	0.4	797	1510576788129964800
0.5	1000	0.1	798	975011336635639400
0.5	1000	0.2	798	2068756204577213700
0.5	1000	0.4	798	1049167745706663600
0.5	10000	0.1	798	1415394546679840300
0.5	10000	0.2	798	1876232767431443200
0.5	10000	0.4	798	2080292096335528400
1	1000	0.1	798	228457757774969470
1	1000	0.2	798	1896733017175063e3
1	1000	0.4	798	175167762118829e4
1	10000	0.1	798	1158806216166493e3
1	10000	0.2	798	1763625915484439300
1	10000	0.4	798	883630913620508200
2	1000	0.1	798	958479666753373400
2	1000	0.2	798	1334794190110467600
2	1000	0.4	798	690529014411777e3
2	10000	0.1	798	361036350029263500
2	10000	0.2	798	1366228982159034600
2	10000	0.4	798	1168745256302852400
4	1000	0.1	798	1209672069617508900
4	1000	0.2	798	1630919711724374500
4	1000	0.4	798	1711655069729042e3
4	10000	0.1	798	648499155104249500
4	10000	0.2	798	1444476003350203e3
4	10000	0.4	798	35704420143956052
0.5	1000	0.1	799	1678796324686893600
0.5	1000	0.2	799	396234746481435100
0.5	1000	0.4	799	2223500688646039300
0.5	10000	0.1	799	2058478178553517e3
0.5	10000	0.2	799	2050303587930898400
0.5	10000	0.4	799	187978627445686460
1	1000	0.1	799	1277053331155265500
1	1000	0.2	799	74640881956884260
1	1000	0.4	799	487922816554156600
1	10000	0.1	799	2228305572963531800
1	10000	0.2	799	1283873800688419800
1	10000	0.4	799	326606244034165900
2	1000	0.1	799	953292323065973e3
2	1000	0.2	799	1.0075535961032241e+18
2	1000	0.4	799	1131785357330309600
2	10000	0.1	799	1554784594379505e3
2	10000	0.2	799	1466030531583221800
2	10000	0.4	799	724694426157020200
4	1000	0.1	799	1306666551539799600
4	1000	0.2	799	1108183481879581400
4	1000	0.4	799	860252373034906100
4	10000	0.1	799	1326588807635283e3
4	10000	0.2	799	2268863161993687e3
4	10000	0.4	799	1797084632128907500
0.5	1000	0.1	800	78056403126100030
0.5	1000	0.2	800	601627446276937600
0.5	1000	0.4	800	456314342867736960
0.5	10000	0.1	800	2057911593443102200
0.5	10000	0.2	800	2240608175455407400
0.5	10000	0.4	800	1648093865852661200
1	1000	0.1	800	692090298226167800
1	1000	0.2	800	25591075142309256
1	1000	0.4	800	1509679799638572800
1	10000	0.1	800	177658005095791e3
1	10000	0.2	800	1151911587733337700
1	10000	0.4	800	1525393065749291500
2	1000	0.1	800	1353575587810194200
2	1000	0.2	800	2014771331337827300
2	1000	0.4	800	1878037429412202e3
2	10000	0.1	800	2201187340848473900
2	10000	0.2	800	2192180123646473200
2	10000	0.4	800	1116494051771246200
4	1000	0.1	800	718238591507857e3
4	1000	0.2	800	311488189714318140
4	1000	0.4	800	501959603438366400
4	10000	0.1	800	996019188623933e3
4	10000	0.2	800	1384125843707256600
4	10000	0.4	800	921609562021412900
0.5	1000	0.1	801	135520938541241e4
0.5	1000	0.2	801	1648560200622054700
0.5	1000	0.4	801	1783186171651409400
0.5	10000	0.1	801	1226426886318951200
0.5	10000	0.2	801	293756366847058300
0.5	10000	0.4	801	1.6642169935342879e+18
1	1000	0.1	801	410760337254370900
1	1000	0.2	801	1975108783634791400
1	1000	0.4	801	2120655993167160800
1	10000	0.1	801	1363207410964024600
1	10000	0.2	801	1991466098385272300
1	10000	0.4	801	500727042963251300
2	1000	0.1	801	921816544890531100
2	1000	0.2	801	1426457109104815e3
2	1000	0.4	801	1517234668035155200
2	10000	0.1	801	269500240971550500
2	10000	0.2	801	2094547514909269e3
2	10000	0.4	801	1692427485642492400
4	1000	0.1	801	1998033592616766e3
4	1000	0.2	801	983544384794610300
4	1000	0.4	801	2273485484664801800
4	10000	0.1	801	1266221205202046700
4	10000	0.2	801	593931349923779700
4	10000	0.4	801	1675220176603648e3
0.5	1000	0.1	802	1769506591159007e3
0.5	1000	0.2	802	141126018260254050
0.5	1000	0.4	802	1827762070553067800
0.5	10000	0.1	802	1277768468901361700
0.5	10000	0.2	802	1790839415314259200
0.5	10000	0.4	802	2286761464082247400
1	1000	0.1	802	1608956865557570600
1	1000	0.2	802	1637139682165000700
1	1000	0.4	802	5.6747734449421043e+17
1	10000	0.1	802	1515820690374894e3
1	10000	0.2	802	239113161183733760
1	10000	0.4	802	2078130221114180600
2	1000	0.1	802	1216302231420354e3
2	1000	0.2	802	400462455674781100
2	1000	0.4	802	1170917159780505600
2	10000	0.1	802	146534539665022080
2	10000	0.2	802	1754822154587928e3
2	10000	0.4	802	135209957041002830
4	1000	0.1	802	256637173026971200
4	1000	0.2	802	737211472005933700
4	1000	0.4	802	930479123073954800
4	10000	0.1	802	1036627568982072300
4	10000	0.2	802	57102747815329950
4	10000	0.4	802	1323963216115780600
0.5	1000	0.1	803	574680091826127740
0.5	1000	0.2	803	1985913734950430700
0.5	1000	0.4	803	704472114596423800
0.5	10000	0.1	803	1700489342487880200
0.5	10000	0.2	803	781586054312039600
0.5	10000	0.4	803	1302063486739414500
1	1000	0.1	803	1748944649935231700
1	1000	0.2	803	2252923118391603700
1	1000	0.4	803	1098597800436830600
1	10000	0.1	803	500783940379164800
1	10000	0.2	803	155174416030548e4
1	10000	0.4	803	1979187088439557e3
2	1000	0.1	803	259948789173848060
2	1000	0.2	803	225245589446009e3
2	1000	0.4	803	316494738741552200
2	10000	0.1	803	1067081933558148500
2	10000	0.2	803	1329182034193477e3
2	10000	0.4	803	562550065740731100
4	1000	0.1	803	1395849047228619500
4	1000	0.2	803	31464462130221200
4	1000	0.4	803	1499557516747201300
4	10000	0.1	803	748280065499535e3
4	10000	0.2	803	1587970222513284e3
4	10000	0.4	803	1545671651456995300
0.5	1000	0.1	804	857788148827420700
0.5	1000	0.2	804	433690476356389e3
0.5	1000	0.4	804	688084442924406500
0.5	10000	0.1	804	500129507299979800
0.5	10000	0.2	804	836659942776702e3
0.5	10000	0.4	804	1716811413669696300
1	1000	0.1	804	395817880382690800
1	1000	0.2	804	178547983500123e4
1	1000	0.4	804	1626796592091315200
1	10000	0.1	804	762705588504892500
1	10000	0.2	804	1240929132068935200
1	10000	0.4	804	1938960146342835500
2	1000	0.1	804	1012382880750225700
2	1000	0.2	804	1838892847468488700
2	1000	0.4	804	1867965812770811100
2	10000	0.1	804	418879950924512260
2	10000	0.2	804	357107587166862500
2	10000	0.4	804	991131412409669400
4	1000	0.1	804	5.3227158802994003e+17
4	1000	0.2	804	1861398831534483500
4	1000	0.4	804	810285300379428e3
4	10000	0.1	804	493334981185147700
4	10000	0.2	804	1625945891414942700
4	10000	0.4	804	677823364228608900
0.5	1000	0.1	805	1.2938709759140319e+18
0.5	1000	0.2	805	1.8118450767291039e+18
0.5	1000	0.4	805	2130531931840963e3
0.5	10000	0.1	805	28430703893197292
0.5	10000	0.2	805	2043168865518686500
0.5	10000	0.4	805	144014452275046500
1	1000	0.1	805	7656723139840936
1	1000	0.2	805	1024258266840410600
1	1000	0.4	805	1695736357642526700
1	10000	0.1	805	1576371658117460200
1	10000	0.2	805	309563380502572800
1	10000	0.4	805	2268153183313556200
2	1000	0.1	805	1240125820088091600
2	1000	0.2	805	1161563195224945700
2	1000	0.4	805	2209470060608722400
2	10000	0.1	805	315118238334304700
2	10000	0.2	805	94455587511390910
2	10000	0.4	805	1305016129637186800
4	1000	0.1	805	1906479553352312600
4	1000	0.2	805	823593476827179100
4	1000	0.4	805	1.4742964793085802e+17
4	10000	0.1	805	804138693083331200
4	10000	0.2	805	1859536184343170300
4	10000	0.4	805	2299580446509243400
0.5	1000	0.1	806	685479152533347e3
0.5	1000	0.2	806	1445687439950867200
0.5	1000	0.4	806	1232866703499625200
0.5	10000	0.1	806	851874996787572e3
0.5	10000	0.2	806	1424266464343131e3
0.5	10000	0.4	806	1305168879035433500
1	1000	0.1	806	1538531415818405e3
1	1000	0.2	806	2293245215856599e3
1	1000	0.4	806	283344963497623230
1	10000	0.1	806	1587326119937691100
1	10000	0.2	806	1533874098353104400
1	10000	0.4	806	729045510965740300
2	1000	0.1	806	647039874391551700
2	1000	0.2	806	75209699285090910
2	1000	0.4	806	1031522422617712900
2	10000	0.1	806	1801247720283294500
2	10000	0.2	806	1784510994700405200
2	10000	0.4	806	1007697748629847800
4	1000	0.1	806	1208446771242406700
4	1000	0.2	806	98017564883237100
4	1000	0.4	806	1606167489328193500
4	10000	0.1	806	2085603806217219800
4	10000	0.2	806	241052718522548700
4	10000	0.4	806	531406979853035260
0.5	1000	0.1	807	1372587174699196400
0.5	1000	0.2	807	2217867408488354300
0.5	1000	0.4	807	1762298732425508900
0.5	10000	0.1	807	2234313021770069800
0.5	10000	0.2	807	587449094164813800
0.5	10000	0.4	807	51621076395353280
1	1000	0.1	807	427750525206934300
1	1000	0.2	807	444581001729931400
1	1000	0.4	807	316692714133104700
1	10000	0.1	807	1542248321218260700
1	10000	0.2	807	651191750905207600
1	10000	0.4	807	1122760788855097100
2	1000	0.1	807	2072332677079444500
2	1000	0.2	807	171628597267827520
2	1000	0.4	807	1682120201808643e3
2	10000	0.1	807	2279375986815217e3
2	10000	0.2	807	2041164435508774100
2	10000	0.4	807	490030068473267400
4	1000	0.1	807	1900015220383967200
4	1000	0.2	807	24755319575469916
4	1000	0.4	807	672164366842304600
4	10000	0.1	807	2234497399749795800
4	10000	0.2	807	1874976567531169300
4	10000	0.4	807	937351185510463100
0.5	1000	0.1	808	165411002192965730
0.5	1000	0.2	808	158560950491130100
0.5	1000	0.4	808	235979654685399800
0.5	10000	0.1	808	1365582725654133500
0.5	10000	0.2	808	1886861616902304e3
0.5	10000	0.4	808	1721976994671358e3
1	1000	0.1	808	850135115641081300
1	1000	0.2	808	413697595515410750
1	1000	0.4	808	441252993427598200
1	10000	0.1	808	1596572969856947700
1	10000	0.2	808	309646912870412350
1	10000	0.4	808	1967764657278605300
2	1000	0.1	808	1725680201035027200
2	1000	0.2	808	966240406442973200
2	1000	0.4	808	1380794222201476900
2	10000	0.1	808	451967775232620200
2	10000	0.2	808	171426442154193440
2	10000	0.4	808	3.9127388692615437e+17
4	1000	0.1	808	480012594322497200
4	1000	0.2	808	1156768504762815e3
4	1000	0.4	808	530237784905316100
4	10000	0.1	808	1527721493535148800
4	10000	0.2	808	932837799849446700
4	10000	0.4	808	390997847152691800
0.5	1000	0.1	809	107394224131713100
0.5	1000	0.2	809	772046317818213600
0.5	1000	0.4	809	3.4458744229480877e+17
0.5	10000	0.1	809	780575471148239400
0.5	10000	0.2	809	389701816567042100
0.5	10000	0.4	809	1593919335856145400
1	1000	0.1	809	1403076719319268e3
1	1000	0.2	809	1615628225584452600
1	1000	0.4	809	605131064712692500
1	10000	0.1	809	624843797676949900
1	10000	0.2	809	2019785974943028700
1	10000	0.4	809	286921926760264060
2	1000	0.1	809	1505868665109283300
2	1000	0.2	809	659239754575371600
2	1000	0.4	809	571705552109135600
2	10000	0.1	809	290045431165596900
2	10000	0.2	809	1214506487646689500
2	10000	0.4	809	442067106736201860
4	1000	0.1	809	599995933492647600
4	1000	0.2	809	930567053383648500
4	1000	0.4	809	2236784946680348700
4	10000	0.1	809	58869066275019680
4	10000	0.2	809	1050886694440023800
4	10000	0.4	809	681256349793852300
0.5	1000	0.1	810	1051320766227888e3
0.5	1000	0.2	810	1403315564685180200
0.5	1000	0.4	810	1166686525655175400
0.5	10000	0.1	810	550387723154986200
0.5	10000	0.2	810	732003384188018800
0.5	10000	0.4	810	711385448898063e3
1	1000	0.1	810	1766888511947437600
1	1000	0.2	810	1234461000141802800
1	1000	0.4	810	1733354231708246800
1	10000	0.1	810	652050164367228e3
1	10000	0.2	810	1136113123832701700
1	10000	0.4	810	358409574762206600
2	1000	0.1	810	498090855273429400
2	1000	0.2	810	929147861625878500
2	1000	0.4	810	1992565975238473700
2	10000	0.1	810	442281978692145500
2	10000	0.2	810	38279763087008130
2	10000	0.4	810	42838837198182290
4	1000	0.1	810	1728152692259209e3
4	1000	0.2	810	359038815341824600
4	1000	0.4	810	1017261933150591200
4	10000	0.1	810	123278666428034e4
4	10000	0.2	810	2008501664305599e3
4	10000	0.4	810	983169225068192800
0.5	1000	0.1	811	191668160617617400
0.5	1000	0.2	811	915700520392655600
0.5	1000	0.4	811	86825722734686300
0.5	10000	0.1	811	347185619420951400
0.5	10000	0.2	811	674197349416162300
0.5	10000	0.4	811	1331927248256092200
1	1000	0.1	811	1845464853954749400
1	1000	0.2	811	2064055585963894800
1	1000	0.4	811	2120202648187007700
1	10000	0.1	811	1340863598537725200
1	10000	0.2	811	265400259556779400
1	10000	0.4	811	1976219090818144800
2	1000	0.1	811	1766831844272101400
2	1000	0.2	811	2.6939873573594278e+17
2	1000	0.4	811	185064783655832480
2	10000	0.1	811	202727959632222980
2	10000	0.2	811	1165305395887293700
2	10000	0.4	811	1159606451569659e3
4	1000	0.1	811	1546448337940388e3
4	1000	0.2	811	1090608104738267900
4	1000	0.4	811	2187251853848043300
4	10000	0.1	811	871963557841439e3
4	10000	0.2	811	1829888752843641600
4	10000	0.4	811	1815672529105807600
0.5	1000	0.1	812	1719880804352548e3
0.5	1000	0.2	812	2007607090738282500
0.5	1000	0.4	812	434240826220778100
0.5	10000	0.1	812	686812173707842600
0.5	10000	0.2	812	1928190482520528600
0.5	10000	0.4	812	1069466948684510700
1	1000	0.1	812	696075059377725400
1	1000	0.2	812	149189269992563200
1	1000	0.4	812	1668944763301634800
1	10000	0.1	812	1776409834398738400
1	10000	0.2	812	2005451461295798300
1	10000	0.4	812	12530301141365534
2	1000	0.1	812	1256197321818617600
2	1000	0.2	812	2296358231377889e3
2	1000	0.4	812	766197809784986400
2	10000	0.1	812	118586460844912430
2	10000	0.2	812	121623455288458800
2	10000	0.4	812	2278964666868139500
4	1000	0.1	812	637067567624849400
4	1000	0.2	812	2040213523813756e3
4	1000	0.4	812	1452102912439260400
4	10000	0.1	812	1032941695853712500
4	10000	0.2	812	462191895167991360
4	10000	0.4	812	549998840430060800
0.5	1000	0.1	813	997559107090523100
0.5	1000	0.2	813	165429245137641e4
0.5	1000	0.4	813	2008022098766948e3
0.5	10000	0.1	813	593855997858322e3
0.5	10000	0.2	813	744934212588900200
0.5	10000	0.4	813	1580479345178600700
1	1000	0.1	813	173713177133160800
1	1000	0.2	813	2116600418066038800
1	1000	0.4	813	2217221328051485200
1	10000	0.1	813	3.6021014976445363e+17
1	10000	0.2	813	1414590154783125e3
1	10000	0.4	813	1169069161127114200
2	1000	0.1	813	322808251531487800
2	1000	0.2	813	1435828970652472800
2	1000	0.4	813	458586632246951740
2	10000	0.1	813	201863590631524160
2	10000	0.2	813	2191851682850349600
2	10000	0.4	813	483475432887341250
4	1000	0.1	813	591616862162603300
4	1000	0.2	813	542005886973945800
4	1000	0.4	813	1.0939360002916081e+18
4	10000	0.1	813	189431241521844770
4	10000	0.2	813	166740914084101730
4	10000	0.4	813	1290090533466713900
0.5	1000	0.1	814	588968186742067600
0.5	1000	0.2	814	706866149441206800
0.5	1000	0.4	814	1105479157844157400
0.5	10000	0.1	814	1315747374451189800
0.5	10000	0.2	814	1147749952250340100
0.5	10000	0.4	814	1788037500111892700
1	1000	0.1	814	39111871773756056
1	1000	0.2	814	1699122595796316400
1	1000	0.4	814	2154450939784228400
1	10000	0.1	814	2003825210611989800
1	10000	0.2	814	1728927811693531e3
1	10000	0.4	814	1408474197544921e3
2	1000	0.1	814	258993974977030530
2	1000	0.2	814	385936304939965250
2	1000	0.4	814	1818080939469734400
2	10000	0.1	814	999189091933631400
2	10000	0.2	814	281251173137054460
2	10000	0.4	814	916976734128228900
4	1000	0.1	814	713209040299469400
4	1000	0.2	814	906995672985451900
4	1000	0.4	814	2206215444395071500
4	10000	0.1	814	1335637511797627600
4	10000	0.2	814	1476280591554843600
4	10000	0.4	814	2.8149561983432362e+17
0.5	1000	0.1	815	1846237462734626300
0.5	1000	0.2	815	2175500727508415500
0.5	1000	0.4	815	428723059971565e3
0.5	10000	0.1	815	449234818005579840
0.5	10000	0.2	815	20644976142468160
0.5	10000	0.4	815	1279565357582849800
1	1000	0.1	815	1153037670300459e3
1	1000	0.2	815	582829933950979300
1	1000	0.4	815	2191368891203329500
1	10000	0.1	815	859042399416433800
1	10000	0.2	815	1558035610848773600
1	10000	0.4	815	448501685344973440
2	1000	0.1	815	1726758368564289500
2	1000	0.2	815	1472094492471796500
2	1000	0.4	815	2023018066564278300
2	10000	0.1	815	572986076399534e3
2	10000	0.2	815	900327814212990200
2	10000	0.4	815	453745180682431300
4	1000	0.1	815	1365865851930358e3
4	1000	0.2	815	178288268749237500
4	1000	0.4	815	422896571144339200
4	10000	0.1	815	1438711331661975600
4	10000	0.2	815	436126343192752450
4	10000	0.4	815	1234842203429583600
0.5	1000	0.1	816	1437817905109661400
0.5	1000	0.2	816	1841695570478285800
0.5	1000	0.4	816	913023991393129600
0.5	10000	0.1	816	2230722363653896200
0.5	10000	0.2	816	1979287671119171800
0.5	10000	0.4	816	1002195934688478200
1	1000	0.1	816	1158282585181571800
1	1000	0.2	816	1905142956738012e3
1	1000	0.4	816	337706111060626200
1	10000	0.1	816	470717109307279300
1	10000	0.2	816	73864188647756960
1	10000	0.4	816	677636545306148500
2	1000	0.1	816	914588678278716e3
2	1000	0.2	816	1325169957113397500
2	1000	0.4	816	124390318233126270
2	10000	0.1	816	964873644422631e3
2	10000	0.2	816	451740489067952060
2	10000	0.4	816	2.0272175389627039e+18
4	1000	0.1	816	2061686058001618400
4	1000	0.2	816	1520832269187817500
4	1000	0.4	816	1866296658637558800
4	10000	0.1	816	1615502621713416700
4	10000	0.2	816	2229661632077819100
4	10000	0.4	816	2019084932313472e3
0.5	1000	0.1	817	1351037925387254300
0.5	1000	0.2	817	915644863097704200
0.5	1000	0.4	817	1029271428502337800
0.5	10000	0.1	817	2290391201058107e3
0.5	10000	0.2	817	1255603383774821400
0.5	10000	0.4	817	1681315775065508e3
1	1000	0.1	817	214986164013520900
1	1000	0.2	817	836606364220543500
1	1000	0.4	817	1927117048132214800
1	10000	0.1	817	160646871853530600
1	10000	0.2	817	935604452660557800
1	10000	0.4	817	2062546740431598e3
2	1000	0.1	817	963479834812039600
2	1000	0.2	817	100669414791272350
2	1000	0.4	817	1710044762298597e3
2	10000	0.1	817	1233431183063938e3
2	10000	0.2	817	2241076549955521300
2	10000	0.4	817	149363243304634880
4	1000	0.1	817	2244940397914415e3
4	1000	0.2	817	1039232165712317400
4	1000	0.4	817	1131185195388145700
4	10000	0.1	817	2283198511527111400
4	10000	0.2	817	1115583916578707500
4	10000	0.4	817	1932904050321463300
0.5	1000	0.1	818	2092845960975084800
0.5	1000	0.2	818	1281298291931651e3
0.5	1000	0.4	818	127268664062625230
0.5	10000	0.1	818	1514289352251708400
0.5	10000	0.2	818	450088076731804740
0.5	10000	0.4	818	1033648110901391200
1	1000	0.1	818	1.1981488207143199e+18
1	1000	0.2	818	707316654165160800
1	1000	0.4	818	1813604515432812e3
1	10000	0.1	818	1942132770353177900
1	10000	0.2	818	1174394593740067800
1	10000	0.4	818	193424815784604930
2	1000	0.1	818	697538478504107500
2	1000	0.2	818	524144497332597060
2	1000	0.4	818	2205923450095637800
2	10000	0.1	818	1691030937867535e3
2	10000	0.2	818	1994512909466693e3
2	10000	0.4	818	1808704105029063700
4	1000	0.1	818	985121294807696300
4	1000	0.2	818	776483357086135200
4	1000	0.4	818	2142812157303655400
4	10000	0.1	818	1240205129157303e3
4	10000	0.2	818	96908091014528420
4	10000	0.4	818	1823640698518814500
0.5	1000	0.1	819	1637512512492499e3
0.5	1000	0.2	819	1116845144027060600
0.5	1000	0.4	819	66856575040880510
0.5	10000	0.1	819	1894718638121397200
0.5	10000	0.2	819	1964528820027233e3
0.5	10000	0.4	819	428980266375081700
1	1000	0.1	819	1404401307932178200
1	1000	0.2	819	986937598890742800
1	1000	0.4	819	590076678563348e3
1	10000	0.1	819	116945882199297310
1	10000	0.2	819	1784704242815197400
1	10000	0.4	819	129164198788316e4
2	1000	0.1	819	1566219874206914800
2	1000	0.2	819	1962651051286242800
2	1000	0.4	819	1520535969173445e3
2	10000	0.1	819	132384734037636e4
2	10000	0.2	819	471328353580103300
2	10000	0.4	819	259115370254592200
4	1000	0.1	819	1259310812382354400
4	1000	0.2	819	617763694511059100
4	1000	0.4	819	2096788670404907e3
4	10000	0.1	819	700575694310675600
4	10000	0.2	819	1878710809462411500
4	10000	0.4	819	517215993029622100
0.5	1000	0.1	820	1231917531212313900
0.5	1000	0.2	820	6.1298573117231206e+17
0.5	1000	0.4	820	1219569444232292900
0.5	10000	0.1	820	1540270070694029800
0.5	10000	0.2	820	1921189481972396e3
0.5	10000	0.4	820	1929402041701610500
1	1000	0.1	820	1050388086291325700
1	1000	0.2	820	640766146084982700
1	1000	0.4	820	1605493411804955600
1	10000	0.1	820	996775767321823100
1	10000	0.2	820	816870457048424200
1	10000	0.4	820	419657613252994e3
2	1000	0.1	820	2135888775811045e3
2	1000	0.2	820	1925974298847544800
2	1000	0.4	820	1.3533947640905121e+18
2	10000	0.1	820	892973412775346800
2	10000	0.2	820	136109653654642690
2	10000	0.4	820	1854951931785457700
4	1000	0.1	820	100494857230967620
4	1000	0.2	820	996417188810128400
4	1000	0.4	820	556229122440915700
4	10000	0.1	820	2009871502247317e3
4	10000	0.2	820	1193944971945665e3
4	10000	0.4	820	1809216146278675500
0.5	1000	0.1	821	972973865463187500
0.5	1000	0.2	821	1889178432904895e3
0.5	1000	0.4	821	186543558006648860
0.5	10000	0.1	821	2027339839928140500
0.5	10000	0.2	821	315207130853758900
0.5	10000	0.4	821	1365373617713771800
1	1000	0.1	821	2120265000664596500
1	1000	0.2	821	1070719901065857900
1	1000	0.4	821	778474562546709800
1	10000	0.1	821	1333289256136544800
1	10000	0.2	821	233213445488178050
1	10000	0.4	821	261712973082933570
2	1000	0.1	821	56104869349007496
2	1000	0.2	821	2.0954969950816481e+18
2	1000	0.4	821	1895530228603483e3
2	10000	0.1	821	296244160915119550
2	10000	0.2	821	1123556112998337500
2	10000	0.4	821	2001632902450204200
4	1000	0.1	821	518096898803046500
4	1000	0.2	821	188250624910093060
4	1000	0.4	821	1974687945734415400
4	10000	0.1	821	696057563042166e3
4	10000	0.2	821	1061729427728805600
4	10000	0.4	821	1888350759379309600
0.5	1000	0.1	822	1686524192892493e3
0.5	1000	0.2	822	916256011506884100
0.5	1000	0.4	822	1676361020398211e3
0.5	10000	0.1	822	1235523798889509e3
0.5	10000	0.2	822	692556636598736800
0.5	10000	0.4	822	1.6367568673104799e+18
1	1000	0.1	822	594239326480183400
1	1000	0.2	822	639465021065962900
1	1000	0.4	822	64260089837717344
1	10000	0.1	822	1260446286813446100
1	10000	0.2	822	2104782479359715300
1	10000	0.4	822	598340852032764e3
2	1000	0.1	822	2176783808280603100
2	1000	0.2	822	2267277263888043500
2	1000	0.4	822	1341922477140085200
2	10000	0.1	822	705919833294524400
2	10000	0.2	822	74765400310495100
2	10000	0.4	822	1139141157199095800
4	1000	0.1	822	62651635722064760
4	1000	0.2	822	1316051898353886200
4	1000	0.4	822	616286906034071400
4	10000	0.1	822	189868419116123800
4	10000	0.2	822	858777490985026200
4	10000	0.4	822	55668081070726570
0.5	1000	0.1	823	2206166566053190100
0.5	1000	0.2	823	1912107502771805700
0.5	1000	0.4	823	1015007800539636e3
0.5	10000	0.1	823	1608170551133162200
0.5	10000	0.2	823	1747114294043409700
0.5	10000	0.4	823	1243001205337209600
1	1000	0.1	823	379051360261508100
1	1000	0.2	823	1425498698469634300
1	1000	0.4	823	2129477526752113200
1	10000	0.1	823	1361906320168756500
1	10000	0.2	823	1067714775771831800
1	10000	0.4	823	2020963720304664600
2	1000	0.1	823	779830648594159500
2	1000	0.2	823	1184457790732789200
2	1000	0.4	823	67883039861577256
2	10000	0.1	823	866211095036515500
2	10000	0.2	823	40356495279420890
2	10000	0.4	823	1710415898188195600
4	1000	0.1	823	1987635863493026800
4	1000	0.2	823	361695804006288e3
4	1000	0.4	823	947030127226261200
4	10000	0.1	823	2099758715584586500
4	10000	0.2	823	527754622360855700
4	10000	0.4	823	1363029563454017e3
0.5	1000	0.1	824	122861513524103300
0.5	1000	0.2	824	13486168848406420
0.5	1000	0.4	824	270335667195900860
0.5	10000	0.1	824	815639907983663200
0.5	10000	0.2	824	2023759931441937e3
0.5	10000	0.4	824	703012122421471200
1	1000	0.1	824	1227389770508776e3
1	1000	0.2	824	1419908935778923e3
1	1000	0.4	824	1438223410221439500
1	10000	0.1	824	780455981816088400
1	10000	0.2	824	1213934457173601e3
1	10000	0.4	824	1188583495961896e3
2	1000	0.1	824	499534011619703800
2	1000	0.2	824	2114626902863558100
2	1000	0.4	824	539655505168700600
2	10000	0.1	824	1964338058167690500
2	10000	0.2	824	2116868248529567200
2	10000	0.4	824	1971617457151128e3
4	1000	0.1	824	1511808434056399400
4	1000	0.2	824	1704203377208801300
4	1000	0.4	824	1209207330299330300
4	10000	0.1	824	1842600982542884400
4	10000	0.2	824	414715331852819460
4	10000	0.4	824	965460608258576e3
0.5	1000	0.1	825	2120819555384869e3
0.5	1000	0.2	825	297621326063415600
0.5	1000	0.4	825	1771811925765529300
0.5	10000	0.1	825	786691285357364400
0.5	10000	0.2	825	1508117915736394500
0.5	10000	0.4	825	598785680809931500
1	1000	0.1	825	2060151663762869200
1	1000	0.2	825	87888202942000640
1	1000	0.4	825	619047070310205800
1	10000	0.1	825	158017261405073e4
1	10000	0.2	825	800517995357818400
1	10000	0.4	825	1483049260123801900
2	1000	0.1	825	2293654489638326300
2	1000	0.2	825	1239400207230478300
2	1000	0.4	825	2209168050328033300
2	10000	0.1	825	1230456358896694e3
2	10000	0.2	825	895424707635335e3
2	10000	0.4	825	909358657365235600
4	1000	0.1	825	615063523292214e3
4	1000	0.2	825	2274396339507495700
4	1000	0.4	825	1683557968813588200
4	10000	0.1	825	699610821425013100
4	10000	0.2	825	1716406695589153500
4	10000	0.4	825	2235230989654461e3
0.5	1000	0.1	826	1433053657943574e3
0.5	1000	0.2	826	2136866526317729e3
0.5	1000	0.4	826	1192150092849846500
0.5	10000	0.1	826	1272844502461194800
0.5	10000	0.2	826	2220464434315250200
0.5	10000	0.4	826	930076342014987800
1	1000	0.1	826	2020950520352738800
1	1000	0.2	826	484066048875236400
1	1000	0.4	826	1082441265926125600
1	10000	0.1	826	2178755038354361900
1	10000	0.2	826	641302828963358300
1	10000	0.4	826	1506165189178672600
2	1000	0.1	826	1861118305311796700
2	1000	0.2	826	1555551256331235800
2	1000	0.4	826	1690524613001266200
2	10000	0.1	826	216622492133951800
2	10000	0.2	826	110709450250864690
2	10000	0.4	826	1497255122556796e3
4	1000	0.1	826	169902162016459970
4	1000	0.2	826	1130155845188708500
4	1000	0.4	826	879503831121406200
4	10000	0.1	826	1761998034440693800
4	10000	0.2	826	1246708833401677e3
4	10000	0.4	826	1921735390629699600
0.5	1000	0.1	827	2171775858308368600
0.5	1000	0.2	827	205536758594951e3
0.5	1000	0.4	827	532474260715217200
0.5	10000	0.1	827	1237071525677581800
0.5	10000	0.2	827	1314692495908717e3
0.5	10000	0.4	827	784137661138011300
1	1000	0.1	827	2237992183413952500
1	1000	0.2	827	2229322282062246e3
1	1000	0.4	827	1632304977611063300
1	10000	0.1	827	759572863219286800
1	10000	0.2	827	14196574876312920
1	10000	0.4	827	1895564371690327e3
2	1000	0.1	827	1752374124145908500
2	1000	0.2	827	1303015851503989500
2	1000	0.4	827	803538860921783700
2	10000	0.1	827	1419015464255411500
2	10000	0.2	827	1182350565430414800
2	10000	0.4	827	3.2104021737074317e+17
4	1000	0.1	827	1926028593089313300
4	1000	0.2	827	1513417413526212600
4	1000	0.4	827	1187235089702227e3
4	10000	0.1	827	2084970092249252900
4	10000	0.2	827	5.4661660194751757e+17
4	10000	0.4	827	543967089522151800
0.5	1000	0.1	828	1908815862359326200
0.5	1000	0.2	828	1.2518407855243039e+18
0.5	1000	0.4	828	2204382314990379300
0.5	10000	0.1	828	2594730230647043
0.5	10000	0.2	828	99574446939246850
0.5	10000	0.4	828	2017555986440025900
1	1000	0.1	828	1258341480152374800
1	1000	0.2	828	296776445321220500
1	1000	0.4	828	37271405088015230
1	10000	0.1	828	2012576716665096700
1	10000	0.2	828	1444894568437817900
1	10000	0.4	828	599414669881231400
2	1000	0.1	828	528942074274725900
2	1000	0.2	828	1873749198996070400
2	1000	0.4	828	1169574383472078600
2	10000	0.1	828	2264259315572561e3
2	10000	0.2	828	239635938980147e3
2	10000	0.4	828	2127605469741494e3
4	1000	0.1	828	1330167197000493e3
4	1000	0.2	828	1178103359697593600
4	1000	0.4	828	1831538090202569200
4	10000	0.1	828	2020579118988258600
4	10000	0.2	828	176952180879554e4
4	10000	0.4	828	1365505215628938500
0.5	1000	0.1	829	2293027030231034400
0.5	1000	0.2	829	165771873532508e4
0.5	1000	0.4	829	1210463586806421500
0.5	10000	0.1	829	1479436688310740500
0.5	10000	0.2	829	376740655914453200
0.5	10000	0.4	829	116769409871384700
1	1000	0.1	829	114643745191528800
1	1000	0.2	829	2155753640314885400
1	1000	0.4	829	1152044249288788500
1	10000	0.1	829	1901412129803988200
1	10000	0.2	829	1649260187470105300
1	10000	0.4	829	536679241737132540
2	1000	0.1	829	153875068478324e4
2	1000	0.2	829	1720143971346430700
2	1000	0.4	829	1441818779871017e3
2	10000	0.1	829	2144560115139982800
2	10000	0.2	829	137278781834826080
2	10000	0.4	829	531574933373996540
4	1000	0.1	829	62105941357516776
4	1000	0.2	829	4.9210904385315283e+17
4	1000	0.4	829	227838224248181e4
4	10000	0.1	829	19621825016841600
4	10000	0.2	829	6.1330369053154394e+17
4	10000	0.4	829	2177103673655375600
0.5	1000	0.1	830	1979655038315095600
0.5	1000	0.2	830	1508988088629131800
0.5	1000	0.4	830	123670459270798060
0.5	10000	0.1	830	1250643858222986e3
0.5	10000	0.2	830	758704355249905400
0.5	10000	0.4	830	1947133294255839e3
1	1000	0.1	830	901831396396671e3
1	1000	0.2	830	1648460918511880200
1	1000	0.4	830	889105085963571100
1	10000	0.1	830	1898625776003488300
1	10000	0.2	830	1179766965918586400
1	10000	0.4	830	225624595866456500
2	1000	0.1	830	3753561007155049
2	1000	0.2	830	1706680970990022700
2	1000	0.4	830	1933399574425537500
2	10000	0.1	830	790211461328479900
2	10000	0.2	830	1742518069043108900
2	10000	0.4	830	1128368914539607e3
4	1000	0.1	830	468027746388581440
4	1000	0.2	830	1190156436235588600
4	1000	0.4	830	369863389234333700
4	10000	0.1	830	1129908101433971e3
4	10000	0.2	830	316775787853571700
4	10000	0.4	830	215708428911259460
0.5	1000	0.1	831	276374086319214270
0.5	1000	0.2	831	1699558382516317200
0.5	1000	0.4	831	1095032067219595600
0.5	10000	0.1	831	533983188313133400
0.5	10000	0.2	831	1045100407366062800
0.5	10000	0.4	831	1166132368713918e3
1	1000	0.1	831	2178572805976694800
1	1000	0.2	831	771405560996408200
1	1000	0.4	831	897276783497137900
1	10000	0.1	831	18284681443736412
1	10000	0.2	831	736035123240429700
1	10000	0.4	831	952801135149516800
2	1000	0.1	831	1326224046209522400
2	1000	0.2	831	681699164892953600
2	1000	0.4	831	1407989822786950400
2	10000	0.1	831	350982790443056600
2	10000	0.2	831	1762941661180421e3
2	10000	0.4	831	758992557373474700
4	1000	0.1	831	2269232242345589200
4	1000	0.2	831	207675149972416e4
4	1000	0.4	831	615913705353108400
4	10000	0.1	831	983664754281947500
4	10000	0.2	831	597489856767206700
4	10000	0.4	831	1939956413373335300
0.5	1000	0.1	832	2015391034910269400
0.5	1000	0.2	832	2119279677290357800
0.5	1000	0.4	832	924419687130631200
0.5	10000	0.1	832	743678502460436e3
0.5	10000	0.2	832	339595025308809900
0.5	10000	0.4	832	1422630604082204700
1	1000	0.1	832	964175171380554400
1	1000	0.2	832	1712957248919558100
1	1000	0.4	832	799144669552433e3
1	10000	0.1	832	1450158289649893e3
1	10000	0.2	832	1330316102906184e3
1	10000	0.4	832	2088752446922082800
2	1000	0.1	832	1294046493191603e3
2	1000	0.2	832	2261362137510872e3
2	1000	0.4	832	2059563322573496e3
2	10000	0.1	832	146333538785362940
2	10000	0.2	832	636757100723198100
2	10000	0.4	832	1373889443040269e3
4	1000	0.1	832	1567493003006005200
4	1000	0.2	832	456076340576175040
4	1000	0.4	832	1354819621284757800
4	10000	0.1	832	2227574831201988600
4	10000	0.2	832	1160904425702559200
4	10000	0.4	832	480753599850178050
0.5	1000	0.1	833	1710464205982059e3
0.5	1000	0.2	833	70728037196769344
0.5	1000	0.4	833	343013473532398200
0.5	10000	0.1	833	1291471625841422300
0.5	10000	0.2	833	1865393452162222e3
0.5	10000	0.4	833	5.6728702722789043e+17
1	1000	0.1	833	2201512353132434200
1	1000	0.2	833	539848889873485950
1	1000	0.4	833	836367294315455e3
1	10000	0.1	833	623941737328502900
1	10000	0.2	833	718628010638318800
1	10000	0.4	833	1095527524389882600
2	1000	0.1	833	115415059008845470
2	1000	0.2	833	719208098378193800
2	1000	0.4	833	691821811744566800
2	10000	0.1	833	1154522185203987500
2	10000	0.2	833	504006906128481e3
2	10000	0.4	833	1367183394365135e3
4	1000	0.1	833	117758162843285e4
4	1000	0.2	833	78731221005490992
4	1000	0.4	833	1484129986710976500
4	10000	0.1	833	905491249831735e3
4	10000	0.2	833	1101367079711351600
4	10000	0.4	833	2086161766691133400
0.5	1000	0.1	834	387811446001869500
0.5	1000	0.2	834	1006113277699310800
0.5	1000	0.4	834	603158700926473600
0.5	10000	0.1	834	1376361313875574e3
0.5	10000	0.2	834	1390258201227950600
0.5	10000	0.4	834	1780527460463961900
1	1000	0.1	834	1420821031833277e3
1	1000	0.2	834	1796999447221703700
1	1000	0.4	834	1251004292111694800
1	10000	0.1	834	1862795189662884900
1	10000	0.2	834	2158113892585916200
1	10000	0.4	834	1832761166076979e3
2	1000	0.1	834	1672652741551079e3
2	1000	0.2	834	1531248367304463e3
2	1000	0.4	834	779967797156748400
2	10000	0.1	834	1087972970399392800
2	10000	0.2	834	2119615693786517e3
2	10000	0.4	834	1659512103504697600
4	1000	0.1	834	519389497779521400
4	1000	0.2	834	1758712609375475500
4	1000	0.4	834	1491481224583992800
4	10000	0.1	834	1347393816689691600
4	10000	0.2	834	891566525308228200
4	10000	0.4	834	1392556100589662200
0.5	1000	0.1	835	1779341274007347500
0.5	1000	0.2	835	790922900435063200
0.5	1000	0.4	835	1235445317807480300
0.5	10000	0.1	835	591582867628487400
0.5	10000	0.2	835	1882156777089026e3
0.5	10000	0.4	835	2102886346986386400
1	1000	0.1	835	308724227307069700
1	1000	0.2	835	225735477801815170
1	1000	0.4	835	105795331298422740
1	10000	0.1	835	243634966328360060
1	10000	0.2	835	2203417127704294700
1	10000	0.4	835	1178290407518113300
2	1000	0.1	835	2289509345931529200
2	1000	0.2	835	1700260402466304300
2	1000	0.4	835	388648125803074050
2	10000	0.1	835	511203625213896200
2	10000	0.2	835	630514378788997e3
2	10000	0.4	835	1150691775473009200
4	1000	0.1	835	1477991465033225200
4	1000	0.2	835	553306224769769900
4	1000	0.4	835	831552532163937200
4	10000	0.1	835	780807580433061e3
4	10000	0.2	835	1351517803405821400
4	10000	0.4	835	2047214701973526800
0.5	1000	0.1	836	2140595344727587800
0.5	1000	0.2	836	607450534146847900
0.5	1000	0.4	836	1982057489223257900
0.5	10000	0.1	836	61434440495603970
0.5	10000	0.2	836	592374290034686300
0.5	10000	0.4	836	959899122972703500
1	1000	0.1	836	935892655352403e3
1	1000	0.2	836	1039496250715614800
1	1000	0.4	836	1972955163011830800
1	10000	0.1	836	243366179770199230
1	10000	0.2	836	1253732197222571800
1	10000	0.4	836	1844249008464486e3
2	1000	0.1	836	362940234291196860
2	1000	0.2	836	687671198112868200
2	1000	0.4	836	37101120456850744
2	10000	0.1	836	136038394645031730
2	10000	0.2	836	790299501103906400
2	10000	0.4	836	469113321885801300
4	1000	0.1	836	2209826063636379600
4	1000	0.2	836	468944015208379260
4	1000	0.4	836	1565554005093336300
4	10000	0.1	836	889575916378630300
4	10000	0.2	836	1456342091672138800
4	10000	0.4	836	292486524478416100
0.5	1000	0.1	837	1424370652912032e3
0.5	1000	0.2	837	2048422408795553300
0.5	1000	0.4	837	2047427955877354200
0.5	10000	0.1	837	797947563508563e3
0.5	10000	0.2	837	798657166140340900
0.5	10000	0.4	837	1380950530173204e3
1	1000	0.1	837	1909687596689479200
1	1000	0.2	837	115162513341786660
1	1000	0.4	837	1295293499381000700
1	10000	0.1	837	608360481774982500
1	10000	0.2	837	1176140325830290400
1	10000	0.4	837	585119362630454400
2	1000	0.1	837	574108480606028350
2	1000	0.2	837	1174612877460377300
2	1000	0.4	837	1425087611109186e3
2	10000	0.1	837	595486414766011900
2	10000	0.2	837	1175235743890702e3
2	10000	0.4	837	636380625761395800
4	1000	0.1	837	914010401377518500
4	1000	0.2	837	478662704131809600
4	1000	0.4	837	806875957884908500
4	10000	0.1	837	2033802176685472800
4	10000	0.2	837	273357091307702340
4	10000	0.4	837	2251325464068921900
0.5	1000	0.1	838	880353235307711700
0.5	1000	0.2	838	190747613525254140
0.5	1000	0.4	838	1150858027650826900
0.5	10000	0.1	838	1466977022814425900
0.5	10000	0.2	838	2295297016108164600
0.5	10000	0.4	838	740904916386375800
1	1000	0.1	838	63370737655503264
1	1000	0.2	838	1220317334555851500
1	1000	0.4	838	1041137954526661600
1	10000	0.1	838	862621785087547500
1	10000	0.2	838	1880271489460376600
1	10000	0.4	838	161073747432424060
2	1000	0.1	838	1383585213761727700
2	1000	0.2	838	2095728994364963800
2	1000	0.4	838	1678447289907910100
2	10000	0.1	838	1679044278105528300
2	10000	0.2	838	192528090262764450
2	10000	0.4	838	2232326217100985900
4	1000	0.1	838	46719833612457904
4	1000	0.2	838	525450126220818500
4	1000	0.4	838	967230932497135700
4	10000	0.1	838	1612549109693653800
4	10000	0.2	838	753488821109466500
4	10000	0.4	838	1764861262629307400
0.5	1000	0.1	839	801629252553681500
0.5	1000	0.2	839	2008819203445217500
0.5	1000	0.4	839	620912022420325500
0.5	10000	0.1	839	1598462149819901700
0.5	10000	0.2	839	970507223903579800
0.5	10000	0.4	839	1455376494892173e3
1	1000	0.1	839	1.5760702188179681e+18
1	1000	0.2	839	1242816946281419800
1	1000	0.4	839	702614714010800400
1	10000	0.1	839	1338564122550201300
1	10000	0.2	839	1885384955317431300
1	10000	0.4	839	2292433051776269800
2	1000	0.1	839	1205643788431550500
2	1000	0.2	839	163807919060813920
2	1000	0.4	839	357514985437330600
2	10000	0.1	839	1470765752801011e3
2	10000	0.2	839	1755977137421821200
2	10000	0.4	839	1920354956240625200
4	1000	0.1	839	877891001457360100
4	1000	0.2	839	371078557651417660
4	1000	0.4	839	1981789823194238700
4	10000	0.1	839	2266690849149517800
4	10000	0.2	839	874528157788463500
4	10000	0.4	839	2298229668174423600
0.5	1000	0.1	840	2182324824863579100
0.5	1000	0.2	840	1711395917431176700
0.5	1000	0.4	840	511771164860624260
0.5	10000	0.1	840	3.0067330619015283e+17
0.5	10000	0.2	840	646169309594463400
0.5	10000	0.4	840	1698406272441563600
1	1000	0.1	840	82708274765122080
1	1000	0.2	840	1191516111276254500
1	1000	0.4	840	819304521841223400
1	10000	0.1	840	149852017895006e4
1	10000	0.2	840	2209053060694688300
1	10000	0.4	840	529002597073606460
2	1000	0.1	840	1744866789254299100
2	1000	0.2	840	899122114525701800
2	1000	0.4	840	7759208546327523
2	10000	0.1	840	1764241475817674500
2	10000	0.2	840	270629415913794180
2	10000	0.4	840	1380609795096837400
4	1000	0.1	840	1022044964232874e3
4	1000	0.2	840	190985004148587e4
4	1000	0.4	840	868927570246720600
4	10000	0.1	840	1674978797661740500
4	10000	0.2	840	501116309319936450
4	10000	0.4	840	1935793382229901e3
0.5	1000	0.1	841	47439037443944664
0.5	1000	0.2	841	1960096538678497500
0.5	1000	0.4	841	1760537757734840600
0.5	10000	0.1	841	1296093895127346200
0.5	10000	0.2	841	1920335527772122600
0.5	10000	0.4	841	1436504652600529200
1	1000	0.1	841	444566896756787700
1	1000	0.2	841	1325989622742561500
1	1000	0.4	841	2224874684371090400
1	10000	0.1	841	849094960501783e3
1	10000	0.2	841	1748945785411897900
1	10000	0.4	841	4.6527383442426963e+17
2	1000	0.1	841	2.2717485145065722e+17
2	1000	0.2	841	461595692419790100
2	1000	0.4	841	2031450814698427100
2	10000	0.1	841	1589048647360510500
2	10000	0.2	841	872930582305318800
2	10000	0.4	841	1338275789986041900
4	1000	0.1	841	757051976658633500
4	1000	0.2	841	1521923499677616600
4	1000	0.4	841	1227563192392525e3
4	10000	0.1	841	161363925180151e4
4	10000	0.2	841	158837061959410560
4	10000	0.4	841	2274069662230245400
0.5	1000	0.1	842	1655995844140388400
0.5	1000	0.2	842	2091825734232909300
0.5	1000	0.4	842	304134393707789e3
0.5	10000	0.1	842	1266581629330808e3
0.5	10000	0.2	842	718777275173524100
0.5	10000	0.4	842	2301044147124659700
1	1000	0.1	842	2284536120682386400
1	1000	0.2	842	1958977178722356700
1	1000	0.4	842	1294879749763821800
1	10000	0.1	842	1350176364989118500
1	10000	0.2	842	2106086761751851e3
1	10000	0.4	842	984845604034890600
2	1000	0.1	842	828789153509790500
2	1000	0.2	842	1909541591656718800
2	1000	0.4	842	274990041882956100
2	10000	0.1	842	1423803437912611300
2	10000	0.2	842	761450592054632200
2	10000	0.4	842	1410529859012666600
4	1000	0.1	842	1274694942803525e3
4	1000	0.2	842	581198868389739600
4	1000	0.4	842	1418200344447659e3
4	10000	0.1	842	162457749531040500
4	10000	0.2	842	1904243778369813
4	10000	0.4	842	283041544710953760
0.5	1000	0.1	843	1932668127617226200
0.5	1000	0.2	843	963169316247523500
0.5	1000	0.4	843	1975363194705595400
0.5	10000	0.1	843	2167847094344686300
0.5	10000	0.2	843	1162552193229579800
0.5	10000	0.4	843	2193448884621268700
1	1000	0.1	843	617365304218562400
1	1000	0.2	843	1768489913297331200
1	1000	0.4	843	2232453140266631400
1	10000	0.1	843	1926555964274312700
1	10000	0.2	843	422609000121100540
1	10000	0.4	843	1081477727669942300
2	1000	0.1	843	54893171008829590
2	1000	0.2	843	1646277458897752e3
2	1000	0.4	843	1744733695464167700
2	10000	0.1	843	5.0769403961979917e+17
2	10000	0.2	843	148611045689662340
2	10000	0.4	843	1531623757544478700
4	1000	0.1	843	545397549519160600
4	1000	0.2	843	1128099678200092200
4	1000	0.4	843	1303670413745589200
4	10000	0.1	843	644822771502995e3
4	10000	0.2	843	123778796429689020
4	10000	0.4	843	2001489443463751400
0.5	1000	0.1	844	870671469613492600
0.5	1000	0.2	844	1789405825876299500
0.5	1000	0.4	844	1839176276964406300
0.5	10000	0.1	844	2266786946377966e3
0.5	10000	0.2	844	2116610901640836e3
0.5	10000	0.4	844	971038954764139800
1	1000	0.1	844	780719508103870300
1	1000	0.2	844	1136864023571102500
1	1000	0.4	844	2001169279468362e3
1	10000	0.1	844	281671561606743780
1	10000	0.2	844	1747227558572254700
1	10000	0.4	844	1406502132018441200
2	1000	0.1	844	941999768550811100
2	1000	0.2	844	1992556224240074e3
2	1000	0.4	844	2075527218974765600
2	10000	0.1	844	673024766545072e3
2	10000	0.2	844	805499776718290700
2	10000	0.4	844	4282859699459243
4	1000	0.1	844	1786568219846429200
4	1000	0.2	844	176321702848939e4
4	1000	0.4	844	1409722122343896e3
4	10000	0.1	844	2063185230410298400
4	10000	0.2	844	903506329498853400
4	10000	0.4	844	1693213876953634800
0.5	1000	0.1	845	1226572602082614800
0.5	1000	0.2	845	107065929112171250
0.5	1000	0.4	845	990775836189963600
0.5	10000	0.1	845	1056226682520024200
0.5	10000	0.2	845	2.4975293058772678e+17
0.5	10000	0.4	845	1688791012566114600
1	1000	0.1	845	1074658339300799700
1	1000	0.2	845	1578130555902684e3
1	1000	0.4	845	1202165325555022800
1	10000	0.1	845	821595066963023400
1	10000	0.2	845	1398641636837193700
1	10000	0.4	845	1.9760522457634682e+17
2	1000	0.1	845	1366013595812987100
2	1000	0.2	845	795638474311658200
2	1000	0.4	845	2041322919486171600
2	10000	0.1	845	1309915517048032300
2	10000	0.2	845	401038298979287700
2	10000	0.4	845	52729369731639264
4	1000	0.1	845	918613012076602800
4	1000	0.2	845	1074475429328925200
4	1000	0.4	845	326829157826784500
4	10000	0.1	845	3.4445868920730483e+17
4	10000	0.2	845	936517682404922100
4	10000	0.4	845	1789386093088381700
0.5	1000	0.1	846	52322318182530090
0.5	1000	0.2	846	1729972767857958e3
0.5	1000	0.4	846	1.8736849414265441e+18
0.5	10000	0.1	846	253470917469944130
0.5	10000	0.2	846	258863201385761630
0.5	10000	0.4	846	3.1238377183640403e+17
1	1000	0.1	846	2279703763855455700
1	1000	0.2	846	1807597457555492900
1	1000	0.4	846	1928309860158809900
1	10000	0.1	846	607105019442811400
1	10000	0.2	846	1842179165578847200
1	10000	0.4	846	1670803124945969e3
2	1000	0.1	846	519675413287589060
2	1000	0.2	846	1281116541409555200
2	1000	0.4	846	515166022861210940
2	10000	0.1	846	2226231939770379800
2	10000	0.2	846	2296070876674462200
2	10000	0.4	846	1257421348453981700
4	1000	0.1	846	417871432938436300
4	1000	0.2	846	1.8680286516604319e+18
4	1000	0.4	846	1355584370529806300
4	10000	0.1	846	338817760130709100
4	10000	0.2	846	1147433216261597600
4	10000	0.4	846	1210447995123759400
0.5	1000	0.1	847	2039263996230888700
0.5	1000	0.2	847	2242228100359246e3
0.5	1000	0.4	847	665615741368682900
0.5	10000	0.1	847	1244638227584926500
0.5	10000	0.2	847	1093417416882981100
0.5	10000	0.4	847	1004792272232698200
1	1000	0.1	847	2234980168582429700
1	1000	0.2	847	166318564125506900
1	1000	0.4	847	372035024551463550
1	10000	0.1	847	723727294693024500
1	10000	0.2	847	1523453632841403400
1	10000	0.4	847	2140005421062245400
2	1000	0.1	847	1806126920567969e3
2	1000	0.2	847	1019678576669590800
2	1000	0.4	847	812389450100364900
2	10000	0.1	847	14690841646317e5
2	10000	0.2	847	1510515082124813e3
2	10000	0.4	847	1206433479198125600
4	1000	0.1	847	1110111928340207900
4	1000	0.2	847	1190468828022485200
4	1000	0.4	847	4.3951385986808877e+17
4	10000	0.1	847	6.3549637221029594e+17
4	10000	0.2	847	1188095195421067300
4	10000	0.4	847	2084473564665333800
0.5	1000	0.1	848	149367665489785820
0.5	1000	0.2	848	1391235735929427e3
0.5	1000	0.4	848	28928099722007068
0.5	10000	0.1	848	856469798217249e3
0.5	10000	0.2	848	174441574101860060
0.5	10000	0.4	848	1730037304234996700
1	1000	0.1	848	1585020818802412e3
1	1000	0.2	848	627022990335553300
1	1000	0.4	848	607286260427781e3
1	10000	0.1	848	623087162926214e3
1	10000	0.2	848	2139679419819197200
1	10000	0.4	848	1479968622607883500
2	1000	0.1	848	2268931298353001e3
2	1000	0.2	848	2207631038522212900
2	1000	0.4	848	896745848516643500
2	10000	0.1	848	246540421309304030
2	10000	0.2	848	2097100762268252400
2	10000	0.4	848	418154978975097300
4	1000	0.1	848	469396732896047360
4	1000	0.2	848	669978977199753200
4	1000	0.4	848	1465609939502437e3
4	10000	0.1	848	2003502264367804400
4	10000	0.2	848	1072182022877360400
4	10000	0.4	848	1806582823717478e3
0.5	1000	0.1	849	1436728868722291700
0.5	1000	0.2	849	105936671854563780
0.5	1000	0.4	849	2001714586617778700
0.5	10000	0.1	849	803168841600970800
0.5	10000	0.2	849	2148447292614533e3
0.5	10000	0.4	849	1891939804665580500
1	1000	0.1	849	1117013459864110300
1	1000	0.2	849	1277587577175261700
1	1000	0.4	849	1342530794004379100
1	10000	0.1	849	1480404190731071500
1	10000	0.2	849	880730832582459300
1	10000	0.4	849	481151364174578750
2	1000	0.1	849	1809080915585522200
2	1000	0.2	849	1680239143654357500
2	1000	0.4	849	451451437017448060
2	10000	0.1	849	944597977961889900
2	10000	0.2	849	579162375550957700
2	10000	0.4	849	2091570060323991e3
4	1000	0.1	849	800569556832579200
4	1000	0.2	849	868533527940007600
4	1000	0.4	849	2214340272494725400
4	10000	0.1	849	367561158107433500
4	10000	0.2	849	2284161221537095200
4	10000	0.4	849	198767120260596100
0.5	1000	0.1	850	638089434915438200
0.5	1000	0.2	850	803714670372102800
0.5	1000	0.4	850	297039729678794750
0.5	10000	0.1	850	1129445917954120400
0.5	10000	0.2	850	517235316211234940
0.5	10000	0.4	850	299875960127155900
1	1000	0.1	850	2276053065364235800
1	1000	0.2	850	1292323803788172800
1	1000	0.4	850	1923225064069903400
1	10000	0.1	850	556832544718667140
1	10000	0.2	850	1724419342233851e3
1	10000	0.4	850	91033574864449300
2	1000	0.1	850	603956449429479800
2	1000	0.2	850	1915469831036540400
2	1000	0.4	850	3.1425386607185683e+17
2	10000	0.1	850	1408763670435553e3
2	10000	0.2	850	1733317545280517400
2	10000	0.4	850	553984454270138700
4	1000	0.1	850	1988062793492089600
4	1000	0.2	850	902097511676763e3
4	1000	0.4	850	153167855188739170
4	10000	0.1	850	2247699359712717e3
4	10000	0.2	850	2273164616564066800
4	10000	0.4	850	425919566848245100
0.5	1000	0.1	851	5.4311671675302477e+17
0.5	1000	0.2	851	518957722863266500
0.5	1000	0.4	851	2091022353333068800
0.5	10000	0.1	851	424576634420303700
0.5	10000	0.2	851	2273809061341014e3
0.5	10000	0.4	851	1115426876010351900
1	1000	0.1	851	279933588806591e3
1	1000	0.2	851	935519660097205400
1	1000	0.4	851	381144759094417200
1	10000	0.1	851	1232485462044742700
1	10000	0.2	851	1557739270020048600
1	10000	0.4	851	469733089738939200
2	1000	0.1	851	29053061335947808
2	1000	0.2	851	2281222776327807700
2	1000	0.4	851	1227840567681922e3
2	10000	0.1	851	1978887395349955600
2	10000	0.2	851	1460505078880891100
2	10000	0.4	851	1378160150306801e3
4	1000	0.1	851	1948512943716143e3
4	1000	0.2	851	713216812303049700
4	1000	0.4	851	1831705634363486200
4	10000	0.1	851	438611532208131650
4	10000	0.2	851	2295077896966376400
4	10000	0.4	851	21165757770304688
0.5	1000	0.1	852	1506098955549732400
0.5	1000	0.2	852	421396972292542340
0.5	1000	0.4	852	1171838777330515200
0.5	10000	0.1	852	1919251070186527700
0.5	10000	0.2	852	1346961578236896e3
0.5	10000	0.4	852	1273003540746691e3
1	1000	0.1	852	502655749587393700
1	1000	0.2	852	1517864689553670400
1	1000	0.4	852	173147916060445440
1	10000	0.1	852	1148538113710440700
1	10000	0.2	852	394773258278145400
1	10000	0.4	852	1572366738586606e3
2	1000	0.1	852	1170168726791935700
2	1000	0.2	852	1743297925549828900
2	1000	0.4	852	2278344427458780700
2	10000	0.1	852	2223694859427194400
2	10000	0.2	852	1211980725495051800
2	10000	0.4	852	866863700719946800
4	1000	0.1	852	1584064633013402600
4	1000	0.2	852	1430278785713336600
4	1000	0.4	852	2111408162555202800
4	10000	0.1	852	1162424708166975700
4	10000	0.2	852	378670088388458750
4	10000	0.4	852	949242613914479700
0.5	1000	0.1	853	943950730187573e3
0.5	1000	0.2	853	1187116069958514700
0.5	1000	0.4	853	6472571689626516
0.5	10000	0.1	853	1317524867957652700
0.5	10000	0.2	853	1397452420235731700
0.5	10000	0.4	853	1601138890419167e3
1	1000	0.1	853	1581110262714572800
1	1000	0.2	853	1244810007064721400
1	1000	0.4	853	1634800465993022e3
1	10000	0.1	853	265348077430224640
1	10000	0.2	853	976971385139763700
1	10000	0.4	853	787836370244570100
2	1000	0.1	853	1786779783089615600
2	1000	0.2	853	1955248521554006500
2	1000	0.4	853	1663082391839406300
2	10000	0.1	853	2021657667623682300
2	10000	0.2	853	597762428914908400
2	10000	0.4	853	1894353581700238800
4	1000	0.1	853	2298380676703048e3
4	1000	0.2	853	575005327301897340
4	1000	0.4	853	76622022774914960
4	10000	0.1	853	98685155691317870
4	10000	0.2	853	1066306758090134e3
4	10000	0.4	853	1727179898346777900
0.5	1000	0.1	854	2139118213111715800
0.5	1000	0.2	854	1454172940075395800
0.5	1000	0.4	854	424735644709788700
0.5	10000	0.1	854	755759752561548800
0.5	10000	0.2	854	1040058007380235500
0.5	10000	0.4	854	1951955879354118400
1	1000	0.1	854	152092131742294180
1	1000	0.2	854	3.2805039664427917e+17
1	1000	0.4	854	1865727340441678800
1	10000	0.1	854	1656016749151502e3
1	10000	0.2	854	109257667797429970
1	10000	0.4	854	1667804074611644400
2	1000	0.1	854	509365682140087e3
2	1000	0.2	854	1309267225521019400
2	1000	0.4	854	1104880754956112500
2	10000	0.1	854	655985080073209500
2	10000	0.2	854	235422868523824670
2	10000	0.4	854	1.3189631319959619e+17
4	1000	0.1	854	1341144911382593500
4	1000	0.2	854	470788952670339700
4	1000	0.4	854	2114286606476131300
4	10000	0.1	854	584787170160070800
4	10000	0.2	854	1999594735391915800
4	10000	0.4	854	1782414625924092400
0.5	1000	0.1	855	1736274735598719e3
0.5	1000	0.2	855	1914222407929012200
0.5	1000	0.4	855	1724000244277731800
0.5	10000	0.1	855	30418138570347984
0.5	10000	0.2	855	1553827233424105200
0.5	10000	0.4	855	975095055572009100
1	1000	0.1	855	17026793964702896
1	1000	0.2	855	48499399978214896
1	1000	0.4	855	85868664870901840
1	10000	0.1	855	331318035595757700
1	10000	0.2	855	606398568909963400
1	10000	0.4	855	236574040621442620
2	1000	0.1	855	1453445466488037e3
2	1000	0.2	855	1360258467154635300
2	1000	0.4	855	1197740266399278600
2	10000	0.1	855	269196829141118720
2	10000	0.2	855	341443140620854500
2	10000	0.4	855	2106638627112459300
4	1000	0.1	855	2201280165755516e3
4	1000	0.2	855	1799092271213374700
4	1000	0.4	855	757528649788951800
4	10000	0.1	855	1315096033958741e3
4	10000	0.2	855	484973977541260300
4	10000	0.4	855	1467197027989887500
0.5	1000	0.1	856	1356616313423386600
0.5	1000	0.2	856	1145925129129402100
0.5	1000	0.4	856	1.3109446025542881e+18
0.5	10000	0.1	856	1530037597415282200
0.5	10000	0.2	856	2200805963231649300
0.5	10000	0.4	856	1154632907370016800
1	1000	0.1	856	1.4634014011395681e+18
1	1000	0.2	856	916122673808229500
1	1000	0.4	856	85603140168389470
1	10000	0.1	856	224267200219844260
1	10000	0.2	856	2146588426542605300
1	10000	0.4	856	319001060830682940
2	1000	0.1	856	2164146283361932800
2	1000	0.2	856	1005533103064739600
2	1000	0.4	856	1537811852988920300
2	10000	0.1	856	2100598403149145600
2	10000	0.2	856	1789693167092335600
2	10000	0.4	856	791792897810078300
4	1000	0.1	856	1780322157572735e3
4	1000	0.2	856	2295388821057097700
4	1000	0.4	856	1672897056876934700
4	10000	0.1	856	1464498045757220400
4	10000	0.2	856	1432615410406310700
4	10000	0.4	856	1942821760019022300
0.5	1000	0.1	857	1912743312582403e3
0.5	1000	0.2	857	100061614659469220
0.5	1000	0.4	857	2063872704478778400
0.5	10000	0.1	857	1041000402963197200
0.5	10000	0.2	857	2005046321957627400
0.5	10000	0.4	857	1475465943083505e3
1	1000	0.1	857	2237482422367591700
1	1000	0.2	857	195860461045525060
1	1000	0.4	857	890693517108704300
1	10000	0.1	857	1536268665736153600
1	10000	0.2	857	41893038727556330
1	10000	0.4	857	208133869252093950
2	1000	0.1	857	87659256606158080
2	1000	0.2	857	356897390388504300
2	1000	0.4	857	1701991129121861400
2	10000	0.1	857	1028381476084891600
2	10000	0.2	857	1935696420303526700
2	10000	0.4	857	694759307150476500
4	1000	0.1	857	634749720149366700
4	1000	0.2	857	434638566961652600
4	1000	0.4	857	1727225194038173700
4	10000	0.1	857	184995709355416260
4	10000	0.2	857	980150621273711400
4	10000	0.4	857	30348402980495044
0.5	1000	0.1	858	1542079951370693600
0.5	1000	0.2	858	365212450771601600
0.5	1000	0.4	858	632232041805838200
0.5	10000	0.1	858	733916435629651600
0.5	10000	0.2	858	1377577770354715600
0.5	10000	0.4	858	662065394127315200
1	1000	0.1	858	2271824706823595500
1	1000	0.2	858	130360450615456300
1	1000	0.4	858	1245648573678784300
1	10000	0.1	858	1015280405188671700
1	10000	0.2	858	1846992966527826200
1	10000	0.4	858	590345531870185300
2	1000	0.1	858	2256923160350703e3
2	1000	0.2	858	225952374627362240
2	1000	0.4	858	1599200706453895200
2	10000	0.1	858	1469237444120903700
2	10000	0.2	858	677638675779443800
2	10000	0.4	858	1253636694142115e3
4	1000	0.1	858	1748051577401143e3
4	1000	0.2	858	2119685282587761200
4	1000	0.4	858	662310809043004300
4	10000	0.1	858	881856305155813800
4	10000	0.2	858	1293885740034396e3
4	10000	0.4	858	1009684148179919200
0.5	1000	0.1	859	887686309911514600
0.5	1000	0.2	859	242976489736829820
0.5	1000	0.4	859	342474279893304900
0.5	10000	0.1	859	887031072922641900
0.5	10000	0.2	859	659246390329469600
0.5	10000	0.4	859	1230270496387484e3
1	1000	0.1	859	986038826692838700
1	1000	0.2	859	2024045965202914300
1	1000	0.4	859	665795714363463300
1	10000	0.1	859	1974831593026059300
1	10000	0.2	859	356384514023588860
1	10000	0.4	859	92422248078272e4
2	1000	0.1	859	1348601464177668900
2	1000	0.2	859	1877542040953187300
2	1000	0.4	859	317174014702320960
2	10000	0.1	859	2066877395723416e3
2	10000	0.2	859	389170169596260500
2	10000	0.4	859	1244127927837955300
4	1000	0.1	859	253060713999269570
4	1000	0.2	859	99555748833753460
4	1000	0.4	859	889317391059194100
4	10000	0.1	859	228402377262012100
4	10000	0.2	859	72726435555988800
4	10000	0.4	859	30046351424367796
0.5	1000	0.1	860	1230151864453149e3
0.5	1000	0.2	860	1829666565678142700
0.5	1000	0.4	860	1966674531293720600
0.5	10000	0.1	860	1374996337229215500
0.5	10000	0.2	860	1250671615905146400
0.5	10000	0.4	860	2223649016717285e3
1	1000	0.1	860	2103858684619341e3
1	1000	0.2	860	2194520440523656e3
1	1000	0.4	860	2017590191012446500
1	10000	0.1	860	954008232586903200
1	10000	0.2	860	1037775430519098
1	10000	0.4	860	1083937995890658600
2	1000	0.1	860	1968494562289765400
2	1000	0.2	860	1013684038409026700
2	1000	0.4	860	1338451887964736800
2	10000	0.1	860	1.8922737576738598e+17
2	10000	0.2	860	1242363964688321800
2	10000	0.4	860	112050904416809840
4	1000	0.1	860	876299973304374100
4	1000	0.2	860	1783184264654904e3
4	1000	0.4	860	595339928757471100
4	10000	0.1	860	1021781872861171e3
4	10000	0.2	860	1314463887635762400
4	10000	0.4	860	1352942298327058200
0.5	1000	0.1	861	1049361130602168300
0.5	1000	0.2	861	896394188232325500
0.5	1000	0.4	861	283097792172477950
0.5	10000	0.1	861	686428057349882800
0.5	10000	0.2	861	2023279386559915300
0.5	10000	0.4	861	1092792720108397e3
1	1000	0.1	861	901136516785073900
1	1000	0.2	861	812915528083872900
1	1000	0.4	861	79156883137139040
1	10000	0.1	861	192811447811333020
1	10000	0.2	861	832343614569929900
1	10000	0.4	861	208042557990573120
2	1000	0.1	861	560632509617753340
2	1000	0.2	861	298912720761818050
2	1000	0.4	861	195849197783665150
2	10000	0.1	861	2150816224478024e3
2	10000	0.2	861	757313644337001e3
2	10000	0.4	861	2074382180905369e3
4	1000	0.1	861	1216143462567727e3
4	1000	0.2	861	1455291795083582700
4	1000	0.4	861	219441638532113730
4	10000	0.1	861	1840181591182461400
4	10000	0.2	861	1163572064462084e3
4	10000	0.4	861	2208923058010481700
0.5	1000	0.1	862	1150978959751395100
0.5	1000	0.2	862	996735097948248700
0.5	1000	0.4	862	842362754049470600
0.5	10000	0.1	862	1613511239443070700
0.5	10000	0.2	862	2252973140313314800
0.5	10000	0.4	862	1915919891520248e3
1	1000	0.1	862	47500479543674984
1	1000	0.2	862	1617485825787548200
1	1000	0.4	862	1546570573228810200
1	10000	0.1	862	1970789605585602600
1	10000	0.2	862	1031348692296113700
1	10000	0.4	862	1418601388442641e3
2	1000	0.1	862	916481531377876200
2	1000	0.2	862	155792931126446340
2	1000	0.4	862	2217923905819869700
2	10000	0.1	862	65806551478656480
2	10000	0.2	862	1.6207626874780001e+18
2	10000	0.4	862	491348813481913660
4	1000	0.1	862	915974251958096400
4	1000	0.2	862	2158451184859504400
4	1000	0.4	862	133998800753392640
4	10000	0.1	862	202198393085154e4
4	10000	0.2	862	435983653342127600
4	10000	0.4	862	1842144369508477700
0.5	1000	0.1	863	390426693589637300
0.5	1000	0.2	863	1462697945326669800
0.5	1000	0.4	863	66058276987032984
0.5	10000	0.1	863	2178912178431655e3
0.5	10000	0.2	863	824659926972701700
0.5	10000	0.4	863	819082050396136700
1	1000	0.1	863	319005879574841400
1	1000	0.2	863	1234759565462650400
1	1000	0.4	863	1904463176898457900
1	10000	0.1	863	1107786836638293600
1	10000	0.2	863	229005527389879680
1	10000	0.4	863	747244042889333500
2	1000	0.1	863	1552864534017472500
2	1000	0.2	863	843802712595192600
2	1000	0.4	863	1519588849755030800
2	10000	0.1	863	1902789075467190800
2	10000	0.2	863	868433602206401400
2	10000	0.4	863	1519816418893899500
4	1000	0.1	863	710840948121453300
4	1000	0.2	863	1417067677466236400
4	1000	0.4	863	487372947550717950
4	10000	0.1	863	548122098273722750
4	10000	0.2	863	57742294508846176
4	10000	0.4	863	1782370665187345700
0.5	1000	0.1	864	1668277257105645600
0.5	1000	0.2	864	1381957575440971300
0.5	1000	0.4	864	2210839075677213700
0.5	10000	0.1	864	971083206139121200
0.5	10000	0.2	864	1909633646598096600
0.5	10000	0.4	864	1376262426856392700
1	1000	0.1	864	1308492896966132200
1	1000	0.2	864	361005263072861800
1	1000	0.4	864	1259662400608409300
1	10000	0.1	864	1623113719259318e3
1	10000	0.2	864	417567722880705e3
1	10000	0.4	864	428153517170227900
2	1000	0.1	864	267982637840725600
2	1000	0.2	864	580785222081048800
2	1000	0.4	864	1037403111217555100
2	10000	0.1	864	1.1335066854035121e+18
2	10000	0.2	864	324056304206289900
2	10000	0.4	864	1218656700367232800
4	1000	0.1	864	1563207641830010600
4	1000	0.2	864	1350625496717952800
4	1000	0.4	864	325397048902373100
4	10000	0.1	864	4.2887695747979917e+17
4	10000	0.2	864	708934265908815400
4	10000	0.4	864	809377173782656600
0.5	1000	0.1	865	1582465672744724200
0.5	1000	0.2	865	1874424561735957e3
0.5	1000	0.4	865	992098316923740900
0.5	10000	0.1	865	1986380973965657900
0.5	10000	0.2	865	1550187831726597e3
0.5	10000	0.4	865	529362318947444700
1	1000	0.1	865	1718238092405590800
1	1000	0.2	865	8802971947361342
1	1000	0.4	865	15970222119999e5
1	10000	0.1	865	3985732317770310
1	10000	0.2	865	821021633106858100
1	10000	0.4	865	1101145897144372400
2	1000	0.1	865	1228654417545167400
2	1000	0.2	865	596526622297366400
2	1000	0.4	865	241706696569774700
2	10000	0.1	865	533959206891439100
2	10000	0.2	865	35170530698420760
2	10000	0.4	865	1404739940985106400
4	1000	0.1	865	1493392406139036200
4	1000	0.2	865	1276796219007544600
4	1000	0.4	865	2870659234150547
4	10000	0.1	865	325368447325651260
4	10000	0.2	865	590020711102228100
4	10000	0.4	865	1656743001628499500
0.5	1000	0.1	866	333382039822369500
0.5	1000	0.2	866	1849021805324207400
0.5	1000	0.4	866	2114669243209155e3
0.5	10000	0.1	866	1464688238400040700
0.5	10000	0.2	866	1290186355870091300
0.5	10000	0.4	866	4.2400547005239763e+17
1	1000	0.1	866	1171437798393894700
1	1000	0.2	866	515877099498939e3
1	1000	0.4	866	281503680278209470
1	10000	0.1	866	1520229765354300400
1	10000	0.2	866	1345019190052804e3
1	10000	0.4	866	257198102954966530
2	1000	0.1	866	1098512692102573400
2	1000	0.2	866	596481709366687500
2	1000	0.4	866	1345379628956489200
2	10000	0.1	866	1792799343135477200
2	10000	0.2	866	1439394265994346e3
2	10000	0.4	866	1694317583561120300
4	1000	0.1	866	708199902278978800
4	1000	0.2	866	497474574269026240
4	1000	0.4	866	733978704272475e3
4	10000	0.1	866	630611738111075700
4	10000	0.2	866	873494687862824700
4	10000	0.4	866	537333508861365e3
0.5	1000	0.1	867	1424479716188525600
0.5	1000	0.2	867	69791009066006310
0.5	1000	0.4	867	1511992934623239400
0.5	10000	0.1	867	279354389641890880
0.5	10000	0.2	867	1758796328690485500
0.5	10000	0.4	867	247586055367401380
1	1000	0.1	867	1378046066441712600
1	1000	0.2	867	935672962882126600
1	1000	0.4	867	1994298587839714600
1	10000	0.1	867	26102804903463148
1	10000	0.2	867	2210429437924172800
1	10000	0.4	867	666501790806146e3
2	1000	0.1	867	1830140138929176300
2	1000	0.2	867	29566815637735408
2	1000	0.4	867	176202433229398200
2	10000	0.1	867	2100851424261359600
2	10000	0.2	867	1483712681653278200
2	10000	0.4	867	1232989590160213200
4	1000	0.1	867	1738048341000176600
4	1000	0.2	867	387119741204807700
4	1000	0.4	867	1975007276706957300
4	10000	0.1	867	109994514802684620
4	10000	0.2	867	505108666962166660
4	10000	0.4	867	453180924827696260
0.5	1000	0.1	868	582948430398204200
0.5	1000	0.2	868	4.5993129363780723e+17
0.5	1000	0.4	868	774379642233104100
0.5	10000	0.1	868	1589671055889389600
0.5	10000	0.2	868	1698187744419881500
0.5	10000	0.4	868	1430933491980986e3
1	1000	0.1	868	242155464623767500
1	1000	0.2	868	340394220554906940
1	1000	0.4	868	1321318405639717400
1	10000	0.1	868	1622256009823122400
1	10000	0.2	868	1080741894582481200
1	10000	0.4	868	1927169401077112300
2	1000	0.1	868	221433477708394e4
2	1000	0.2	868	1601754909789328400
2	1000	0.4	868	764820125982102900
2	10000	0.1	868	1865193239058828800
2	10000	0.2	868	2167840830905163500
2	10000	0.4	868	1499373298680161800
4	1000	0.1	868	926690372535832600
4	1000	0.2	868	2161823640698692600
4	1000	0.4	868	935469829315894500
4	10000	0.1	868	1.5187294884131681e+18
4	10000	0.2	868	697144527784822700
4	10000	0.4	868	1188708179935859e3
0.5	1000	0.1	869	756021026737028100
0.5	1000	0.2	869	5.5293857478817357e+17
0.5	1000	0.4	869	2238949828382700500
0.5	10000	0.1	869	109179258228679540
0.5	10000	0.2	869	629443400456777100
0.5	10000	0.4	869	1438282646997901300
1	1000	0.1	869	2195894720531431400
1	1000	0.2	869	924154544349754e3
1	1000	0.4	869	833538246216799600
1	10000	0.1	869	1436258550281677600
1	10000	0.2	869	1912104634641326300
1	10000	0.4	869	681283155942371300
2	1000	0.1	869	1169373535074642700
2	1000	0.2	869	498970945376126500
2	1000	0.4	869	1469164248515009e3
2	10000	0.1	869	101874733338724480
2	10000	0.2	869	234509804812767520
2	10000	0.4	869	9872298376065986
4	1000	0.1	869	1906760708816142800
4	1000	0.2	869	1559497769103619800
4	1000	0.4	869	90789058822741710
4	10000	0.1	869	711714407702779500
4	10000	0.2	869	204220074925282e4
4	10000	0.4	869	1854458805539237e3
0.5	1000	0.1	870	2072382815072359400
0.5	1000	0.2	870	1815034369874435e3
0.5	1000	0.4	870	414072348064921340
0.5	10000	0.1	870	225092691544671500
0.5	10000	0.2	870	1691013262682133500
0.5	10000	0.4	870	1514632211385334800
1	1000	0.1	870	118106337522143e4
1	1000	0.2	870	1100328434014471e3
1	1000	0.4	870	646530949373958800
1	10000	0.1	870	178255064436865820
1	10000	0.2	870	1465880424758234e3
1	10000	0.4	870	1029994233948198900
2	1000	0.1	870	1632983977489624e3
2	1000	0.2	870	2053386621927825400
2	1000	0.4	870	316231893381341100
2	10000	0.1	870	1713432761250006500
2	10000	0.2	870	1445747558865309400
2	10000	0.4	870	1418073498857356300
4	1000	0.1	870	3.7451403718739763e+17
4	1000	0.2	870	804836969592281900
4	1000	0.4	870	2256015747769574100
4	10000	0.1	870	651088160273609e3
4	10000	0.2	870	1699550804028902700
4	10000	0.4	870	2117656382102150700
0.5	1000	0.1	871	1000749120582739700
0.5	1000	0.2	871	1567355923439746300
0.5	1000	0.4	871	400216459394646140
0.5	10000	0.1	871	220438493453994e4
0.5	10000	0.2	871	1502852580574589200
0.5	10000	0.4	871	804584535586402300
1	1000	0.1	871	1417395303780664e3
1	1000	0.2	871	291351286470461760
1	1000	0.4	871	107152499759760340
1	10000	0.1	871	2116072255066460400
1	10000	0.2	871	240384489906285700
1	10000	0.4	871	892342048306353400
2	1000	0.1	871	897650052035134500
2	1000	0.2	871	701687129110253700
2	1000	0.4	871	2198986468097516800
2	10000	0.1	871	1507116604515076900
2	10000	0.2	871	295304500665978e3
2	10000	0.4	871	2085364222120793e3
4	1000	0.1	871	947964629955042200
4	1000	0.2	871	354481193204291e3
4	1000	0.4	871	3.9767991341214803e+17
4	10000	0.1	871	2189018399715843e3
4	10000	0.2	871	324471463434353660
4	10000	0.4	871	764884161028596100
0.5	1000	0.1	872	39552561526224390
0.5	1000	0.2	872	5767113285344945
0.5	1000	0.4	872	486545941146205300
0.5	10000	0.1	872	905266648917866800
0.5	10000	0.2	872	1593035902159851800
0.5	10000	0.4	872	289685822832231740
1	1000	0.1	872	1761860059509318400
1	1000	0.2	872	175235377443087e4
1	1000	0.4	872	2060883493117097500
1	10000	0.1	872	1748021738669058800
1	10000	0.2	872	1505343257362250500
1	10000	0.4	872	1625631068038432300
2	1000	0.1	872	1815528367689568300
2	1000	0.2	872	1058016559818073300
2	1000	0.4	872	1592717694624748e3
2	10000	0.1	872	956170365647169500
2	10000	0.2	872	15911605955423768
2	10000	0.4	872	1647808445207598e3
4	1000	0.1	872	1051140410102962400
4	1000	0.2	872	2090962709203372800
4	1000	0.4	872	1777993695707225e3
4	10000	0.1	872	890929716672580200
4	10000	0.2	872	1070240051256413200
4	10000	0.4	872	1036236960396469100
0.5	1000	0.1	873	1370440194167713800
0.5	1000	0.2	873	1192426915865857800
0.5	1000	0.4	873	1968602330660136400
0.5	10000	0.1	873	1888949723165051e3
0.5	10000	0.2	873	529316280259424300
0.5	10000	0.4	873	506174066956366660
1	1000	0.1	873	1379572413827655e3
1	1000	0.2	873	962315496944357600
1	1000	0.4	873	1598364644746298600
1	10000	0.1	873	191470750953601860
1	10000	0.2	873	7721354403154670
1	10000	0.4	873	902891206543511600
2	1000	0.1	873	523727342179299100
2	1000	0.2	873	621242773886846500
2	1000	0.4	873	1312524720114898700
2	10000	0.1	873	1642765045621043e3
2	10000	0.2	873	1231891946897226200
2	10000	0.4	873	1431810652985348900
4	1000	0.1	873	2029202647144649200
4	1000	0.2	873	149959370066040830
4	1000	0.4	873	1805245892451996400
4	10000	0.1	873	139534110974870900
4	10000	0.2	873	1207097170070156300
4	10000	0.4	873	1788286449820434200
0.5	1000	0.1	874	457018803938449500
0.5	1000	0.2	874	2243450793461932e3
0.5	1000	0.4	874	823892219443964900
0.5	10000	0.1	874	1568265895913554200
0.5	10000	0.2	874	143514252584486820
0.5	10000	0.4	874	1913655782492135e3
1	1000	0.1	874	730674940039816700
1	1000	0.2	874	1666326053218980900
1	1000	0.4	874	2.0228363050233119e+18
1	10000	0.1	874	1674969470976335e3
1	10000	0.2	874	1372461691718206e3
1	10000	0.4	874	2022710909376424400
2	1000	0.1	874	812106482339729500
2	1000	0.2	874	573003075981622e3
2	1000	0.4	874	1024935063144640600
2	10000	0.1	874	1591107136067538e3
2	10000	0.2	874	253089576593428300
2	10000	0.4	874	2256381649790933800
4	1000	0.1	874	1459406027646551600
4	1000	0.2	874	1188610525268499500
4	1000	0.4	874	918375913377704700
4	10000	0.1	874	1623940209359832300
4	10000	0.2	874	479028803200398e3
4	10000	0.4	874	1490067276714359800
0.5	1000	0.1	875	1065146760167622500
0.5	1000	0.2	875	18989955314950120
0.5	1000	0.4	875	2280341563554308900
0.5	10000	0.1	875	1626652202600014800
0.5	10000	0.2	875	1124424346914864600
0.5	10000	0.4	875	337587849941168060
1	1000	0.1	875	1613244461618463200
1	1000	0.2	875	438184755617364800
1	1000	0.4	875	1863972720055208700
1	10000	0.1	875	48945099725557496
1	10000	0.2	875	165017382643944860
1	10000	0.4	875	242847670595211330
2	1000	0.1	875	1572832486419801900
2	1000	0.2	875	3.8173949766021357e+17
2	1000	0.4	875	1371980305439e6
2	10000	0.1	875	1883974460745368600
2	10000	0.2	875	2193438956217171e3
2	10000	0.4	875	1674668711803338800
4	1000	0.1	875	1771825263697097200
4	1000	0.2	875	870243828330690200
4	1000	0.4	875	1992296895257234200
4	10000	0.1	875	1387718715188502500
4	10000	0.2	875	934437413265556700
4	10000	0.4	875	1.4023173476949021e+17
0.5	1000	0.1	876	1476747230764399600
0.5	1000	0.2	876	1538564270963406e3
0.5	1000	0.4	876	1551662310636703e3
0.5	10000	0.1	876	4.7610586420320077e+17
0.5	10000	0.2	876	1130593011683714300
0.5	10000	0.4	876	1804935008940027100
1	1000	0.1	876	1229443105729643e3
1	1000	0.2	876	332293818051521340
1	1000	0.4	876	896181271426864600
1	10000	0.1	876	612355062006132400
1	10000	0.2	876	1534266132804342e3
1	10000	0.4	876	1767711662287852800
2	1000	0.1	876	1723577814311738600
2	1000	0.2	876	1145606162458540300
2	1000	0.4	876	146928573968926720
2	10000	0.1	876	1446596359316452e3
2	10000	0.2	876	1507396336676967400
2	10000	0.4	876	1889382849609828e3
4	1000	0.1	876	779833766866004600
4	1000	0.2	876	2031292668667221500
4	1000	0.4	876	1426935964437940200
4	10000	0.1	876	116951942732115310
4	10000	0.2	876	1852704740332657200
4	10000	0.4	876	1458864035549073e3
0.5	1000	0.1	877	325141011642857400
0.5	1000	0.2	877	2224096591384471600
0.5	1000	0.4	877	378056861194714900
0.5	10000	0.1	877	1282910594029738500
0.5	10000	0.2	877	680493125185183200
0.5	10000	0.4	877	2100897234749382400
1	1000	0.1	877	924129420112568800
1	1000	0.2	877	534906525758570560
1	1000	0.4	877	1316422501852147e3
1	10000	0.1	877	1341039265778637300
1	10000	0.2	877	841245644039234200
1	10000	0.4	877	365751318588824400
2	1000	0.1	877	13604354744742e5
2	1000	0.2	877	902178905310763500
2	1000	0.4	877	1141866283133078400
2	10000	0.1	877	1736739458009559300
2	10000	0.2	877	2113186808220903700
2	10000	0.4	877	1969088982203618800
4	1000	0.1	877	848124211265518700
4	1000	0.2	877	1722499552213094400
4	1000	0.4	877	1806437449556137200
4	10000	0.1	877	218930448180532740
4	10000	0.2	877	1249910200422359300
4	10000	0.4	877	930691211625833100
0.5	1000	0.1	878	706570750000060400
0.5	1000	0.2	878	175503675424722900
0.5	1000	0.4	878	417020605590258940
0.5	10000	0.1	878	76313934858900580
0.5	10000	0.2	878	881209249361829600
0.5	10000	0.4	878	954576162095692300
1	1000	0.1	878	1332552553096474600
1	1000	0.2	878	109094222375872020
1	1000	0.4	878	1640631487197888500
1	10000	0.1	878	1925658270839377e3
1	10000	0.2	878	2284007387107961600
1	10000	0.4	878	1022621321315880700
2	1000	0.1	878	781449376654870900
2	1000	0.2	878	1636284893680215300
2	1000	0.4	878	1532921129545880300
2	10000	0.1	878	1088618901346116600
2	10000	0.2	878	1182771645403720700
2	10000	0.4	878	1169856882029191400
4	1000	0.1	878	64941108303103504
4	1000	0.2	878	897737095135418800
4	1000	0.4	878	759291133698771700
4	10000	0.1	878	1595468943154440700
4	10000	0.2	878	245819227088419970
4	10000	0.4	878	653609200834085900
0.5	1000	0.1	879	1976445630682847200
0.5	1000	0.2	879	741377724949177200
0.5	1000	0.4	879	531060388579765440
0.5	10000	0.1	879	558005221539194240
0.5	10000	0.2	879	1864886710897190100
0.5	10000	0.4	879	141832727231842530
1	1000	0.1	879	681860556547783300
1	1000	0.2	879	1020080257215362700
1	1000	0.4	879	732719143407155800
1	10000	0.1	879	1608098599160132600
1	10000	0.2	879	831286468539192800
1	10000	0.4	879	728707518971371400
2	1000	0.1	879	1878227181589025e3
2	1000	0.2	879	779486165697686700
2	1000	0.4	879	1615327851776753700
2	10000	0.1	879	1196198695252796700
2	10000	0.2	879	1801074530875299800
2	10000	0.4	879	288137047782155500
4	1000	0.1	879	1873491185886157e3
4	1000	0.2	879	2010899219253359400
4	1000	0.4	879	659451720943852400
4	10000	0.1	879	893903920637975700
4	10000	0.2	879	718374150456208900
4	10000	0.4	879	1343330663797183500
0.5	1000	0.1	880	539294274418221100
0.5	1000	0.2	880	1794983319418409e3
0.5	1000	0.4	880	983120527510526500
0.5	10000	0.1	880	196372190451251460
0.5	10000	0.2	880	1711443777593568800
0.5	10000	0.4	880	1654335794452626200
1	1000	0.1	880	1731970045752417800
1	1000	0.2	880	703984792609780200
1	1000	0.4	880	64391435359420950
1	10000	0.1	880	887205584027398400
1	10000	0.2	880	1823278074712652500
1	10000	0.4	880	621064125051603200
2	1000	0.1	880	1237955623701038600
2	1000	0.2	880	1411195811492407800
2	1000	0.4	880	306267618354633100
2	10000	0.1	880	1311797071688435e3
2	10000	0.2	880	188533304603803940
2	10000	0.4	880	1873194794279938600
4	1000	0.1	880	810812234998372600
4	1000	0.2	880	1627294185519619800
4	1000	0.4	880	898124988359432600
4	10000	0.1	880	585669339298556900
4	10000	0.2	880	784038942514896100
4	10000	0.4	880	2032914794197908500
0.5	1000	0.1	881	999649215255174300
0.5	1000	0.2	881	1826337979809607700
0.5	1000	0.4	881	3.7140977553848243e+17
0.5	10000	0.1	881	1361791133521745200
0.5	10000	0.2	881	1244513934951498500
0.5	10000	0.4	881	1329924858369935600
1	1000	0.1	881	1961093290296025300
1	1000	0.2	881	2075528499538250800
1	1000	0.4	881	229576781499734050
1	10000	0.1	881	1384123067202545200
1	10000	0.2	881	1921943322888287700
1	10000	0.4	881	1501185840977449200
2	1000	0.1	881	1030677646089198e3
2	1000	0.2	881	940382141759344600
2	1000	0.4	881	1202234812264141600
2	10000	0.1	881	1330135545707483100
2	10000	0.2	881	129876517926516340
2	10000	0.4	881	827883459947820300
4	1000	0.1	881	1981542135404392400
4	1000	0.2	881	1478691942988749e3
4	1000	0.4	881	346977450053591400
4	10000	0.1	881	1091210835706449300
4	10000	0.2	881	925430289757323400
4	10000	0.4	881	1141246188770591700
0.5	1000	0.1	882	949142126058952200
0.5	1000	0.2	882	1843878009073149e3
0.5	1000	0.4	882	1988006728227195400
0.5	10000	0.1	882	62092753649941784
0.5	10000	0.2	882	145479710364774080
0.5	10000	0.4	882	137963127381069180
1	1000	0.1	882	1577773344485943e3
1	1000	0.2	882	596512007621683600
1	1000	0.4	882	1466235401580875800
1	10000	0.1	882	649345591284027100
1	10000	0.2	882	852055775762780200
1	10000	0.4	882	645231710607310200
2	1000	0.1	882	610259516200608100
2	1000	0.2	882	1143123091806835200
2	1000	0.4	882	441854882162098750
2	10000	0.1	882	1996277265683008500
2	10000	0.2	882	1277605185546813200
2	10000	0.4	882	2.0078280712578719e+18
4	1000	0.1	882	260782034109843840
4	1000	0.2	882	1598179908835842300
4	1000	0.4	882	1727441158270195500
4	10000	0.1	882	1498017672904355800
4	10000	0.2	882	2177021983155973600
4	10000	0.4	882	2236628767608423400
0.5	1000	0.1	883	1497354583881305300
0.5	1000	0.2	883	1074294311368476400
0.5	1000	0.4	883	2138292747953256e3
0.5	10000	0.1	883	2.0432126680768122e+17
0.5	10000	0.2	883	754324643153537200
0.5	10000	0.4	883	1263681377784685600
1	1000	0.1	883	613401894947888900
1	1000	0.2	883	2172257286394484500
1	1000	0.4	883	2.8416818900937882e+17
1	10000	0.1	883	1273928297482202e3
1	10000	0.2	883	1410591060623229400
1	10000	0.4	883	1095144196812738700
2	1000	0.1	883	272428730697920770
2	1000	0.2	883	1583854411646940200
2	1000	0.4	883	1448837672627765500
2	10000	0.1	883	1420743995478812400
2	10000	0.2	883	85916273864431100
2	10000	0.4	883	1814517980059753e3
4	1000	0.1	883	1852458893230239700
4	1000	0.2	883	2116253562355594800
4	1000	0.4	883	1950966272637684200
4	10000	0.1	883	1400965738438757e3
4	10000	0.2	883	1067943561120468e3
4	10000	0.4	883	2179246978533102e3
0.5	1000	0.1	884	814398152607378300
0.5	1000	0.2	884	538635772490010300
0.5	1000	0.4	884	24880822151245584
0.5	10000	0.1	884	60836076492047520
0.5	10000	0.2	884	1728112331361533400
0.5	10000	0.4	884	612959515917734300
1	1000	0.1	884	1024776741788476400
1	1000	0.2	884	967075867019989100
1	1000	0.4	884	603372622285983200
1	10000	0.1	884	550610694912640300
1	10000	0.2	884	2162598718521148200
1	10000	0.4	884	366746099214423600
2	1000	0.1	884	830563939709197300
2	1000	0.2	884	2233302652472183300
2	1000	0.4	884	624162246897324e3
2	10000	0.1	884	1206517220512022500
2	10000	0.2	884	1410832516762141200
2	10000	0.4	884	1754057040470531800
4	1000	0.1	884	1601235791780108500
4	1000	0.2	884	2009169921389005e3
4	1000	0.4	884	903395189275056300
4	10000	0.1	884	2247434477786328600
4	10000	0.2	884	68876259861912990
4	10000	0.4	884	1633969371448600600
0.5	1000	0.1	885	621854363280827300
0.5	1000	0.2	885	1489858484807220700
0.5	1000	0.4	885	2051842510264929300
0.5	10000	0.1	885	1637473059076042800
0.5	10000	0.2	885	841071541049480700
0.5	10000	0.4	885	1019581728668198300
1	1000	0.1	885	585742809581711500
1	1000	0.2	885	9302771285324284
1	1000	0.4	885	783872304131169500
1	10000	0.1	885	1819279420256031700
1	10000	0.2	885	594668741322253400
1	10000	0.4	885	654093328782770600
2	1000	0.1	885	1075718435022865700
2	1000	0.2	885	92648638591041360
2	1000	0.4	885	1022063425177232400
2	10000	0.1	885	916178983446396900
2	10000	0.2	885	781110018745500900
2	10000	0.4	885	1733363010141601800
4	1000	0.1	885	66595710881662280
4	1000	0.2	885	1061626344544530400
4	1000	0.4	885	510682527648344200
4	10000	0.1	885	1927257333474927e3
4	10000	0.2	885	362968434621423500
4	10000	0.4	885	2191887625805184300
0.5	1000	0.1	886	1666211865468281900
0.5	1000	0.2	886	1825777778736641e3
0.5	1000	0.4	886	2198545523737982500
0.5	10000	0.1	886	1616216508106625300
0.5	10000	0.2	886	278085391760523360
0.5	10000	0.4	886	125069889971847710
1	1000	0.1	886	1177151764698547200
1	1000	0.2	886	1964306140313728500
1	1000	0.4	886	1350590225044370700
1	10000	0.1	886	1638811657651095300
1	10000	0.2	886	630019978909811300
1	10000	0.4	886	844087234122894700
2	1000	0.1	886	3.8321170885115923e+17
2	1000	0.2	886	1626596978117523500
2	1000	0.4	886	1182819979886024400
2	10000	0.1	886	44904434009463200
2	10000	0.2	886	1559886255537698800
2	10000	0.4	886	596935133550703400
4	1000	0.1	886	1684739227577649700
4	1000	0.2	886	1823634174576587300
4	1000	0.4	886	947172943703044500
4	10000	0.1	886	1888370651176910300
4	10000	0.2	886	2302916109259077e3
4	10000	0.4	886	965499172734810600
0.5	1000	0.1	887	1886895738166773800
0.5	1000	0.2	887	720517850463997800
0.5	1000	0.4	887	1377889276437684700
0.5	10000	0.1	887	962061185681002e3
0.5	10000	0.2	887	421980089505847700
0.5	10000	0.4	887	1813475487666436900
1	1000	0.1	887	1970469886791581400
1	1000	0.2	887	2003896518121271800
1	1000	0.4	887	1125459258574765400
1	10000	0.1	887	1559594731506628e3
1	10000	0.2	887	2238062117178849e3
1	10000	0.4	887	1140475523063308200
2	1000	0.1	887	620490889617929900
2	1000	0.2	887	1191753545362031600
2	1000	0.4	887	284811021226586050
2	10000	0.1	887	597897723141286700
2	10000	0.2	887	724922949433883900
2	10000	0.4	887	2208059254024844800
4	1000	0.1	887	1712000366610185200
4	1000	0.2	887	1651346896024573e3
4	1000	0.4	887	2164245344699682300
4	10000	0.1	887	1155951503050616e3
4	10000	0.2	887	312316653038403600
4	10000	0.4	887	2003539355644520700
0.5	1000	0.1	888	2080731067333725400
0.5	1000	0.2	888	1065314030421374500
0.5	1000	0.4	888	1098292528092940900
0.5	10000	0.1	888	606834465511690800
0.5	10000	0.2	888	29965561716959652
0.5	10000	0.4	888	905753747811775100
1	1000	0.1	888	950958121703310700
1	1000	0.2	888	1580255648315710700
1	1000	0.4	888	1208076301880397300
1	10000	0.1	888	5970559248552155
1	10000	0.2	888	383050712226928960
1	10000	0.4	888	409379569938878800
2	1000	0.1	888	1173612162535614e3
2	1000	0.2	888	242797674909875520
2	1000	0.4	888	1099586113441010700
2	10000	0.1	888	582449493144718800
2	10000	0.2	888	1464950331366568700
2	10000	0.4	888	1718507507680608800
4	1000	0.1	888	1369547865175971800
4	1000	0.2	888	989276659173850900
4	1000	0.4	888	54771629537998040
4	10000	0.1	888	1084963731514138200
4	10000	0.2	888	1932575213690033700
4	10000	0.4	888	707189148460677800
0.5	1000	0.1	889	1.4358742965718381e+17
0.5	1000	0.2	889	66563381359509370
0.5	1000	0.4	889	1486753389937440800
0.5	10000	0.1	889	1999951531894317600
0.5	10000	0.2	889	1050787005481155100
0.5	10000	0.4	889	1116956690185841700
1	1000	0.1	889	8486515541843895
1	1000	0.2	889	404453516367675650
1	1000	0.4	889	2153179755257854e3
1	10000	0.1	889	1996781977351374800
1	10000	0.2	889	507212616836776640
1	10000	0.4	889	510631625116560640
2	1000	0.1	889	1636466830727799800
2	1000	0.2	889	1703883125274993700
2	1000	0.4	889	953398316480357900
2	10000	0.1	889	629496443388617500
2	10000	0.2	889	1276989135412301600
2	10000	0.4	889	833527661883809200
4	1000	0.1	889	785119415539663500
4	1000	0.2	889	2017791689675042600
4	1000	0.4	889	1760238254755938300
4	10000	0.1	889	1795759192963487200
4	10000	0.2	889	800558790123132e3
4	10000	0.4	889	1227923025331482e3
0.5	1000	0.1	890	201959201575462300
0.5	1000	0.2	890	1979995600636293e3
0.5	1000	0.4	890	2027240892415848e3
0.5	10000	0.1	890	1480104527282166
0.5	10000	0.2	890	2050786647530839600
0.5	10000	0.4	890	1501827129165430800
1	1000	0.1	890	1253329186296605400
1	1000	0.2	890	736641964921973500
1	1000	0.4	890	615687780503762400
1	10000	0.1	890	889770107821712600
1	10000	0.2	890	1460938685532455400
1	10000	0.4	890	2.8566146711561002e+17
2	1000	0.1	890	830808742520412200
2	1000	0.2	890	1144019191147305600
2	1000	0.4	890	1208784277041057800
2	10000	0.1	890	540648679054395840
2	10000	0.2	890	407594181957175550
2	10000	0.4	890	229667476955970700
4	1000	0.1	890	2054929679429254700
4	1000	0.2	890	663382580598201200
4	1000	0.4	890	275606411854953660
4	10000	0.1	890	787834132734608500
4	10000	0.2	890	1919938832757424600
4	10000	0.4	890	154550757154368580
0.5	1000	0.1	891	646365209135611800
0.5	1000	0.2	891	910983328432982300
0.5	1000	0.4	891	1121505803177914900
0.5	10000	0.1	891	1870179253872364e3
0.5	10000	0.2	891	271089575283581440
0.5	10000	0.4	891	719482583773499500
1	1000	0.1	891	1228898023079341300
1	1000	0.2	891	520409406827056900
1	1000	0.4	891	2000994229850198800
1	10000	0.1	891	1014065213027551200
1	10000	0.2	891	311068574944421250
1	10000	0.4	891	1548388846839584e3
2	1000	0.1	891	2051957395118699500
2	1000	0.2	891	379711659538494800
2	1000	0.4	891	1107411486612938400
2	10000	0.1	891	1314176039472390100
2	10000	0.2	891	509373335994393200
2	10000	0.4	891	421545524415246850
4	1000	0.1	891	350435598335454140
4	1000	0.2	891	1312963373725338600
4	1000	0.4	891	1337372878740834800
4	10000	0.1	891	1207093590417647600
4	10000	0.2	891	1084137083537789400
4	10000	0.4	891	585162914162942300
0.5	1000	0.1	892	1854799256501991e3
0.5	1000	0.2	892	1055419210154670600
0.5	1000	0.4	892	1631459568728839400
0.5	10000	0.1	892	2194376000247925200
0.5	10000	0.2	892	1670671020915656200
0.5	10000	0.4	892	1356994502312233500
1	1000	0.1	892	1098584094417226200
1	1000	0.2	892	1618224731741242400
1	1000	0.4	892	1045833893478778400
1	10000	0.1	892	1656593848741062700
1	10000	0.2	892	1506480396917154600
1	10000	0.4	892	1678526602965784600
2	1000	0.1	892	1293625321376735200
2	1000	0.2	892	1047575708697452900
2	1000	0.4	892	1655760442989009400
2	10000	0.1	892	260639726511411500
2	10000	0.2	892	1538543225163640300
2	10000	0.4	892	2096888935445657900
4	1000	0.1	892	279680675754979970
4	1000	0.2	892	522874814710363100
4	1000	0.4	892	2025709451070018e3
4	10000	0.1	892	2039900896425803500
4	10000	0.2	892	1083371355652130700
4	10000	0.4	892	2044272338707055e3
0.5	1000	0.1	893	610049255577013200
0.5	1000	0.2	893	1452449834605735e3
0.5	1000	0.4	893	1834005806551750100
0.5	10000	0.1	893	770222477027346400
0.5	10000	0.2	893	269566416702577860
0.5	10000	0.4	893	1135594681433939800
1	1000	0.1	893	758701450185710600
1	1000	0.2	893	1545870496061091600
1	1000	0.4	893	1610316205391238100
1	10000	0.1	893	635520704077736200
1	10000	0.2	893	507863572822882300
1	10000	0.4	893	1390563141646618600
2	1000	0.1	893	589865213070553600
2	1000	0.2	893	726869307153073500
2	1000	0.4	893	1618862142941377500
2	10000	0.1	893	1439100912194933200
2	10000	0.2	893	2186473152344223e3
2	10000	0.4	893	475636203794868160
4	1000	0.1	893	1998968079575664400
4	1000	0.2	893	1206684561748492500
4	1000	0.4	893	2155125245724941300
4	10000	0.1	893	866060868251201800
4	10000	0.2	893	1650013595512167400
4	10000	0.4	893	257057950863056480
0.5	1000	0.1	894	197075404419353540
0.5	1000	0.2	894	1527881089001719800
0.5	1000	0.4	894	802986201132083600
0.5	10000	0.1	894	1117267057745787500
0.5	10000	0.2	894	1319700379705950200
0.5	10000	0.4	894	1300125893529752e3
1	1000	0.1	894	2238451987935561e3
1	1000	0.2	894	501897932006139300
1	1000	0.4	894	453326548041780600
1	10000	0.1	894	1713215376244136e3
1	10000	0.2	894	1356826138884756700
1	10000	0.4	894	228678328212852030
2	1000	0.1	894	14018321263221978
2	1000	0.2	894	2099535973875408600
2	1000	0.4	894	2242517956998323
2	10000	0.1	894	971834993844070900
2	10000	0.2	894	1060326498157546e3
2	10000	0.4	894	1911491930065916200
4	1000	0.1	894	1443643872265737e3
4	1000	0.2	894	2274589593257319400
4	1000	0.4	894	605383711999627500
4	10000	0.1	894	684431957618620900
4	10000	0.2	894	1005653769378272e3
4	10000	0.4	894	360790420512658940
0.5	1000	0.1	895	2267617796822519800
0.5	1000	0.2	895	401935225850909060
0.5	1000	0.4	895	2110046377184345e3
0.5	10000	0.1	895	668615033477020200
0.5	10000	0.2	895	924893974775093900
0.5	10000	0.4	895	1651666753790728200
1	1000	0.1	895	1919395359935634400
1	1000	0.2	895	174673112745430850
1	1000	0.4	895	993731300736578200
1	10000	0.1	895	86100692333745650
1	10000	0.2	895	547569711939154600
1	10000	0.4	895	1714995013609920300
2	1000	0.1	895	1956953835997733e3
2	1000	0.2	895	1777859322081646300
2	1000	0.4	895	1225571535096617500
2	10000	0.1	895	1970799534285019100
2	10000	0.2	895	1437646528893453800
2	10000	0.4	895	2208199068625983500
4	1000	0.1	895	824898236534498600
4	1000	0.2	895	1315910202966465500
4	1000	0.4	895	608347523547609600
4	10000	0.1	895	801829191060362100
4	10000	0.2	895	2186258095387753500
4	10000	0.4	895	866598474952044e3
0.5	1000	0.1	896	1610192660072031700
0.5	1000	0.2	896	2163819444305718800
0.5	1000	0.4	896	2082427314887379500
0.5	10000	0.1	896	1999301991957693700
0.5	10000	0.2	896	2187215679784059400
0.5	10000	0.4	896	1661961235153797e3
1	1000	0.1	896	1770470385744234200
1	1000	0.2	896	133605183678504560
1	1000	0.4	896	2037910455176123e3
1	10000	0.1	896	714288808445773800
1	10000	0.2	896	1211163757515996e3
1	10000	0.4	896	2251420750284332500
2	1000	0.1	896	1591537192510118400
2	1000	0.2	896	1068698033205284e3
2	1000	0.4	896	1058474093613971300
2	10000	0.1	896	75090242847866960
2	10000	0.2	896	1159467092039357
2	10000	0.4	896	1911493813493261e3
4	1000	0.1	896	766656156741355500
4	1000	0.2	896	1730468150601252e3
4	1000	0.4	896	1254545967511858700
4	10000	0.1	896	159441698257513e4
4	10000	0.2	896	395389903335429440
4	10000	0.4	896	2.7495822218278438e+17
0.5	1000	0.1	897	2025912892906195500
0.5	1000	0.2	897	94096218342361360
0.5	1000	0.4	897	1908060405781712400
0.5	10000	0.1	897	1938427046004670700
0.5	10000	0.2	897	1392681376699675600
0.5	10000	0.4	897	1385015493519215400
1	1000	0.1	897	1471815662051483100
1	1000	0.2	897	3.4405452089114163e+17
1	1000	0.4	897	1955071484767179300
1	10000	0.1	897	2153835547039609600
1	10000	0.2	897	2297897811436302300
1	10000	0.4	897	2261388751049330200
2	1000	0.1	897	2056990001014655500
2	1000	0.2	897	1272410477731395600
2	1000	0.4	897	1812038796610781700
2	10000	0.1	897	1544156511321003e3
2	10000	0.2	897	40931808963631250
2	10000	0.4	897	1581472935003675100
4	1000	0.1	897	2033968841901716700
4	1000	0.2	897	526282225865913340
4	1000	0.4	897	1725899835023217200
4	10000	0.1	897	1794174167795825e3
4	10000	0.2	897	392804236868847740
4	10000	0.4	897	1054190921092110300
0.5	1000	0.1	898	1206751339347148800
0.5	1000	0.2	898	654121092249056800
0.5	1000	0.4	898	192399665155891840
0.5	10000	0.1	898	2210135531932677600
0.5	10000	0.2	898	381874403387138500
0.5	10000	0.4	898	1855634542823585300
1	1000	0.1	898	1101533860737079200
1	1000	0.2	898	1776116666426710800
1	1000	0.4	898	480126531991998500
1	10000	0.1	898	424698645189205200
1	10000	0.2	898	2020658749830170600
1	10000	0.4	898	1427336545399714e3
2	1000	0.1	898	1447163009623864300
2	1000	0.2	898	705423083886328200
2	1000	0.4	898	163442057867076740
2	10000	0.1	898	1778163060043843600
2	10000	0.2	898	1051030109651590400
2	10000	0.4	898	2146146986625815300
4	1000	0.1	898	404604596314009540
4	1000	0.2	898	131846574561305e4
4	1000	0.4	898	14017286604023e5
4	10000	0.1	898	1846190340264984e3
4	10000	0.2	898	427465124607527300
4	10000	0.4	898	168194371330127e4
0.5	1000	0.1	899	1080393850618087600
0.5	1000	0.2	899	979796384222843400
0.5	1000	0.4	899	2061902511503292200
0.5	10000	0.1	899	64050494706598504
0.5	10000	0.2	899	275423170870346460
0.5	10000	0.4	899	2185692669126495e3
1	1000	0.1	899	502963980144484200
1	1000	0.2	899	1252858450838515700
1	1000	0.4	899	1704414270975150600
1	10000	0.1	899	1475307805850613500
1	10000	0.2	899	772145502702340100
1	10000	0.4	899	1594242830503704300
2	1000	0.1	899	900644862448538500
2	1000	0.2	899	2020247597516942e3
2	1000	0.4	899	459635954017070800
2	10000	0.1	899	821490190752622200
2	10000	0.2	899	1108085930741287800
2	10000	0.4	899	1599640222402244900
4	1000	0.1	899	872023695928403600
4	1000	0.2	899	570719253395676300
4	1000	0.4	899	821979393972459900
4	10000	0.1	899	79888791021943120
4	10000	0.2	899	1144286014995965400
4	10000	0.4	899	1599816030397015e3
0.5	1000	0.1	900	708372913684286800
0.5	1000	0.2	900	186277466586904740
0.5	1000	0.4	900	1552233364236706300
0.5	10000	0.1	900	360248295699757100
0.5	10000	0.2	900	303448214970099400
0.5	10000	0.4	900	1095755076881272600
1	1000	0.1	900	1180915426594178e3
1	1000	0.2	900	2116108974363315700
1	1000	0.4	900	814400381125465100
1	10000	0.1	900	295155109356988200
1	10000	0.2	900	154616713927793820
1	10000	0.4	900	2040656976983171e3
2	1000	0.1	900	984683935829653800
2	1000	0.2	900	492328139984720450
2	1000	0.4	900	1531939647798871600
2	10000	0.1	900	2209635863160017700
2	10000	0.2	900	1712929783754909200
2	10000	0.4	900	2052438656061171500
4	1000	0.1	900	143106188756796820
4	1000	0.2	900	592475238788243800
4	1000	0.4	900	2294164312408029700
4	10000	0.1	900	2214504904900946200
4	10000	0.2	900	418647839242639300
4	10000	0.4	900	520534957572564800
0.5	1000	0.1	901	1871869498173142e3
0.5	1000	0.2	901	1255318799031663e3
0.5	1000	0.4	901	1892230289321297e3
0.5	10000	0.1	901	1583178242381378800
0.5	10000	0.2	901	765428905857899300
0.5	10000	0.4	901	1611312993599112200
1	1000	0.1	901	1271857134655032600
1	1000	0.2	901	1714862615159529200
1	1000	0.4	901	1394977926247163600
1	10000	0.1	901	2016072105600001500
1	10000	0.2	901	192384732289928e3
1	10000	0.4	901	1417209594359553e3
2	1000	0.1	901	1924488180690768400
2	1000	0.2	901	977813624867295600
2	1000	0.4	901	936956676923176800
2	10000	0.1	901	339255988928581760
2	10000	0.2	901	372536031683099700
2	10000	0.4	901	438770188329929660
4	1000	0.1	901	936712943688837200
4	1000	0.2	901	2000515389518776300
4	1000	0.4	901	2261101937933537800
4	10000	0.1	901	435467379449702900
4	10000	0.2	901	1350188130216352800
4	10000	0.4	901	1747210457132283e3
0.5	1000	0.1	902	596210350150353900
0.5	1000	0.2	902	340682503907322940
0.5	1000	0.4	902	585617743735040500
0.5	10000	0.1	902	1037515137059094800
0.5	10000	0.2	902	1733948988266112500
0.5	10000	0.4	902	1023170989154143400
1	1000	0.1	902	1975233055733023e3
1	1000	0.2	902	913934376866999e3
1	1000	0.4	902	1054926768487187e3
1	10000	0.1	902	89886589414341420
1	10000	0.2	902	1081295815860796900
1	10000	0.4	902	306277173099584960
2	1000	0.1	902	1143704351060578e3
2	1000	0.2	902	1586769042070177300
2	1000	0.4	902	1010050956996386700
2	10000	0.1	902	1953097121156961800
2	10000	0.2	902	207918132966556e4
2	10000	0.4	902	1054151943953758800
4	1000	0.1	902	898591142166969700
4	1000	0.2	902	1813662824551679500
4	1000	0.4	902	233730909072108350
4	10000	0.1	902	994719257895065900
4	10000	0.2	902	1798037379462681e3
4	10000	0.4	902	268409486976700830
0.5	1000	0.1	903	2012964439492380200
0.5	1000	0.2	903	2124377226430777600
0.5	1000	0.4	903	308269865308315650
0.5	10000	0.1	903	452391166658774600
0.5	10000	0.2	903	858559438630844400
0.5	10000	0.4	903	642830033350658800
1	1000	0.1	903	2181613864869867300
1	1000	0.2	903	1016516674104457600
1	1000	0.4	903	2014656340279111400
1	10000	0.1	903	2156748787194782700
1	10000	0.2	903	543496496312928300
1	10000	0.4	903	761240433261281400
2	1000	0.1	903	9405097889112184
2	1000	0.2	903	1158219563476007400
2	1000	0.4	903	1638561180209313800
2	10000	0.1	903	1892634125027842e3
2	10000	0.2	903	975199372786031500
2	10000	0.4	903	821036769100331300
4	1000	0.1	903	140330405801328980
4	1000	0.2	903	1957821270264577500
4	1000	0.4	903	619080159227238400
4	10000	0.1	903	1823765481303451600
4	10000	0.2	903	2082455226690073900
4	10000	0.4	903	2193657499278765800
0.5	1000	0.1	904	630824676104278e3
0.5	1000	0.2	904	1155490884719910400
0.5	1000	0.4	904	1595338525713371e3
0.5	10000	0.1	904	926189319255633900
0.5	10000	0.2	904	1665839948240718300
0.5	10000	0.4	904	543294677341734800
1	1000	0.1	904	604890399589619700
1	1000	0.2	904	1201962126392651800
1	1000	0.4	904	2035744407780804900
1	10000	0.1	904	1891290770804839400
1	10000	0.2	904	1384997279085748700
1	10000	0.4	904	356226757688678300
2	1000	0.1	904	52002258897621344
2	1000	0.2	904	778909954733483e3
2	1000	0.4	904	2185949471954474500
2	10000	0.1	904	1998056275006749400
2	10000	0.2	904	1322298515547636e3
2	10000	0.4	904	95965918626444910
4	1000	0.1	904	226286895467993e3
4	1000	0.2	904	389462699849167400
4	1000	0.4	904	887394107731733500
4	10000	0.1	904	491693822540995200
4	10000	0.2	904	1090746863531974300
4	10000	0.4	904	1846026930531283500
0.5	1000	0.1	905	100730140678863820
0.5	1000	0.2	905	292300485528007040
0.5	1000	0.4	905	1473458334250270500
0.5	10000	0.1	905	2176809304444166700
0.5	10000	0.2	905	1553638021219750700
0.5	10000	0.4	905	480785744128979e3
1	1000	0.1	905	616119911257242800
1	1000	0.2	905	1766467467428734700
1	1000	0.4	905	691494263842147200
1	10000	0.1	905	1461610968534264600
1	10000	0.2	905	2107331313559462100
1	10000	0.4	905	204724871429017630
2	1000	0.1	905	1592994844844108500
2	1000	0.2	905	973517182689034100
2	1000	0.4	905	1161804189758868500
2	10000	0.1	905	106259467714075620
2	10000	0.2	905	2178620934238734e3
2	10000	0.4	905	1668906362886451200
4	1000	0.1	905	398289388131057600
4	1000	0.2	905	673376538542844800
4	1000	0.4	905	1605574721094297300
4	10000	0.1	905	402012099891271300
4	10000	0.2	905	1511438196134533600
4	10000	0.4	905	578514357906935e3
0.5	1000	0.1	906	1876844629255791400
0.5	1000	0.2	906	1308018120523547100
0.5	1000	0.4	906	314007634183066100
0.5	10000	0.1	906	994979760783267500
0.5	10000	0.2	906	765115129094882600
0.5	10000	0.4	906	1405987588672721700
1	1000	0.1	906	1834381833470858500
1	1000	0.2	906	1951168152097759e3
1	1000	0.4	906	1412027898384280800
1	10000	0.1	906	2113438901213634600
1	10000	0.2	906	1677677331217769200
1	10000	0.4	906	1870907365393987600
2	1000	0.1	906	1.7618461688754719e+18
2	1000	0.2	906	419586424432421700
2	1000	0.4	906	489849488082389400
2	10000	0.1	906	1276436653411293700
2	10000	0.2	906	118558059749907900
2	10000	0.4	906	134517039038382340
4	1000	0.1	906	528456130390240960
4	1000	0.2	906	928068562622171500
4	1000	0.4	906	440564345644619500
4	10000	0.1	906	1737567136036765400
4	10000	0.2	906	503619775206872260
4	10000	0.4	906	963094879002873200
0.5	1000	0.1	907	1983769041342068700
0.5	1000	0.2	907	1622026906534124500
0.5	1000	0.4	907	1962723169288488400
0.5	10000	0.1	907	2082364697031242200
0.5	10000	0.2	907	20008072302177404
0.5	10000	0.4	907	488739514274913540
1	1000	0.1	907	1699126168746666500
1	1000	0.2	907	92207647683799150
1	1000	0.4	907	1172454320437242600
1	10000	0.1	907	1554767367434756e3
1	10000	0.2	907	67286606722093344
1	10000	0.4	907	2.6563827475094202e+17
2	1000	0.1	907	2077580951393396700
2	1000	0.2	907	1159127964097336300
2	1000	0.4	907	1905914368510741e3
2	10000	0.1	907	578939236456944e3
2	10000	0.2	907	761749499434993300
2	10000	0.4	907	1699031677025873700
4	1000	0.1	907	1103426225083993300
4	1000	0.2	907	203777465450413100
4	1000	0.4	907	1968739786135617500
4	10000	0.1	907	892511422850005100
4	10000	0.2	907	590483600637999200
4	10000	0.4	907	2242038043276304600
0.5	1000	0.1	908	464916820306661760
0.5	1000	0.2	908	531989294236235650
0.5	1000	0.4	908	6557824677404044
0.5	10000	0.1	908	2167778973895751400
0.5	10000	0.2	908	1709973296682821600
0.5	10000	0.4	908	946635936645646300
1	1000	0.1	908	1980659846534545e3
1	1000	0.2	908	1313732076003278600
1	1000	0.4	908	1037634752843492400
1	10000	0.1	908	707660841605094800
1	10000	0.2	908	1698205887977516e3
1	10000	0.4	908	1643309704021205800
2	1000	0.1	908	147647631659157860
2	1000	0.2	908	2181878109862224600
2	1000	0.4	908	2170156800262750700
2	10000	0.1	908	101852186135398380
2	10000	0.2	908	26999117051048072
2	10000	0.4	908	1463698882392578300
4	1000	0.1	908	1316975039968608300
4	1000	0.2	908	475560645399093700
4	1000	0.4	908	1193737949977446e3
4	10000	0.1	908	2136254705605922300
4	10000	0.2	908	281422596623257820
4	10000	0.4	908	324396752141999360
0.5	1000	0.1	909	367372377586695740
0.5	1000	0.2	909	1486673288066183700
0.5	1000	0.4	909	1020307105872367100
0.5	10000	0.1	909	2118060351590705e3
0.5	10000	0.2	909	498975350673073540
0.5	10000	0.4	909	1594438417497285600
1	1000	0.1	909	1770462382951180300
1	1000	0.2	909	805862190700476800
1	1000	0.4	909	1698112470199279400
1	10000	0.1	909	1.0026539019905019e+17
1	10000	0.2	909	1522117166371786e3
1	10000	0.4	909	2277895436125147100
2	1000	0.1	909	647643023980928300
2	1000	0.2	909	321638799262834200
2	1000	0.4	909	1105879826626595700
2	10000	0.1	909	1738376767900063200
2	10000	0.2	909	1456018583142602800
2	10000	0.4	909	1406129359675430700
4	1000	0.1	909	1291195229350210300
4	1000	0.2	909	2251877895213925e3
4	1000	0.4	909	1121672467084644600
4	10000	0.1	909	2189368515546450400
4	10000	0.2	909	814924308164415700
4	10000	0.4	909	1140468884936482700
0.5	1000	0.1	910	99262323364798400
0.5	1000	0.2	910	1609700805309588e3
0.5	1000	0.4	910	1064577216232613200
0.5	10000	0.1	910	695417164551071400
0.5	10000	0.2	910	1387524538236966e3
0.5	10000	0.4	910	1950218831038635300
1	1000	0.1	910	899260149603600100
1	1000	0.2	910	1568510435669618700
1	1000	0.4	910	97089908874341940
1	10000	0.1	910	763757643267396400
1	10000	0.2	910	862589661044465900
1	10000	0.4	910	1888009254740205600
2	1000	0.1	910	222276079096055840
2	1000	0.2	910	2037408403601286400
2	1000	0.4	910	1816758718737899300
2	10000	0.1	910	519078687202039040
2	10000	0.2	910	1439186659395381200
2	10000	0.4	910	1633231329253829e3
4	1000	0.1	910	626081807008461200
4	1000	0.2	910	250696492970831740
4	1000	0.4	910	1258145579859399400
4	10000	0.1	910	1270535601997562600
4	10000	0.2	910	1423746576460216800
4	10000	0.4	910	333128398487059800
0.5	1000	0.1	911	1760534230122471400
0.5	1000	0.2	911	44561727285835496
0.5	1000	0.4	911	2091092300378802e3
0.5	10000	0.1	911	1201254402604841500
0.5	10000	0.2	911	1175232307040506600
0.5	10000	0.4	911	1038911186919803600
1	1000	0.1	911	600163270427801200
1	1000	0.2	911	870985055276991e3
1	1000	0.4	911	1213228598081769200
1	10000	0.1	911	2161512328368168400
1	10000	0.2	911	515468102181279940
1	10000	0.4	911	1541451284826796e3
2	1000	0.1	911	1281957365622415e3
2	1000	0.2	911	1890799289696006700
2	1000	0.4	911	317586504455835100
2	10000	0.1	911	799191195931940200
2	10000	0.2	911	1934559343512590800
2	10000	0.4	911	970577896279477500
4	1000	0.1	911	749270770384587e3
4	1000	0.2	911	916113894841627900
4	1000	0.4	911	1664791431537938400
4	10000	0.1	911	972650521859131800
4	10000	0.2	911	1217019880006401300
4	10000	0.4	911	1462861682142632e3
0.5	1000	0.1	912	1244449505633778200
0.5	1000	0.2	912	1666243333197863700
0.5	1000	0.4	912	2226443903219998500
0.5	10000	0.1	912	2171467910092316700
0.5	10000	0.2	912	1881343619057349e3
0.5	10000	0.4	912	1031909536673404900
1	1000	0.1	912	973129256611060900
1	1000	0.2	912	1257997440520680700
1	1000	0.4	912	1490447591257472e3
1	10000	0.1	912	2205043056856935400
1	10000	0.2	912	22403079005785e5
1	10000	0.4	912	546958078958295300
2	1000	0.1	912	1830160008846613800
2	1000	0.2	912	1598378867027220200
2	1000	0.4	912	1568401204053661700
2	10000	0.1	912	1108683386869312300
2	10000	0.2	912	515531810935674800
2	10000	0.4	912	1701563104284091400
4	1000	0.1	912	1836041177779004400
4	1000	0.2	912	1792136262187227e3
4	1000	0.4	912	1180442837126228e3
4	10000	0.1	912	1770547129707458300
4	10000	0.2	912	820818792382617700
4	10000	0.4	912	553483881948757950
0.5	1000	0.1	913	1692054224200234e3
0.5	1000	0.2	913	98734400520519e4
0.5	1000	0.4	913	2232114615094630700
0.5	10000	0.1	913	2032383601966898200
0.5	10000	0.2	913	321767742353331900
0.5	10000	0.4	913	270105638276861700
1	1000	0.1	913	2222141324499614700
1	1000	0.2	913	1706571155966714600
1	1000	0.4	913	798605752129779200
1	10000	0.1	913	108473644946846e4
1	10000	0.2	913	1251957971126582e3
1	10000	0.4	913	1487527803016458500
2	1000	0.1	913	2089322267645907200
2	1000	0.2	913	859468171985081700
2	1000	0.4	913	1662477226188793300
2	10000	0.1	913	389019861718943040
2	10000	0.2	913	2003047825906682600
2	10000	0.4	913	1429898982606871300
4	1000	0.1	913	2260904866153789e3
4	1000	0.2	913	2257569365780193e3
4	1000	0.4	913	1602022536778847e3
4	10000	0.1	913	1870946706127117e3
4	10000	0.2	913	948512890368616800
4	10000	0.4	913	420709634657606e3
0.5	1000	0.1	914	1022871935197103600
0.5	1000	0.2	914	625426075002077300
0.5	1000	0.4	914	770172619293378200
0.5	10000	0.1	914	358890002640044500
0.5	10000	0.2	914	789927948644466600
0.5	10000	0.4	914	1128432303808233600
1	1000	0.1	914	2205390818426168300
1	1000	0.2	914	2100733360190008600
1	1000	0.4	914	1924208290205101600
1	10000	0.1	914	2277682078717971200
1	10000	0.2	914	1687384352501752800
1	10000	0.4	914	2296208676759968300
2	1000	0.1	914	414696037956673800
2	1000	0.2	914	1216913123455603200
2	1000	0.4	914	2229203592787632600
2	10000	0.1	914	992445933540619e3
2	10000	0.2	914	1792947937522022400
2	10000	0.4	914	2096611672051019300
4	1000	0.1	914	1674338365869447200
4	1000	0.2	914	149122026132011870
4	1000	0.4	914	1298316536295743e3
4	10000	0.1	914	807823113266127200
4	10000	0.2	914	312322157413695700
4	10000	0.4	914	676677749574404e3
0.5	1000	0.1	915	237524055367770750
0.5	1000	0.2	915	232008130630051840
0.5	1000	0.4	915	2179637974388955100
0.5	10000	0.1	915	2287736312509731300
0.5	10000	0.2	915	262778632772669340
0.5	10000	0.4	915	1946271355688325400
1	1000	0.1	915	776885508512077200
1	1000	0.2	915	1112979417722978800
1	1000	0.4	915	996247683161252400
1	10000	0.1	915	50307950215913160
1	10000	0.2	915	1796898319760102400
1	10000	0.4	915	2136904111513623e3
2	1000	0.1	915	380644481066997760
2	1000	0.2	915	1063246662666757200
2	1000	0.4	915	869456075954573700
2	10000	0.1	915	740095263721040500
2	10000	0.2	915	1.1463047193971279e+18
2	10000	0.4	915	1289771458083805700
4	1000	0.1	915	2285424863372119e3
4	1000	0.2	915	2080774164399649e3
4	1000	0.4	915	249045543011551040
4	10000	0.1	915	1429843485389732400
4	10000	0.2	915	656669970185499100
4	10000	0.4	915	1258668682609776400
0.5	1000	0.1	916	1095230620062079900
0.5	1000	0.2	916	1313651119344188e3
0.5	1000	0.4	916	1228687749867679500
0.5	10000	0.1	916	983727040917865200
0.5	10000	0.2	916	311855196064994100
0.5	10000	0.4	916	660750935140274200
1	1000	0.1	916	1126605378609654800
1	1000	0.2	916	441982733999688100
1	1000	0.4	916	577362314114073100
1	10000	0.1	916	775332833351034400
1	10000	0.2	916	1403904520090488e3
1	10000	0.4	916	360149279877171700
2	1000	0.1	916	262651309500841340
2	1000	0.2	916	2204452518015103e3
2	1000	0.4	916	1128051532933338800
2	10000	0.1	916	1295312245634250500
2	10000	0.2	916	1431098947985616400
2	10000	0.4	916	1549618674620271400
4	1000	0.1	916	2105219423549378e3
4	1000	0.2	916	1425097310718887700
4	1000	0.4	916	1383075555932712200
4	10000	0.1	916	684450333193794e3
4	10000	0.2	916	229859008372399e4
4	10000	0.4	916	51763078463987870
0.5	1000	0.1	917	589461798997116500
0.5	1000	0.2	917	2083808312546698500
0.5	1000	0.4	917	455301486082474900
0.5	10000	0.1	917	2044311128987074800
0.5	10000	0.2	917	1996319865131157500
0.5	10000	0.4	917	254246195693040500
1	1000	0.1	917	458857166201983e3
1	1000	0.2	917	2042492266645604e3
1	1000	0.4	917	2177020868141536e3
1	10000	0.1	917	719962587587175700
1	10000	0.2	917	173921666442989060
1	10000	0.4	917	1219539470625256200
2	1000	0.1	917	814996808233409900
2	1000	0.2	917	1556273836638993400
2	1000	0.4	917	1832540853286204400
2	10000	0.1	917	219186430216338460
2	10000	0.2	917	7799806491784549
2	10000	0.4	917	901045963808943500
4	1000	0.1	917	2075841003925873e3
4	1000	0.2	917	1630663035657655800
4	1000	0.4	917	743531336383112200
4	10000	0.1	917	1662890124601194e3
4	10000	0.2	917	1772989292661672700
4	10000	0.4	917	211814624863651400
0.5	1000	0.1	918	2197474025315239700
0.5	1000	0.2	918	1197332214647634400
0.5	1000	0.4	918	598566560206996200
0.5	10000	0.1	918	1267557171101142300
0.5	10000	0.2	918	684159144552802800
0.5	10000	0.4	918	24980347637221128
1	1000	0.1	918	956102757425111600
1	1000	0.2	918	466112216296912400
1	1000	0.4	918	346834399982751300
1	10000	0.1	918	1698598498093645e3
1	10000	0.2	918	1079842658743449700
1	10000	0.4	918	1460586933267860700
2	1000	0.1	918	1547299138205172200
2	1000	0.2	918	1236018276204601300
2	1000	0.4	918	2163172016588143400
2	10000	0.1	918	1676258342509647400
2	10000	0.2	918	1129949091505075300
2	10000	0.4	918	1159937090725192700
4	1000	0.1	918	371401532836103400
4	1000	0.2	918	1180784125544337700
4	1000	0.4	918	2220157777007146500
4	10000	0.1	918	1285962838406324200
4	10000	0.2	918	393037648044809300
4	10000	0.4	918	649884670486748e3
0.5	1000	0.1	919	1054065977848571400
0.5	1000	0.2	919	5.6768789770853357e+17
0.5	1000	0.4	919	732741823246656800
0.5	10000	0.1	919	2293544741884513300
0.5	10000	0.2	919	1025740944580641800
0.5	10000	0.4	919	990362828925533e3
1	1000	0.1	919	1327916075379684e3
1	1000	0.2	919	882939505056101500
1	1000	0.4	919	2104705249237985800
1	10000	0.1	919	981694896936780700
1	10000	0.2	919	2079011279433292800
1	10000	0.4	919	927690706398759700
2	1000	0.1	919	1719851078706357500
2	1000	0.2	919	2175242094497378600
2	1000	0.4	919	1600900927704088e3
2	10000	0.1	919	56410617799378824
2	10000	0.2	919	916200664914372200
2	10000	0.4	919	269809429783451940
4	1000	0.1	919	1806445668969777200
4	1000	0.2	919	1530685681245965300
4	1000	0.4	919	1501556141276802e3
4	10000	0.1	919	1222826067301160200
4	10000	0.2	919	1460191569807615500
4	10000	0.4	919	1077239196417721900
0.5	1000	0.1	920	427375519251547500
0.5	1000	0.2	920	884740601240451500
0.5	1000	0.4	920	2252696592348146e3
0.5	10000	0.1	920	688171676631249200
0.5	10000	0.2	920	1359705861402553300
0.5	10000	0.4	920	1014585697136577900
1	1000	0.1	920	1796965820494233900
1	1000	0.2	920	498162476924286100
1	1000	0.4	920	180375975428430600
1	10000	0.1	920	1765559293143942100
1	10000	0.2	920	668046362836819200
1	10000	0.4	920	2247901032658835200
2	1000	0.1	920	2279984253064496400
2	1000	0.2	920	1838004445433307e3
2	1000	0.4	920	1493399794366617e3
2	10000	0.1	920	1475873441906758100
2	10000	0.2	920	1324208453985812200
2	10000	0.4	920	2142892168580500700
4	1000	0.1	920	798987820095248100
4	1000	0.2	920	1872684691838310400
4	1000	0.4	920	2188427180663536400
4	10000	0.1	920	1969618137857249300
4	10000	0.2	920	152042466314708200
4	10000	0.4	920	1156214977844607e3
0.5	1000	0.1	921	1031483596566654200
0.5	1000	0.2	921	2248587782680990200
0.5	1000	0.4	921	1547298377266806e3
0.5	10000	0.1	921	2011841640022649900
0.5	10000	0.2	921	2149266108805804800
0.5	10000	0.4	921	1600414287502609700
1	1000	0.1	921	35171262981434276
1	1000	0.2	921	482936040557428300
1	1000	0.4	921	1854466281880957e3
1	10000	0.1	921	1472846402759111200
1	10000	0.2	921	228684179839366080
1	10000	0.4	921	208374566095964e4
2	1000	0.1	921	899906506933191e3
2	1000	0.2	921	2135460605614424e3
2	1000	0.4	921	641219782891599500
2	10000	0.1	921	1357339807252370700
2	10000	0.2	921	780571699130153600
2	10000	0.4	921	530366324854168400
4	1000	0.1	921	1.2090385070178141e+17
4	1000	0.2	921	690861044891956200
4	1000	0.4	921	509394872061138050
4	10000	0.1	921	1539528882995915500
4	10000	0.2	921	922310448934289200
4	10000	0.4	921	1000088895889885700
0.5	1000	0.1	922	1767637072794688300
0.5	1000	0.2	922	990389592056193500
0.5	1000	0.4	922	993846502765828100
0.5	10000	0.1	922	1683104455030159400
0.5	10000	0.2	922	1732954244959416300
0.5	10000	0.4	922	228866809481931040
1	1000	0.1	922	1882828176224086800
1	1000	0.2	922	1747878182533048600
1	1000	0.4	922	2202022872395198700
1	10000	0.1	922	496446288429465660
1	10000	0.2	922	1320535018599391500
1	10000	0.4	922	1008664612708476400
2	1000	0.1	922	1415509347268294700
2	1000	0.2	922	2164242210110860300
2	1000	0.4	922	1391124519864239600
2	10000	0.1	922	33031156865860472
2	10000	0.2	922	1365766801318344700
2	10000	0.4	922	311844859671407600
4	1000	0.1	922	330618294416246660
4	1000	0.2	922	26536636300475432
4	1000	0.4	922	629823073861362400
4	10000	0.1	922	1794627484581879e3
4	10000	0.2	922	1996589791566602200
4	10000	0.4	922	340729776947133760
0.5	1000	0.1	923	510095790530121200
0.5	1000	0.2	923	1234837905670212400
0.5	1000	0.4	923	394385616482041340
0.5	10000	0.1	923	287325734955349660
0.5	10000	0.2	923	1393670278233016e3
0.5	10000	0.4	923	814727040369448600
1	1000	0.1	923	720733401028140200
1	1000	0.2	923	206160229194732800
1	1000	0.4	923	456542345177732600
1	10000	0.1	923	2173312682062827500
1	10000	0.2	923	477983660249506900
1	10000	0.4	923	774437916802878100
2	1000	0.1	923	2045754203801526e3
2	1000	0.2	923	743451840231181e3
2	1000	0.4	923	640486488758518700
2	10000	0.1	923	1942939363290201e3
2	10000	0.2	923	1632117985897545200
2	10000	0.4	923	934750215126328600
4	1000	0.1	923	1287784435084479e3
4	1000	0.2	923	1549058869097426400
4	1000	0.4	923	1661121592765231600
4	10000	0.1	923	2140821895475135e3
4	10000	0.2	923	1315025936735980500
4	10000	0.4	923	292793031274474560
0.5	1000	0.1	924	1341702734380618800
0.5	1000	0.2	924	1879423284779589600
0.5	1000	0.4	924	1547934601124058e3
0.5	10000	0.1	924	97615991486349900
0.5	10000	0.2	924	106461275600122080
0.5	10000	0.4	924	394023370312426900
1	1000	0.1	924	1672906450888899600
1	1000	0.2	924	494610639802963400
1	1000	0.4	924	174245646503863200
1	10000	0.1	924	28084727265983232
1	10000	0.2	924	2190326456987523800
1	10000	0.4	924	1665722442089423400
2	1000	0.1	924	1645812499575311400
2	1000	0.2	924	632901358830187100
2	1000	0.4	924	2115411910313474800
2	10000	0.1	924	1035771199348424300
2	10000	0.2	924	1753711897360197600
2	10000	0.4	924	1718234458969054700
4	1000	0.1	924	1084597320425313500
4	1000	0.2	924	1921371957704676400
4	1000	0.4	924	115063644140162530
4	10000	0.1	924	2026826326771115500
4	10000	0.2	924	1135615320568313100
4	10000	0.4	924	380672018281945860
0.5	1000	0.1	925	1056124228009185800
0.5	1000	0.2	925	304971441782468100
0.5	1000	0.4	925	2040553093193347600
0.5	10000	0.1	925	402722007599802750
0.5	10000	0.2	925	2214393144637592300
0.5	10000	0.4	925	18901892696790100
1	1000	0.1	925	2019906429232055800
1	1000	0.2	925	2223499957082820600
1	1000	0.4	925	266854513874691330
1	10000	0.1	925	1984563674401966e3
1	10000	0.2	925	1629774909354760200
1	10000	0.4	925	352223794293641300
2	1000	0.1	925	1791703333623463700
2	1000	0.2	925	2176555170190628900
2	1000	0.4	925	278128069821955840
2	10000	0.1	925	380934321020234e3
2	10000	0.2	925	1162917797139513900
2	10000	0.4	925	694687221498321200
4	1000	0.1	925	2302477048885641200
4	1000	0.2	925	98972762937417540
4	1000	0.4	925	1882306375080507e3
4	10000	0.1	925	592253943222948400
4	10000	0.2	925	779272498538699100
4	10000	0.4	925	83205545067000450
0.5	1000	0.1	926	2112982981170916e3
0.5	1000	0.2	926	1135176662694560800
0.5	1000	0.4	926	1631674140279869200
0.5	10000	0.1	926	1669583499530939100
0.5	10000	0.2	926	347170148625891400
0.5	10000	0.4	926	1236846008104726800
1	1000	0.1	926	2024928291060724700
1	1000	0.2	926	583316462645408600
1	1000	0.4	926	731463378608896800
1	10000	0.1	926	656575493614277200
1	10000	0.2	926	158595434911736320
1	10000	0.4	926	1687980689037873e3
2	1000	0.1	926	614553519539384700
2	1000	0.2	926	777360658623755800
2	1000	0.4	926	1502909256125615600
2	10000	0.1	926	1557333300237068500
2	10000	0.2	926	389996608834971140
2	10000	0.4	926	1191014685311476700
4	1000	0.1	926	1721456471215443500
4	1000	0.2	926	1356252158408633300
4	1000	0.4	926	2114200826402157600
4	10000	0.1	926	730810207582227100
4	10000	0.2	926	1422017786272713200
4	10000	0.4	926	774985661303930200
0.5	1000	0.1	927	952459582097097700
0.5	1000	0.2	927	1494606188613148700
0.5	1000	0.4	927	426799395947716800
0.5	10000	0.1	927	885230275502134700
0.5	10000	0.2	927	1838940471921604900
0.5	10000	0.4	927	155305283484971780
1	1000	0.1	927	243767432831622500
1	1000	0.2	927	810447492114977e3
1	1000	0.4	927	701906294947593500
1	10000	0.1	927	749114925114077700
1	10000	0.2	927	387679526857849100
1	10000	0.4	927	1196772707245176e3
2	1000	0.1	927	103448286916709e4
2	1000	0.2	927	369022077824925250
2	1000	0.4	927	1817238004312885800
2	10000	0.1	927	899183360182091600
2	10000	0.2	927	1955904327732653800
2	10000	0.4	927	1928665964946115600
4	1000	0.1	927	4.4523903050273203e+17
4	1000	0.2	927	582417718891575400
4	1000	0.4	927	1544198592207187200
4	10000	0.1	927	1055524148736765600
4	10000	0.2	927	1774721495448417800
4	10000	0.4	927	131792080056573950
0.5	1000	0.1	928	1702343433035486200
0.5	1000	0.2	928	624379531277423400
0.5	1000	0.4	928	109589367745946820
0.5	10000	0.1	928	2240788680054056400
0.5	10000	0.2	928	1183156860809199600
0.5	10000	0.4	928	2049762147255828200
1	1000	0.1	928	1516624231742748e3
1	1000	0.2	928	1710762282365811700
1	1000	0.4	928	1755411664874611500
1	10000	0.1	928	1891749772139159300
1	10000	0.2	928	602465986247815800
1	10000	0.4	928	1288827606412660200
2	1000	0.1	928	250243594828755420
2	1000	0.2	928	356485803317984200
2	1000	0.4	928	252389969948224960
2	10000	0.1	928	1107873025266970900
2	10000	0.2	928	1985050806917499100
2	10000	0.4	928	241615267173681860
4	1000	0.1	928	1104847288137859800
4	1000	0.2	928	1366803579488742100
4	1000	0.4	928	1772050687871017e3
4	10000	0.1	928	993076486134794100
4	10000	0.2	928	470504005400434700
4	10000	0.4	928	1953259793619518e3
0.5	1000	0.1	929	1122753368917851e3
0.5	1000	0.2	929	1519749207225327e3
0.5	1000	0.4	929	1811122668492906500
0.5	10000	0.1	929	1763271368184635400
0.5	10000	0.2	929	1138914351474343e3
0.5	10000	0.4	929	378026006440997200
1	1000	0.1	929	800447378434577900
1	1000	0.2	929	1006241335735250600
1	1000	0.4	929	2.0916780168557599e+18
1	10000	0.1	929	966574845102945900
1	10000	0.2	929	1907895796397401e3
1	10000	0.4	929	519681861345737e3
2	1000	0.1	929	428416511478427500
2	1000	0.2	929	1720039635335937e3
2	1000	0.4	929	804750015697960200
2	10000	0.1	929	1189701365873402e3
2	10000	0.2	929	332782991363745860
2	10000	0.4	929	2.5364696977393802e+17
4	1000	0.1	929	1614049463623835600
4	1000	0.2	929	109406755906469440
4	1000	0.4	929	1462229107774991e3
4	10000	0.1	929	855827460219953900
4	10000	0.2	929	107125078396719e4
4	10000	0.4	929	517902362211548600
0.5	1000	0.1	930	640820486594291600
0.5	1000	0.2	930	658913398855729900
0.5	1000	0.4	930	1247730602116471600
0.5	10000	0.1	930	571726723312118200
0.5	10000	0.2	930	899596889360010400
0.5	10000	0.4	930	1279906640838723300
1	1000	0.1	930	907071275209224400
1	1000	0.2	930	783400721056626300
1	1000	0.4	930	825861667730055600
1	10000	0.1	930	1688299136225521700
1	10000	0.2	930	2.1080566518719841e+18
1	10000	0.4	930	953330139348803200
2	1000	0.1	930	1330788909351010600
2	1000	0.2	930	1142352213589024500
2	1000	0.4	930	1226738830658018e3
2	10000	0.1	930	1.4088364084386079e+18
2	10000	0.2	930	1261275548317331500
2	10000	0.4	930	949941064696019e3
4	1000	0.1	930	980398968420512500
4	1000	0.2	930	952400780333788900
4	1000	0.4	930	1926992525864682200
4	10000	0.1	930	1072547417487769900
4	10000	0.2	930	187047771899129700
4	10000	0.4	930	194144220869456480
0.5	1000	0.1	931	1616411495277798400
0.5	1000	0.2	931	170880588586451460
0.5	1000	0.4	931	2251587496517842e3
0.5	10000	0.1	931	2156497403851355100
0.5	10000	0.2	931	1970418915745439700
0.5	10000	0.4	931	1686933397263346700
1	1000	0.1	931	297497732717917200
1	1000	0.2	931	857174417040441900
1	1000	0.4	931	904032276686213900
1	10000	0.1	931	853665051099651100
1	10000	0.2	931	280217511994344900
1	10000	0.4	931	127665807991916780
2	1000	0.1	931	503054741659580540
2	1000	0.2	931	1734164974055734e3
2	1000	0.4	931	1115035030712104200
2	10000	0.1	931	1987419889188884200
2	10000	0.2	931	2151766729619059e3
2	10000	0.4	931	2080463904573746e3
4	1000	0.1	931	587108452638769400
4	1000	0.2	931	651491061248769800
4	1000	0.4	931	1832787775839562e3
4	10000	0.1	931	441008867200894600
4	10000	0.2	931	242184338046002240
4	10000	0.4	931	1345888682640981500
0.5	1000	0.1	932	2088468952060963300
0.5	1000	0.2	932	174086941321988e3
0.5	1000	0.4	932	1506231255756756700
0.5	10000	0.1	932	123415754048916240
0.5	10000	0.2	932	1807881230513663700
0.5	10000	0.4	932	1707603972823943200
1	1000	0.1	932	890265770942682e3
1	1000	0.2	932	2121821424428162800
1	1000	0.4	932	634080867272373400
1	10000	0.1	932	1108408697833752400
1	10000	0.2	932	255175663070024260
1	10000	0.4	932	2129737291923508700
2	1000	0.1	932	1376181886684477400
2	1000	0.2	932	2048941879088332300
2	1000	0.4	932	207648386378176770
2	10000	0.1	932	34997219441018908
2	10000	0.2	932	1486915049074169300
2	10000	0.4	932	2295059055084212200
4	1000	0.1	932	813382067442008300
4	1000	0.2	932	1704438845395230700
4	1000	0.4	932	1612852815312790800
4	10000	0.1	932	528314790899545300
4	10000	0.2	932	2132099601002861e3
4	10000	0.4	932	210264188979581060
0.5	1000	0.1	933	1575933334751128e3
0.5	1000	0.2	933	1217338307522664400
0.5	1000	0.4	933	759012777231274900
0.5	10000	0.1	933	738178852850669e3
0.5	10000	0.2	933	1026267419648488200
0.5	10000	0.4	933	1946879344906541600
1	1000	0.1	933	916415715608668200
1	1000	0.2	933	498329374772229300
1	1000	0.4	933	21340926276790988
1	10000	0.1	933	1071812935316660500
1	10000	0.2	933	480574298761441660
1	10000	0.4	933	1220200739092413400
2	1000	0.1	933	14158775687098454
2	1000	0.2	933	2021054759181767400
2	1000	0.4	933	1983461855440564700
2	10000	0.1	933	1056231663726561300
2	10000	0.2	933	2301412939784973800
2	10000	0.4	933	166250914605368060
4	1000	0.1	933	522451491848908300
4	1000	0.2	933	20203713293297e5
4	1000	0.4	933	2134080901059801e3
4	10000	0.1	933	1824813703943036e3
4	10000	0.2	933	1563138007211784200
4	10000	0.4	933	2099068362580316200
0.5	1000	0.1	934	95169581994287380
0.5	1000	0.2	934	1351896966140005400
0.5	1000	0.4	934	284821530035567230
0.5	10000	0.1	934	210525030239613380
0.5	10000	0.2	934	2225425411025794e3
0.5	10000	0.4	934	912378777366831200
1	1000	0.1	934	691366986707943600
1	1000	0.2	934	227563844322450100
1	1000	0.4	934	900275328135139700
1	10000	0.1	934	1905734328849612500
1	10000	0.2	934	2015932741753992200
1	10000	0.4	934	1999822192100554800
2	1000	0.1	934	2258644691316267800
2	1000	0.2	934	2022970993228502800
2	1000	0.4	934	119315532021648930
2	10000	0.1	934	1859627217966738400
2	10000	0.2	934	1383942723987768300
2	10000	0.4	934	1499328230533323800
4	1000	0.1	934	1657353170059626200
4	1000	0.2	934	1513759190528690200
4	1000	0.4	934	1663919213135931e3
4	10000	0.1	934	91034861627170608
4	10000	0.2	934	800376367087983400
4	10000	0.4	934	921153221636259500
0.5	1000	0.1	935	723031365074048400
0.5	1000	0.2	935	1293322812382344200
0.5	1000	0.4	935	516134899351574300
0.5	10000	0.1	935	976565065854094500
0.5	10000	0.2	935	1053003085701852e3
0.5	10000	0.4	935	565503032887009860
1	1000	0.1	935	2087247101043317200
1	1000	0.2	935	1188461034052223700
1	1000	0.4	935	717691146416280400
1	10000	0.1	935	447849156176206460
1	10000	0.2	935	1169960472888806700
1	10000	0.4	935	705775216242023600
2	1000	0.1	935	95238257174855180
2	1000	0.2	935	1175734998926401500
2	1000	0.4	935	2171551557955548e3
2	10000	0.1	935	1412915751721291500
2	10000	0.2	935	2102891394327268900
2	10000	0.4	935	1924174174082082300
4	1000	0.1	935	1629762728065711400
4	1000	0.2	935	1900207539271566300
4	1000	0.4	935	291575794269674240
4	10000	0.1	935	2073588851634732800
4	10000	0.2	935	683339326062746100
4	10000	0.4	935	376586237594456260
0.5	1000	0.1	936	746960753900702500
0.5	1000	0.2	936	2303767990215828200
0.5	1000	0.4	936	338548430424776450
0.5	10000	0.1	936	53730152447806610
0.5	10000	0.2	936	1385367414102799400
0.5	10000	0.4	936	2210937987549462e3
1	1000	0.1	936	176854438689211330
1	1000	0.2	936	2.7389838607362438e+17
1	1000	0.4	936	2169327278446195e3
1	10000	0.1	936	80152019144289820
1	10000	0.2	936	204451003241800930
1	10000	0.4	936	2245477690991038700
2	1000	0.1	936	2110231890780063200
2	1000	0.2	936	583397968683521500
2	1000	0.4	936	489890625408119700
2	10000	0.1	936	5027521205153581
2	10000	0.2	936	1617686003655238700
2	10000	0.4	936	1219392585948326400
4	1000	0.1	936	1159936115005746700
4	1000	0.2	936	1693976860031245e3
4	1000	0.4	936	320017779958468350
4	10000	0.1	936	1280706387333181200
4	10000	0.2	936	1294388521606373600
4	10000	0.4	936	127482671680955e4
0.5	1000	0.1	937	1370439604317853200
0.5	1000	0.2	937	527408194908957e3
0.5	1000	0.4	937	108389794211677500
0.5	10000	0.1	937	1931771306924573700
0.5	10000	0.2	937	295158027287396900
0.5	10000	0.4	937	462518321716131260
1	1000	0.1	937	8.4271794561623206e+17
1	1000	0.2	937	1692913236038402e3
1	1000	0.4	937	613205263250894e3
1	10000	0.1	937	832429106870099500
1	10000	0.2	937	760492246083721300
1	10000	0.4	937	2261299970587340800
2	1000	0.1	937	1849205698850138e3
2	1000	0.2	937	2019341398372931e3
2	1000	0.4	937	1653623368095769600
2	10000	0.1	937	1721708134484303600
2	10000	0.2	937	735673392760347400
2	10000	0.4	937	2198942731679201e3
4	1000	0.1	937	1591873236857984e3
4	1000	0.2	937	916843421259360300
4	1000	0.4	937	2212449351717233700
4	10000	0.1	937	2085672790720774400
4	10000	0.2	937	709781028584568800
4	10000	0.4	937	1514125870667297800
0.5	1000	0.1	938	953694702796913300
0.5	1000	0.2	938	619787284082688100
0.5	1000	0.4	938	540153307432613200
0.5	10000	0.1	938	359156963653460300
0.5	10000	0.2	938	403229344487149100
0.5	10000	0.4	938	2289726309943905300
1	1000	0.1	938	1477471440167593200
1	1000	0.2	938	1603808449086109200
1	1000	0.4	938	1653861418006555e3
1	10000	0.1	938	2185324951786901800
1	10000	0.2	938	414145315338267700
1	10000	0.4	938	1513804901143099e3
2	1000	0.1	938	51309859830556650
2	1000	0.2	938	1676877923471107800
2	1000	0.4	938	112194546637986770
2	10000	0.1	938	1262203002836294400
2	10000	0.2	938	191545600534774e4
2	10000	0.4	938	2230074434573589e3
4	1000	0.1	938	686690211321589400
4	1000	0.2	938	1532119431274625300
4	1000	0.4	938	1.5932296702486282e+17
4	10000	0.1	938	864382142219895600
4	10000	0.2	938	405870165443024300
4	10000	0.4	938	1861497160251702e3
0.5	1000	0.1	939	58795666864094330
0.5	1000	0.2	939	1688128562865381e3
0.5	1000	0.4	939	658180641669417200
0.5	10000	0.1	939	1432995652799545900
0.5	10000	0.2	939	1638177254793284900
0.5	10000	0.4	939	1361883707353046500
1	1000	0.1	939	1872115060121182700
1	1000	0.2	939	474008429300859260
1	1000	0.4	939	46515883341300400
1	10000	0.1	939	1167965376418685700
1	10000	0.2	939	75055732672344160
1	10000	0.4	939	2.5424299989667002e+17
2	1000	0.1	939	2117599027974423e3
2	1000	0.2	939	554890637967029500
2	1000	0.4	939	1700284476744677e3
2	10000	0.1	939	1363703356401710300
2	10000	0.2	939	553222310378529900
2	10000	0.4	939	1809589585332529200
4	1000	0.1	939	1509492044384778e3
4	1000	0.2	939	1703309327278501400
4	1000	0.4	939	764913922770913300
4	10000	0.1	939	1798901222869977600
4	10000	0.2	939	1840156776004162800
4	10000	0.4	939	831656714072625200
0.5	1000	0.1	940	796355600757741600
0.5	1000	0.2	940	1489387304636559e3
0.5	1000	0.4	940	2.4548224982544118e+17
0.5	10000	0.1	940	89120564332834480
0.5	10000	0.2	940	223117964282339140
0.5	10000	0.4	940	582228971662799200
1	1000	0.1	940	59854048873785464
1	1000	0.2	940	1764393274254672400
1	1000	0.4	940	1385611639934056e3
1	10000	0.1	940	770103214424116e3
1	10000	0.2	940	1799138920336065500
1	10000	0.4	940	1515757999184798200
2	1000	0.1	940	767028872051278600
2	1000	0.2	940	2.1555503495830842e+17
2	1000	0.4	940	1455711449387375400
2	10000	0.1	940	2120280153799136e3
2	10000	0.2	940	342922525360487100
2	10000	0.4	940	688810601961800200
4	1000	0.1	940	388192371220115100
4	1000	0.2	940	1315351763772156e3
4	1000	0.4	940	1454741895678403600
4	10000	0.1	940	1581350242771873800
4	10000	0.2	940	1396827087845883100
4	10000	0.4	940	619406931190194400
0.5	1000	0.1	941	1985665291636677400
0.5	1000	0.2	941	1115294242918841500
0.5	1000	0.4	941	940095939768333200
0.5	10000	0.1	941	751945674754865e3
0.5	10000	0.2	941	2244916633300441900
0.5	10000	0.4	941	1175630115846747100
1	1000	0.1	941	664986929387869700
1	1000	0.2	941	1153876615870214e3
1	1000	0.4	941	1119503718149140400
1	10000	0.1	941	1598737789193932800
1	10000	0.2	941	34539088305172512
1	10000	0.4	941	865037159935796400
2	1000	0.1	941	945600377838142200
2	1000	0.2	941	615373193480795600
2	1000	0.4	941	436117682319274050
2	10000	0.1	941	980149560745605800
2	10000	0.2	941	260000670792340200
2	10000	0.4	941	1348167313717201e3
4	1000	0.1	941	291005343967734460
4	1000	0.2	941	2231724750511028500
4	1000	0.4	941	1905361468680755e3
4	10000	0.1	941	310118265187559300
4	10000	0.2	941	375751821362956100
4	10000	0.4	941	1033974529341518800
0.5	1000	0.1	942	488702640039565200
0.5	1000	0.2	942	1539724370011740400
0.5	1000	0.4	942	1504171421525585400
0.5	10000	0.1	942	96776082841596960
0.5	10000	0.2	942	1034175018746405400
0.5	10000	0.4	942	1618995984533415e3
1	1000	0.1	942	473692316891174e3
1	1000	0.2	942	1530108084501111e3
1	1000	0.4	942	2234667025386354e3
1	10000	0.1	942	413810684853452300
1	10000	0.2	942	890389804673184500
1	10000	0.4	942	1920163651605547500
2	1000	0.1	942	1320377056202349e3
2	1000	0.2	942	942487688395649e3
2	1000	0.4	942	450326123972292200
2	10000	0.1	942	2271444991803256e3
2	10000	0.2	942	1363630338413823e3
2	10000	0.4	942	1198276532632649200
4	1000	0.1	942	1855630095042563800
4	1000	0.2	942	120342414753740030
4	1000	0.4	942	967899514010556300
4	10000	0.1	942	144108112324469300
4	10000	0.2	942	1539444746357028400
4	10000	0.4	942	1957759924939634200
0.5	1000	0.1	943	281101054722629730
0.5	1000	0.2	943	1595315985486562800
0.5	1000	0.4	943	2.2134777953057562e+17
0.5	10000	0.1	943	382247336272766800
0.5	10000	0.2	943	680358121933255300
0.5	10000	0.4	943	655235162102927700
1	1000	0.1	943	1650133458596299800
1	1000	0.2	943	1224811647289824500
1	1000	0.4	943	2061028749911943400
1	10000	0.1	943	207238143317149e3
1	10000	0.2	943	1610070242989785900
1	10000	0.4	943	1890633623201547800
2	1000	0.1	943	427588986459829250
2	1000	0.2	943	830825536363002900
2	1000	0.4	943	679740043785652900
2	10000	0.1	943	1235246966019031300
2	10000	0.2	943	2195245434894942200
2	10000	0.4	943	201455594710947800
4	1000	0.1	943	1747351491224415e3
4	1000	0.2	943	2083724091687914200
4	1000	0.4	943	1263749248970261e3
4	10000	0.1	943	1216105732557334e3
4	10000	0.2	943	656609976153164300
4	10000	0.4	943	266229394240064930
0.5	1000	0.1	944	600016645530595800
0.5	1000	0.2	944	1984849727857018400
0.5	1000	0.4	944	1738742948091670800
0.5	10000	0.1	944	1474960311069036800
0.5	10000	0.2	944	2266178574505825300
0.5	10000	0.4	944	1111852405784869400
1	1000	0.1	944	600270554288447400
1	1000	0.2	944	1786280572003063800
1	1000	0.4	944	46112810840051
1	10000	0.1	944	1384719174590156500
1	10000	0.2	944	2236254515485079300
1	10000	0.4	944	154221872654418080
2	1000	0.1	944	1766359685239143700
2	1000	0.2	944	1171786819006332200
2	1000	0.4	944	622831584691872e3
2	10000	0.1	944	801513046768859100
2	10000	0.2	944	2208294575361214e3
2	10000	0.4	944	2842384893710163
4	1000	0.1	944	1038658775428800600
4	1000	0.2	944	2040726097475394800
4	1000	0.4	944	979594267790276700
4	10000	0.1	944	1238072192474856e3
4	10000	0.2	944	933545116171444200
4	10000	0.4	944	70325732398450984
0.5	1000	0.1	945	739687962246684800
0.5	1000	0.2	945	1256023039752068600
0.5	1000	0.4	945	869879298094852200
0.5	10000	0.1	945	16369550059242872
0.5	10000	0.2	945	1455088594748800500
0.5	10000	0.4	945	31762149852903016
1	1000	0.1	945	1040048333224979500
1	1000	0.2	945	1446035849130155300
1	1000	0.4	945	744017683359135e3
1	10000	0.1	945	1395490846210133800
1	10000	0.2	945	130437734388748750
1	10000	0.4	945	542447155029710200
2	1000	0.1	945	141206413650065220
2	1000	0.2	945	395692611616590300
2	1000	0.4	945	1104832992504570800
2	10000	0.1	945	39017284669341240
2	10000	0.2	945	255978319549601500
2	10000	0.4	945	2070169369594796500
4	1000	0.1	945	1768669686043817e3
4	1000	0.2	945	1875712428461204200
4	1000	0.4	945	636032009200792200
4	10000	0.1	945	2217726840473974800
4	10000	0.2	945	2135020407049778700
4	10000	0.4	945	1647339984446410500
0.5	1000	0.1	946	923594012714641200
0.5	1000	0.2	946	1477766422947563500
0.5	1000	0.4	946	1838860302642593800
0.5	10000	0.1	946	2113897785046724e3
0.5	10000	0.2	946	1949047093812907800
0.5	10000	0.4	946	1686841883957730600
1	1000	0.1	946	518328944465152400
1	1000	0.2	946	2001720308434021e3
1	1000	0.4	946	520466348636754240
1	10000	0.1	946	931285768181204400
1	10000	0.2	946	804673856676911200
1	10000	0.4	946	1814076243072605200
2	1000	0.1	946	972509319332083800
2	1000	0.2	946	788579592650921100
2	1000	0.4	946	586277615686992100
2	10000	0.1	946	968097256203421800
2	10000	0.2	946	925514086651641600
2	10000	0.4	946	464438359895011200
4	1000	0.1	946	346134937342690100
4	1000	0.2	946	966282939853524600
4	1000	0.4	946	551110827273238800
4	10000	0.1	946	1303453157345041700
4	10000	0.2	946	2266157535802481200
4	10000	0.4	946	2222340470541232600
0.5	1000	0.1	947	1573939214127019800
0.5	1000	0.2	947	1225324292457672200
0.5	1000	0.4	947	230540528312383e4
0.5	10000	0.1	947	957761195491829600
0.5	10000	0.2	947	2025076821366383400
0.5	10000	0.4	947	910427619889806600
1	1000	0.1	947	714808720917113300
1	1000	0.2	947	94159908608745660
1	1000	0.4	947	67064531877592190
1	10000	0.1	947	281076218671581440
1	10000	0.2	947	2035657925564961e3
1	10000	0.4	947	1377919928013043700
2	1000	0.1	947	1282204249194859800
2	1000	0.2	947	483607046189293250
2	1000	0.4	947	1025321967850751400
2	10000	0.1	947	1625198707269542100
2	10000	0.2	947	1923581403668201200
2	10000	0.4	947	2146103239873659100
4	1000	0.1	947	142752013557369950
4	1000	0.2	947	1301195924751609900
4	1000	0.4	947	1175090633763638e3
4	10000	0.1	947	2302271064671149e3
4	10000	0.2	947	1945067268294882300
4	10000	0.4	947	7176823805214093
0.5	1000	0.1	948	126826833177938050
0.5	1000	0.2	948	1141876477579498900
0.5	1000	0.4	948	2094016593128691e3
0.5	10000	0.1	948	2167457965959432e3
0.5	10000	0.2	948	218546633747039e4
0.5	10000	0.4	948	565420604801083260
1	1000	0.1	948	1437303219006742500
1	1000	0.2	948	1799566952020135e3
1	1000	0.4	948	706752051349986600
1	10000	0.1	948	289630197030697300
1	10000	0.2	948	1238290338384737800
1	10000	0.4	948	1954517634790413e3
2	1000	0.1	948	1407016180202720800
2	1000	0.2	948	357773207076977150
2	1000	0.4	948	2039734782781034500
2	10000	0.1	948	3.7794854490813517e+17
2	10000	0.2	948	1908547225721407500
2	10000	0.4	948	2127891653680859600
4	1000	0.1	948	194074079408831100
4	1000	0.2	948	547893079685055600
4	1000	0.4	948	932335431496472800
4	10000	0.1	948	1005716592678480100
4	10000	0.2	948	2291398216111829500
4	10000	0.4	948	501140868639507650
0.5	1000	0.1	949	658926161890140200
0.5	1000	0.2	949	820118792205698200
0.5	1000	0.4	949	674037817984980700
0.5	10000	0.1	949	212014511773363300
0.5	10000	0.2	949	720035087220249900
0.5	10000	0.4	949	1057419835304927500
1	1000	0.1	949	2255984801865343500
1	1000	0.2	949	2168349356740508400
1	1000	0.4	949	1731228323090310700
1	10000	0.1	949	316228380089567600
1	10000	0.2	949	47050851606250880
1	10000	0.4	949	1438356812651157800
2	1000	0.1	949	1993244262917561900
2	1000	0.2	949	2151943498964446700
2	1000	0.4	949	1926546411280703700
2	10000	0.1	949	462301877775490750
2	10000	0.2	949	1172929317777339100
2	10000	0.4	949	1288131817087018800
4	1000	0.1	949	1272384304953436700
4	1000	0.2	949	2092944706881864700
4	1000	0.4	949	1679140973496392200
4	10000	0.1	949	33590631132665712
4	10000	0.2	949	1049774188985512800
4	10000	0.4	949	245785559544170900
0.5	1000	0.1	950	65154377177368010
0.5	1000	0.2	950	947137351626928500
0.5	1000	0.4	950	1740343349944994800
0.5	10000	0.1	950	369011958786990500
0.5	10000	0.2	950	399762440387609150
0.5	10000	0.4	950	543132633905088640
1	1000	0.1	950	1083103495702921e3
1	1000	0.2	950	208720005417506e4
1	1000	0.4	950	1663393276020788500
1	10000	0.1	950	20415701717411e5
1	10000	0.2	950	642155962847774200
1	10000	0.4	950	1972364368205397e3
2	1000	0.1	950	843050110731392800
2	1000	0.2	950	1.1328752716363121e+18
2	1000	0.4	950	386807653797440300
2	10000	0.1	950	2108638636768998700
2	10000	0.2	950	16382314742174464
2	10000	0.4	950	2077466535726891800
4	1000	0.1	950	2184881807844627200
4	1000	0.2	950	281057785022373700
4	1000	0.4	950	628112373215376e3
4	10000	0.1	950	477029416209116700
4	10000	0.2	950	3.8863003457839283e+17
4	10000	0.4	950	459359083814064450
0.5	1000	0.1	951	1470842200477540400
0.5	1000	0.2	951	1560383612995697700
0.5	1000	0.4	951	1824474861183907300
0.5	10000	0.1	951	373362087192580740
0.5	10000	0.2	951	796610962307115400
0.5	10000	0.4	951	1945123768265172200
1	1000	0.1	951	2000172709715545900
1	1000	0.2	951	1930086116171312600
1	1000	0.4	951	956915491658988700
1	10000	0.1	951	748313968060532e3
1	10000	0.2	951	520944438374655360
1	10000	0.4	951	1322821879834545700
2	1000	0.1	951	1932232606223546600
2	1000	0.2	951	2238128840141334800
2	1000	0.4	951	867241003107125900
2	10000	0.1	951	1076621039000087200
2	10000	0.2	951	2049220710498511600
2	10000	0.4	951	1108984286801401500
4	1000	0.1	951	2098195236556362500
4	1000	0.2	951	1203779254884801e3
4	1000	0.4	951	166560450051621800
4	10000	0.1	951	1583315739689739500
4	10000	0.2	951	6154360459905059
4	10000	0.4	951	1858271727059320800
0.5	1000	0.1	952	2198779340308746500
0.5	1000	0.2	952	170885307897589e4
0.5	1000	0.4	952	909163207859074e3
0.5	10000	0.1	952	1498342752026260200
0.5	10000	0.2	952	2045176079935651800
0.5	10000	0.4	952	1153149392779771400
1	1000	0.1	952	1344499149429241e3
1	1000	0.2	952	1864872369664987e3
1	1000	0.4	952	1334601796975194600
1	10000	0.1	952	197149944114140700
1	10000	0.2	952	877002231859063800
1	10000	0.4	952	402798392601120600
2	1000	0.1	952	710199600158039700
2	1000	0.2	952	1619073440825171200
2	1000	0.4	952	752149890435501200
2	10000	0.1	952	2137697262232643800
2	10000	0.2	952	1433264411193532200
2	10000	0.4	952	1634331208563280600
4	1000	0.1	952	328511237638176060
4	1000	0.2	952	2056973815255448e3
4	1000	0.4	952	1500800190464093400
4	10000	0.1	952	826694787285052400
4	10000	0.2	952	1935103747425248e3
4	10000	0.4	952	1464113540090004700
0.5	1000	0.1	953	1332517799617096700
0.5	1000	0.2	953	1366254320021669400
0.5	1000	0.4	953	910733784444104800
0.5	10000	0.1	953	148395921174563400
0.5	10000	0.2	953	732518541494584400
0.5	10000	0.4	953	255300589209807900
1	1000	0.1	953	2047487346581461500
1	1000	0.2	953	2085685397292791e3
1	1000	0.4	953	1978002718667481600
1	10000	0.1	953	1777441874319836e3
1	10000	0.2	953	449692037853251e3
1	10000	0.4	953	1166059723233126100
2	1000	0.1	953	777662948083587800
2	1000	0.2	953	711198946534445e3
2	1000	0.4	953	2042455634342181e3
2	10000	0.1	953	1253939665542283500
2	10000	0.2	953	162818774276611840
2	10000	0.4	953	1590983406126315800
4	1000	0.1	953	1332274819806377200
4	1000	0.2	953	49240235723329070
4	1000	0.4	953	545535201107670460
4	10000	0.1	953	620380172493789400
4	10000	0.2	953	2.5708764661910598e+17
4	10000	0.4	953	484822672329961150
0.5	1000	0.1	954	340653506386338700
0.5	1000	0.2	954	1948679599374833700
0.5	1000	0.4	954	1400956489326555e3
0.5	10000	0.1	954	597165715585242900
0.5	10000	0.2	954	1934483462588242200
0.5	10000	0.4	954	1728931499910031400
1	1000	0.1	954	257517556105997440
1	1000	0.2	954	2027331146526730800
1	1000	0.4	954	1016087185670235500
1	10000	0.1	954	50703984001858920
1	10000	0.2	954	803540557345309200
1	10000	0.4	954	1896878397943299800
2	1000	0.1	954	2064519345002021e3
2	1000	0.2	954	623534341690550400
2	1000	0.4	954	230290718253781660
2	10000	0.1	954	636627185030238100
2	10000	0.2	954	644220590955695500
2	10000	0.4	954	1396759472013513200
4	1000	0.1	954	819521723277765600
4	1000	0.2	954	2233340519738251800
4	1000	0.4	954	2184694841175032600
4	10000	0.1	954	1905135971638338600
4	10000	0.2	954	1111320250067975700
4	10000	0.4	954	32675050951213e4
0.5	1000	0.1	955	869026292349289300
0.5	1000	0.2	955	1750668616405627100
0.5	1000	0.4	955	189032504512455900
0.5	10000	0.1	955	2234297139168303400
0.5	10000	0.2	955	373603846485006460
0.5	10000	0.4	955	2009010484517578200
1	1000	0.1	955	1177182837548826600
1	1000	0.2	955	1509587564696669200
1	1000	0.4	955	341236949844928500
1	10000	0.1	955	1410683045863338200
1	10000	0.2	955	1524064357556684800
1	10000	0.4	955	1091634826060802700
2	1000	0.1	955	1432207663096760800
2	1000	0.2	955	1177192537693722e3
2	1000	0.4	955	587472385471343600
2	10000	0.1	955	797241607643289700
2	10000	0.2	955	1880634205047056600
2	10000	0.4	955	4.9629521408811117e+17
4	1000	0.1	955	54220721435302830
4	1000	0.2	955	1269518785283712800
4	1000	0.4	955	337318884270788300
4	10000	0.1	955	2163837585543239700
4	10000	0.2	955	1511006909039324400
4	10000	0.4	955	1074657009880272600
0.5	1000	0.1	956	775107301345743900
0.5	1000	0.2	956	804953914545863800
0.5	1000	0.4	956	2085238867440671200
0.5	10000	0.1	956	1863213614425134600
0.5	10000	0.2	956	1273161370373991200
0.5	10000	0.4	956	1346037711889821e3
1	1000	0.1	956	713705308051293200
1	1000	0.2	956	1665200673943925800
1	1000	0.4	956	1288910956588269600
1	10000	0.1	956	1864240456165305900
1	10000	0.2	956	978310246489079700
1	10000	0.4	956	1587696029027339500
2	1000	0.1	956	1949246473220072e3
2	1000	0.2	956	1210248871487099100
2	1000	0.4	956	1569783897041639e3
2	10000	0.1	956	439170906281097300
2	10000	0.2	956	186452369267040060
2	10000	0.4	956	1529434086641555500
4	1000	0.1	956	1681590261585807e3
4	1000	0.2	956	2020668283493345e3
4	1000	0.4	956	295291947962975400
4	10000	0.1	956	124622805615935250
4	10000	0.2	956	733061957667565600
4	10000	0.4	956	2121225213416335400
0.5	1000	0.1	957	1206734698470675200
0.5	1000	0.2	957	1679614985758754600
0.5	1000	0.4	957	2213129360002602200
0.5	10000	0.1	957	630292794251241100
0.5	10000	0.2	957	677404160439320700
0.5	10000	0.4	957	1596640392390707700
1	1000	0.1	957	669127243200842600
1	1000	0.2	957	1971193506073641200
1	1000	0.4	957	358938326327390500
1	10000	0.1	957	2196057418598457600
1	10000	0.2	957	350108540578657800
1	10000	0.4	957	1253868684523362300
2	1000	0.1	957	1643247040920847e3
2	1000	0.2	957	1736783190959839200
2	1000	0.4	957	743984921157745e3
2	10000	0.1	957	1746578558027515400
2	10000	0.2	957	2001603874311547400
2	10000	0.4	957	1422493093754361300
4	1000	0.1	957	1537722298121341400
4	1000	0.2	957	2279172570177373200
4	1000	0.4	957	2040244763515130400
4	10000	0.1	957	688162702265005e3
4	10000	0.2	957	1242170827131357200
4	10000	0.4	957	1524120893436276700
0.5	1000	0.1	958	1522461755725265700
0.5	1000	0.2	958	1553207691228385300
0.5	1000	0.4	958	649212454718818400
0.5	10000	0.1	958	1532873283824168e3
0.5	10000	0.2	958	1.4319974022566881e+18
0.5	10000	0.4	958	1652846564309731600
1	1000	0.1	958	1815399506361953300
1	1000	0.2	958	1240492262461167400
1	1000	0.4	958	1336198600868577800
1	10000	0.1	958	2042624493614610400
1	10000	0.2	958	570266434616068800
1	10000	0.4	958	469473289505508300
2	1000	0.1	958	906678813010321e3
2	1000	0.2	958	2260790260360252200
2	1000	0.4	958	840001765345977900
2	10000	0.1	958	1104276768098781400
2	10000	0.2	958	1174223073703488e3
2	10000	0.4	958	658636286079344900
4	1000	0.1	958	1413090947351758300
4	1000	0.2	958	1906226400994431500
4	1000	0.4	958	1986673950393538300
4	10000	0.1	958	829957595829967200
4	10000	0.2	958	734868347773094800
4	10000	0.4	958	2133996943805255700
0.5	1000	0.1	959	1045789092295325300
0.5	1000	0.2	959	845835580854874500
0.5	1000	0.4	959	2282009056780081700
0.5	10000	0.1	959	787362593309597600
0.5	10000	0.2	959	485574673643287300
0.5	10000	0.4	959	1825209178027095600
1	1000	0.1	959	1318718205486418e3
1	1000	0.2	959	625880409081689700
1	1000	0.4	959	79447533966405e4
1	10000	0.1	959	1777956110622299600
1	10000	0.2	959	1081169947171821800
1	10000	0.4	959	174206493714968130
2	1000	0.1	959	765300294732343300
2	1000	0.2	959	176981408315978e4
2	1000	0.4	959	177757775502756e3
2	10000	0.1	959	1637444323681835500
2	10000	0.2	959	1355785206678926300
2	10000	0.4	959	2019066387379850500
4	1000	0.1	959	697685832869828400
4	1000	0.2	959	1101196530461885200
4	1000	0.4	959	1766718058961842700
4	10000	0.1	959	2024535780466095600
4	10000	0.2	959	1192213962580394200
4	10000	0.4	959	196571034968575e4
0.5	1000	0.1	960	209371249101011740
0.5	1000	0.2	960	2300738899045843500
0.5	1000	0.4	960	1157772107577199600
0.5	10000	0.1	960	584502825362892900
0.5	10000	0.2	960	1360872945251961900
0.5	10000	0.4	960	2207922856808804e3
1	1000	0.1	960	1728153911228564e3
1	1000	0.2	960	2031065763328537900
1	1000	0.4	960	1036819502337309200
1	10000	0.1	960	1292164578423862300
1	10000	0.2	960	281221083896164640
1	10000	0.4	960	1205756949825241300
2	1000	0.1	960	537302575058886660
2	1000	0.2	960	981732351389937200
2	1000	0.4	960	1.0218060691613939e+17
2	10000	0.1	960	696890349794217700
2	10000	0.2	960	772597379205531600
2	10000	0.4	960	1188645088006015700
4	1000	0.1	960	810196745329162900
4	1000	0.2	960	315366806256986600
4	1000	0.4	960	778540900085094e3
4	10000	0.1	960	535752027906268700
4	10000	0.2	960	911829182554986900
4	10000	0.4	960	2092332824013974800
0.5	1000	0.1	961	1563430877352992e3
0.5	1000	0.2	961	13301616640749700
0.5	1000	0.4	961	142860310364908e4
0.5	10000	0.1	961	1440015694062069800
0.5	10000	0.2	961	1511412311564156e3
0.5	10000	0.4	961	1267157372261180400
1	1000	0.1	961	205045256991446980
1	1000	0.2	961	278461324169624160
1	1000	0.4	961	1680175825506099500
1	10000	0.1	961	2281750822787167700
1	10000	0.2	961	396277704013945800
1	10000	0.4	961	1149211521640059600
2	1000	0.1	961	915501236245515e3
2	1000	0.2	961	2183109326438039e3
2	1000	0.4	961	389739548199493950
2	10000	0.1	961	4.8874688852660397e+17
2	10000	0.2	961	1.7041698140164598e+17
2	10000	0.4	961	454995010503091500
4	1000	0.1	961	1672864429564390400
4	1000	0.2	961	298608001564944500
4	1000	0.4	961	278610372112062880
4	10000	0.1	961	167487573244259520
4	10000	0.2	961	516578004461430500
4	10000	0.4	961	2077175236606737700
0.5	1000	0.1	962	2156870559558260200
0.5	1000	0.2	962	1347266271965704200
0.5	1000	0.4	962	698035961122563700
0.5	10000	0.1	962	105335367045843280
0.5	10000	0.2	962	2218794664853397e3
0.5	10000	0.4	962	971951463415627800
1	1000	0.1	962	2153235792322712600
1	1000	0.2	962	2074595244238652200
1	1000	0.4	962	590355171618300500
1	10000	0.1	962	690660368907984e3
1	10000	0.2	962	2258106937050136e3
1	10000	0.4	962	456801468406201660
2	1000	0.1	962	1284781705545686e3
2	1000	0.2	962	282377132883737e3
2	1000	0.4	962	350691761739439800
2	10000	0.1	962	607199462335697500
2	10000	0.2	962	1911307739749777e3
2	10000	0.4	962	325904734392648e3
4	1000	0.1	962	2241680031871761400
4	1000	0.2	962	312128445056767300
4	1000	0.4	962	2156731839730559700
4	10000	0.1	962	2302405811510632e3
4	10000	0.2	962	2013005538530360800
4	10000	0.4	962	155858434644058500
0.5	1000	0.1	963	1181446741026229200
0.5	1000	0.2	963	770326970166367700
0.5	1000	0.4	963	171326817356437250
0.5	10000	0.1	963	389366609801118660
0.5	10000	0.2	963	1494811593565677600
0.5	10000	0.4	963	143919734568883580
1	1000	0.1	963	1429975912893055e3
1	1000	0.2	963	527621634187121800
1	1000	0.4	963	216649997975749150
1	10000	0.1	963	1523698841294818600
1	10000	0.2	963	2059484585019766800
1	10000	0.4	963	1446461068462985e3
2	1000	0.1	963	15005895520542e4
2	1000	0.2	963	732295323353832200
2	1000	0.4	963	40922107277168264
2	10000	0.1	963	67725340324944096
2	10000	0.2	963	58026840606685530
2	10000	0.4	963	1592801392645730600
4	1000	0.1	963	1987839483481839e3
4	1000	0.2	963	2098758775672652300
4	1000	0.4	963	2108191336321273300
4	10000	0.1	963	1007854680003289e3
4	10000	0.2	963	867916682550071200
4	10000	0.4	963	458692162337351300
0.5	1000	0.1	964	1716660700529930800
0.5	1000	0.2	964	1914702173865385e3
0.5	1000	0.4	964	1709130679525752600
0.5	10000	0.1	964	9.2425034165008794e+17
0.5	10000	0.2	964	2078018654648238e3
0.5	10000	0.4	964	9.6460715124855206e+17
1	1000	0.1	964	1501705064432906800
1	1000	0.2	964	1569601860766877700
1	1000	0.4	964	1085364945577415800
1	10000	0.1	964	822586808958718600
1	10000	0.2	964	1254851812686116400
1	10000	0.4	964	569231395307128500
2	1000	0.1	964	87848077257281408
2	1000	0.2	964	285397270235222460
2	1000	0.4	964	201305811878755550
2	10000	0.1	964	1898491640826284800
2	10000	0.2	964	905423645545425800
2	10000	0.4	964	2024825272040992800
4	1000	0.1	964	592813282188769800
4	1000	0.2	964	183093308876852740
4	1000	0.4	964	1142019102314722400
4	10000	0.1	964	1947867670816505300
4	10000	0.2	964	1319854546065296400
4	10000	0.4	964	694876224317436900
0.5	1000	0.1	965	1368597375794683400
0.5	1000	0.2	965	1239151663500909300
0.5	1000	0.4	965	880246909845930800
0.5	10000	0.1	965	258830205032618460
0.5	10000	0.2	965	108848554292824e4
0.5	10000	0.4	965	1327836899697261e3
1	1000	0.1	965	915662276159444700
1	1000	0.2	965	1418003301486331e3
1	1000	0.4	965	1294806442675985700
1	10000	0.1	965	2003322688863856600
1	10000	0.2	965	1049229525276944900
1	10000	0.4	965	1122234852268269e3
2	1000	0.1	965	325270754157981e3
2	1000	0.2	965	1875988161679337500
2	1000	0.4	965	124056081578042460
2	10000	0.1	965	1312518911679514e3
2	10000	0.2	965	42349437975972490
2	10000	0.4	965	1231204856453291e3
4	1000	0.1	965	1095588112357758700
4	1000	0.2	965	822554908642499700
4	1000	0.4	965	1686401736787844600
4	10000	0.1	965	938465335451356900
4	10000	0.2	965	2287530036080806100
4	10000	0.4	965	849385811502230400
0.5	1000	0.1	966	1294233330861898500
0.5	1000	0.2	966	1981685313782427e3
0.5	1000	0.4	966	46950359000422930
0.5	10000	0.1	966	443745863947222100
0.5	10000	0.2	966	737977237876469200
0.5	10000	0.4	966	1398168866690318800
1	1000	0.1	966	1456129263009767400
1	1000	0.2	966	1322208178471360500
1	1000	0.4	966	307955285143385800
1	10000	0.1	966	1610674339798333e3
1	10000	0.2	966	1978598745089312e3
1	10000	0.4	966	402989309567040060
2	1000	0.1	966	1754164624212666400
2	1000	0.2	966	497565098608432
2	1000	0.4	966	22555201354673400
2	10000	0.1	966	1818594122386398700
2	10000	0.2	966	1350682295739115800
2	10000	0.4	966	1357090641635233e3
4	1000	0.1	966	514120655960712300
4	1000	0.2	966	667160270389288700
4	1000	0.4	966	622544705304064300
4	10000	0.1	966	1816250064219907800
4	10000	0.2	966	1109630953910776600
4	10000	0.4	966	1463688844062207e3
0.5	1000	0.1	967	1273447083122495200
0.5	1000	0.2	967	164931591370702300
0.5	1000	0.4	967	213428541484653920
0.5	10000	0.1	967	1935929063078771700
0.5	10000	0.2	967	1327474006593614e3
0.5	10000	0.4	967	1734379123256959700
1	1000	0.1	967	184578853287174980
1	1000	0.2	967	757181731996762500
1	1000	0.4	967	1009208394824337300
1	10000	0.1	967	1604203788084041200
1	10000	0.2	967	315357257762197950
1	10000	0.4	967	2097053847149470500
2	1000	0.1	967	1576282925596819200
2	1000	0.2	967	1510500409243841300
2	1000	0.4	967	144124073756028500
2	10000	0.1	967	904493268499317400
2	10000	0.2	967	1977459324062726700
2	10000	0.4	967	780291506122249900
4	1000	0.1	967	1658797153414595e3
4	1000	0.2	967	598892175681146900
4	1000	0.4	967	537959056305105300
4	10000	0.1	967	485018661906807400
4	10000	0.2	967	901841739754661e3
4	10000	0.4	967	854098632676449200
0.5	1000	0.1	968	1258223530930175200
0.5	1000	0.2	968	2194444629711908400
0.5	1000	0.4	968	1852578747638715400
0.5	10000	0.1	968	1633902467928939500
0.5	10000	0.2	968	1486482764235545600
0.5	10000	0.4	968	719387182861830300
1	1000	0.1	968	904976139563071200
1	1000	0.2	968	1426987529394123800
1	1000	0.4	968	2028090736926217200
1	10000	0.1	968	443481908898248900
1	10000	0.2	968	2202185989386580200
1	10000	0.4	968	942225476465102500
2	1000	0.1	968	1396306945494591700
2	1000	0.2	968	1128588519388078600
2	1000	0.4	968	2265029288604094500
2	10000	0.1	968	1102720695205844600
2	10000	0.2	968	2.9135023052715283e+17
2	10000	0.4	968	1354614364663341800
4	1000	0.1	968	798722750795049600
4	1000	0.2	968	787957494173524900
4	1000	0.4	968	2183669792658951700
4	10000	0.1	968	359923283799999940
4	10000	0.2	968	1734136206948814e3
4	10000	0.4	968	1936586487693286700
0.5	1000	0.1	969	2295744324695574500
0.5	1000	0.2	969	1255033897617367300
0.5	1000	0.4	969	1470143222119306e3
0.5	10000	0.1	969	1896739109346678800
0.5	10000	0.2	969	3.8214472248537837e+17
0.5	10000	0.4	969	2285096323626744600
1	1000	0.1	969	463060908651583500
1	1000	0.2	969	2138617198016670200
1	1000	0.4	969	833648217528615300
1	10000	0.1	969	580620599722779e3
1	10000	0.2	969	1692099576012964400
1	10000	0.4	969	2126088393588275e3
2	1000	0.1	969	2194979557107295e3
2	1000	0.2	969	1835263384530771200
2	1000	0.4	969	1745854839416152e3
2	10000	0.1	969	913867867251275400
2	10000	0.2	969	198131626263910880
2	10000	0.4	969	480569595022118900
4	1000	0.1	969	563282141597890700
4	1000	0.2	969	1955291810779801900
4	1000	0.4	969	1067926464043574500
4	10000	0.1	969	1795181864895886e3
4	10000	0.2	969	1131477470827545300
4	10000	0.4	969	882282372774846100
0.5	1000	0.1	970	556756317812633e3
0.5	1000	0.2	970	1518139398728005400
0.5	1000	0.4	970	907306927150835200
0.5	10000	0.1	970	462034267133799360
0.5	10000	0.2	970	1293420843548717e3
0.5	10000	0.4	970	1391664459375671600
1	1000	0.1	970	985185818965735800
1	1000	0.2	970	42115851969759784
1	1000	0.4	970	4.7154850267735117e+17
1	10000	0.1	970	6.9490865769501594e+17
1	10000	0.2	970	334656109176431e3
1	10000	0.4	970	3.6663987473014477e+17
2	1000	0.1	970	96606455543710050
2	1000	0.2	970	2009897727844634e3
2	1000	0.4	970	792938954432530400
2	10000	0.1	970	4.7844333928822643e+17
2	10000	0.2	970	2164714560229430800
2	10000	0.4	970	2040443762653773800
4	1000	0.1	970	1478201989554451e3
4	1000	0.2	970	2295849248815541500
4	1000	0.4	970	181396331297843170
4	10000	0.1	970	2159733230107809300
4	10000	0.2	970	2253577999928203500
4	10000	0.4	970	1849872299678311700
0.5	1000	0.1	971	1201943965052704300
0.5	1000	0.2	971	1469910221241426400
0.5	1000	0.4	971	1476320172620815e3
0.5	10000	0.1	971	1626776917121344300
0.5	10000	0.2	971	1826657763446134300
0.5	10000	0.4	971	1090373777396527900
1	1000	0.1	971	19987197532845e5
1	1000	0.2	971	1676525790185818e3
1	1000	0.4	971	803524108819844100
1	10000	0.1	971	591435554130078300
1	10000	0.2	971	261150883500956030
1	10000	0.4	971	2245876404681539600
2	1000	0.1	971	965489963487130200
2	1000	0.2	971	505476421411413500
2	1000	0.4	971	1948786621503687200
2	10000	0.1	971	42104895042804310
2	10000	0.2	971	689056248979302e3
2	10000	0.4	971	1286652946370531800
4	1000	0.1	971	703293720385170600
4	1000	0.2	971	1223654232074399500
4	1000	0.4	971	1106156470343076100
4	10000	0.1	971	1736513440143061e3
4	10000	0.2	971	2066365771162693e3
4	10000	0.4	971	755050549976982900
0.5	1000	0.1	972	426922241192567360
0.5	1000	0.2	972	858066310898888200
0.5	1000	0.4	972	744423650496393100
0.5	10000	0.1	972	1343414236424005600
0.5	10000	0.2	972	515502377116668540
0.5	10000	0.4	972	1281432787044926500
1	1000	0.1	972	220631260567477630
1	1000	0.2	972	1906285503308923400
1	1000	0.4	972	1641364052537453800
1	10000	0.1	972	1707866608544085e3
1	10000	0.2	972	536742328172251700
1	10000	0.4	972	777306678773283600
2	1000	0.1	972	1197524380511641900
2	1000	0.2	972	633938998101793800
2	1000	0.4	972	475567285234789800
2	10000	0.1	972	1324588563583196200
2	10000	0.2	972	255908386558832580
2	10000	0.4	972	150181485992234460
4	1000	0.1	972	1627216791357037800
4	1000	0.2	972	870143094254556700
4	1000	0.4	972	578899084482314400
4	10000	0.1	972	2261764095802031600
4	10000	0.2	972	1341740471151326700
4	10000	0.4	972	3.9025372694102637e+17
0.5	1000	0.1	973	346053276230996900
0.5	1000	0.2	973	1653072116487210500
0.5	1000	0.4	973	1047190355138624100
0.5	10000	0.1	973	1056842296072815500
0.5	10000	0.2	973	150930774260198700
0.5	10000	0.4	973	1997607713830381800
1	1000	0.1	973	2.9623237025770163e+17
1	1000	0.2	973	357892101589570300
1	1000	0.4	973	1186719465645618700
1	10000	0.1	973	2047340330119975700
1	10000	0.2	973	1066138755714881400
1	10000	0.4	973	1430062207046602500
2	1000	0.1	973	1502045232968611800
2	1000	0.2	973	1928783670791887600
2	1000	0.4	973	1426267579318129700
2	10000	0.1	973	1516100405078252800
2	10000	0.2	973	1594983434113411600
2	10000	0.4	973	779440421951956600
4	1000	0.1	973	2157787649489746200
4	1000	0.2	973	223526974246950750
4	1000	0.4	973	1580831991052340700
4	10000	0.1	973	735113966802030200
4	10000	0.2	973	760588051990133e3
4	10000	0.4	973	574875789506274600
0.5	1000	0.1	974	2065586551945183200
0.5	1000	0.2	974	374841447419098800
0.5	1000	0.4	974	1678981857688617e3
0.5	10000	0.1	974	1744892537416672800
0.5	10000	0.2	974	146829496700998500
0.5	10000	0.4	974	1053775830377454700
1	1000	0.1	974	894170709972180600
1	1000	0.2	974	2139848277188955e3
1	1000	0.4	974	1195265087807902700
1	10000	0.1	974	1758860644142910700
1	10000	0.2	974	865396300146465200
1	10000	0.4	974	134264961457761780
2	1000	0.1	974	4.5579708405122637e+17
2	1000	0.2	974	2224653128581783600
2	1000	0.4	974	1845315406425053700
2	10000	0.1	974	1955024898873175e3
2	10000	0.2	974	2169073422721858600
2	10000	0.4	974	1248254520917693e3
4	1000	0.1	974	895096939972552200
4	1000	0.2	974	1304966969030054100
4	1000	0.4	974	2179126963693094e3
4	10000	0.1	974	380797918118628300
4	10000	0.2	974	1089908876481134800
4	10000	0.4	974	2100937311269993500
0.5	1000	0.1	975	1425728408861286700
0.5	1000	0.2	975	1222179418064401e3
0.5	1000	0.4	975	881550466746716700
0.5	10000	0.1	975	712215537437118200
0.5	10000	0.2	975	710650260797405600
0.5	10000	0.4	975	1389641312849848e3
1	1000	0.1	975	1319366351601784800
1	1000	0.2	975	1507581757972220200
1	1000	0.4	975	1478371634707181600
1	10000	0.1	975	49517261242297544
1	10000	0.2	975	2240781382574312400
1	10000	0.4	975	1396036137707404e3
2	1000	0.1	975	54736879799966784
2	1000	0.2	975	2077317647587918e3
2	1000	0.4	975	217308442787896e3
2	10000	0.1	975	719544578737834800
2	10000	0.2	975	1208387454862442e3
2	10000	0.4	975	921344550046838100
4	1000	0.1	975	1328654922210480600
4	1000	0.2	975	853820286082354400
4	1000	0.4	975	1687504572634767400
4	10000	0.1	975	1947418954634187300
4	10000	0.2	975	848033227503037700
4	10000	0.4	975	924197585495655200
0.5	1000	0.1	976	422230730531928960
0.5	1000	0.2	976	1163212807956342300
0.5	1000	0.4	976	1185671373416213800
0.5	10000	0.1	976	826832546609197300
0.5	10000	0.2	976	1158631620063911700
0.5	10000	0.4	976	1164043231615852e3
1	1000	0.1	976	2084725834288555e3
1	1000	0.2	976	469845397186122560
1	1000	0.4	976	638985206894654600
1	10000	0.1	976	1332743367983862e3
1	10000	0.2	976	2047116653144043300
1	10000	0.4	976	2072563884422563600
2	1000	0.1	976	1352481129986995500
2	1000	0.2	976	1620284409650411500
2	1000	0.4	976	1774288444793017600
2	10000	0.1	976	504235588767275e3
2	10000	0.2	976	1997583837656987600
2	10000	0.4	976	161479679911333e4
4	1000	0.1	976	296751793980865800
4	1000	0.2	976	1167525302854537e3
4	1000	0.4	976	45854205649070950
4	10000	0.1	976	891723628822659200
4	10000	0.2	976	1272729128222618600
4	10000	0.4	976	1154310403477764600
0.5	1000	0.1	977	2133274301945940700
0.5	1000	0.2	977	1015820794455061100
0.5	1000	0.4	977	740114769108848800
0.5	10000	0.1	977	210970747856779680
0.5	10000	0.2	977	965891319686565500
0.5	10000	0.4	977	1544048381288457e3
1	1000	0.1	977	319619698215602750
1	1000	0.2	977	3.0338812970000243e+17
1	1000	0.4	977	324626252134420860
1	10000	0.1	977	2141939543187840500
1	10000	0.2	977	390233981214825400
1	10000	0.4	977	2265708689058406700
2	1000	0.1	977	1367185164198003700
2	1000	0.2	977	1636971899547367700
2	1000	0.4	977	18601199801629132
2	10000	0.1	977	1952830387408955e3
2	10000	0.2	977	1073532462680324900
2	10000	0.4	977	1279978689281789e3
4	1000	0.1	977	682315336551841400
4	1000	0.2	977	2128854913113495600
4	1000	0.4	977	638530414663587500
4	10000	0.1	977	1195489970184285200
4	10000	0.2	977	2020076018613835800
4	10000	0.4	977	2039831223110007300
0.5	1000	0.1	978	314857384755287940
0.5	1000	0.2	978	2077097704908091100
0.5	1000	0.4	978	1939913147380817e3
0.5	10000	0.1	978	2157667815630774300
0.5	10000	0.2	978	1025595760472974100
0.5	10000	0.4	978	1934608675961141800
1	1000	0.1	978	162854438988006e4
1	1000	0.2	978	593567482319859e3
1	1000	0.4	978	814703542752596600
1	10000	0.1	978	1035041439491564e3
1	10000	0.2	978	778390130650964600
1	10000	0.4	978	1846695221452141e3
2	1000	0.1	978	2241855173183462e3
2	1000	0.2	978	274242661428824600
2	1000	0.4	978	2123488918786826800
2	10000	0.1	978	139602787182421860
2	10000	0.2	978	159040707673335260
2	10000	0.4	978	1865723368794171e3
4	1000	0.1	978	1550414152915837400
4	1000	0.2	978	1188192631617289e3
4	1000	0.4	978	67482593956249e4
4	10000	0.1	978	1472829806218034e3
4	10000	0.2	978	56828028561488590
4	10000	0.4	978	1845764942408532500
0.5	1000	0.1	979	2235347735656978200
0.5	1000	0.2	979	974552920051766500
0.5	1000	0.4	979	2045966694958220800
0.5	10000	0.1	979	59188903007732050
0.5	10000	0.2	979	594205777349856500
0.5	10000	0.4	979	2154897222038108400
1	1000	0.1	979	87195885995628480
1	1000	0.2	979	1917866068479078100
1	1000	0.4	979	887280375189786600
1	10000	0.1	979	470300459114144200
1	10000	0.2	979	812271171887805400
1	10000	0.4	979	393855616978060500
2	1000	0.1	979	637041303274588e3
2	1000	0.2	979	2083420535080552400
2	1000	0.4	979	2074105758511570200
2	10000	0.1	979	152656890996172e4
2	10000	0.2	979	1080983781725045e3
2	10000	0.4	979	720242655693479300
4	1000	0.1	979	1453501217112393200
4	1000	0.2	979	290243859777701250
4	1000	0.4	979	841426499822769500
4	10000	0.1	979	216903254692722080
4	10000	0.2	979	518007609837900200
4	10000	0.4	979	842519420695753300
0.5	1000	0.1	980	1494608873416921900
0.5	1000	0.2	980	1068744228827129900
0.5	1000	0.4	980	307983369369942140
0.5	10000	0.1	980	2066268473501847600
0.5	10000	0.2	980	734265665713498800
0.5	10000	0.4	980	491843482126328500
1	1000	0.1	980	253649219069981470
1	1000	0.2	980	1167924140613108500
1	1000	0.4	980	1930909081069642200
1	10000	0.1	980	2.1863117458181279e+18
1	10000	0.2	980	1673855153317921e3
1	10000	0.4	980	512291660254494100
2	1000	0.1	980	2224498003822492400
2	1000	0.2	980	2088605473042483e3
2	1000	0.4	980	1100883266329924500
2	10000	0.1	980	840316826930908200
2	10000	0.2	980	565565853338948600
2	10000	0.4	980	1029001979684563e3
4	1000	0.1	980	2024571118833685500
4	1000	0.2	980	2111214682874309400
4	1000	0.4	980	1772911896368642300
4	10000	0.1	980	1124637762706231600
4	10000	0.2	980	1298742774431160800
4	10000	0.4	980	720190256331483900
0.5	1000	0.1	981	1320302243785454300
0.5	1000	0.2	981	2198178161480536600
0.5	1000	0.4	981	1418024146138700300
0.5	10000	0.1	981	1362553026385780200
0.5	10000	0.2	981	347636519407649540
0.5	10000	0.4	981	1292530641562759200
1	1000	0.1	981	618620309990757400
1	1000	0.2	981	888284123044570200
1	1000	0.4	981	1891922389668357600
1	10000	0.1	981	965592901118562700
1	10000	0.2	981	551131457188502400
1	10000	0.4	981	210794295224112320
2	1000	0.1	981	279313825181000960
2	1000	0.2	981	2067549100673742800
2	1000	0.4	981	1328327999741025800
2	10000	0.1	981	2098802396301429500
2	10000	0.2	981	1305982866977314800
2	10000	0.4	981	1388519087145617700
4	1000	0.1	981	1473282587460503e3
4	1000	0.2	981	1934856067735860700
4	1000	0.4	981	1934979276037743e3
4	10000	0.1	981	1367023344853465600
4	10000	0.2	981	1220655537817088e3
4	10000	0.4	981	1404394467484867600
0.5	1000	0.1	982	594068836440676e3
0.5	1000	0.2	982	226005673577481e4
0.5	1000	0.4	982	1840161335420692500
0.5	10000	0.1	982	1703043878484956e3
0.5	10000	0.2	982	1969403899144477400
0.5	10000	0.4	982	1934774878420945700
1	1000	0.1	982	1777117991479844e3
1	1000	0.2	982	1937146233905668600
1	1000	0.4	982	1621386552301273300
1	10000	0.1	982	2285489988875027e3
1	10000	0.2	982	2304024386332265500
1	10000	0.4	982	1195426664509971500
2	1000	0.1	982	868285999439851900
2	1000	0.2	982	549996967508255e3
2	1000	0.4	982	408130104153529660
2	10000	0.1	982	1739053949214084e3
2	10000	0.2	982	838521200153869600
2	10000	0.4	982	1290163532872124700
4	1000	0.1	982	452583890834631500
4	1000	0.2	982	285810817391285860
4	1000	0.4	982	2120807616765862e3
4	10000	0.1	982	2250242369511846700
4	10000	0.2	982	24444028446586776
4	10000	0.4	982	453708111317293e3
0.5	1000	0.1	983	1006806259202339300
0.5	1000	0.2	983	97447036440487140
0.5	1000	0.4	983	1944612843598112800
0.5	10000	0.1	983	133765027544174e4
0.5	10000	0.2	983	1840360892739184600
0.5	10000	0.4	983	1924144326604776400
1	1000	0.1	983	263520709250642720
1	1000	0.2	983	1054237314665722900
1	1000	0.4	983	1945765721610208e3
1	10000	0.1	983	1210808780474653700
1	10000	0.2	983	639004137119335400
1	10000	0.4	983	1343299522245169200
2	1000	0.1	983	1678948744414431700
2	1000	0.2	983	2164603208666436900
2	1000	0.4	983	2124864067869789400
2	10000	0.1	983	12546015527587400
2	10000	0.2	983	2016980749917693400
2	10000	0.4	983	1754498500812114e3
4	1000	0.1	983	472868042332460200
4	1000	0.2	983	741459354809337700
4	1000	0.4	983	1060165857281126100
4	10000	0.1	983	1423266210302998800
4	10000	0.2	983	23746051770320488
4	10000	0.4	983	775443176278932600
0.5	1000	0.1	984	133369000418268e3
0.5	1000	0.2	984	1373101878267948e3
0.5	1000	0.4	984	327846195149127940
0.5	10000	0.1	984	1535097544618277e3
0.5	10000	0.2	984	2298767437041325800
0.5	10000	0.4	984	1162538099071886800
1	1000	0.1	984	299536264351562900
1	1000	0.2	984	1958776462551325200
1	1000	0.4	984	2260878424637845800
1	10000	0.1	984	1850003089909722600
1	10000	0.2	984	3.5980606310567437e+17
1	10000	0.4	984	1014542559602363e3
2	1000	0.1	984	772614104512880800
2	1000	0.2	984	928642770735351700
2	1000	0.4	984	1172353127300379600
2	10000	0.1	984	1078905120713252600
2	10000	0.2	984	1.0837404827982499e+17
2	10000	0.4	984	1706397192341143300
4	1000	0.1	984	1640378246504834800
4	1000	0.2	984	5270670656039127
4	1000	0.4	984	819043860421521e3
4	10000	0.1	984	638682758175102500
4	10000	0.2	984	936006860152697100
4	10000	0.4	984	2238792218537815600
0.5	1000	0.1	985	236734197131066200
0.5	1000	0.2	985	480194613120846660
0.5	1000	0.4	985	1858259298506488300
0.5	10000	0.1	985	165486431873976960
0.5	10000	0.2	985	1061077389443093e3
0.5	10000	0.4	985	652534591839153700
1	1000	0.1	985	1504410536670776e3
1	1000	0.2	985	1017417936694224500
1	1000	0.4	985	550001993749042240
1	10000	0.1	985	1963980585902276e3
1	10000	0.2	985	1008063248100411900
1	10000	0.4	985	604809139907175e3
2	1000	0.1	985	1297020569757247200
2	1000	0.2	985	229480710737642e4
2	1000	0.4	985	1691821431831169300
2	10000	0.1	985	78883673943100020
2	10000	0.2	985	1728615589389682700
2	10000	0.4	985	2007956001722771500
4	1000	0.1	985	2274195910947950300
4	1000	0.2	985	2134548664741545200
4	1000	0.4	985	305679279090408060
4	10000	0.1	985	1919806828483648500
4	10000	0.2	985	2038482980548244500
4	10000	0.4	985	2289609871641281e3
0.5	1000	0.1	986	955008687552622600
0.5	1000	0.2	986	1529720660665956e3
0.5	1000	0.4	986	2305604470288690200
0.5	10000	0.1	986	2086966282106109400
0.5	10000	0.2	986	63255389048340050
0.5	10000	0.4	986	1911862509642323200
1	1000	0.1	986	1881902337870939100
1	1000	0.2	986	798755941680527100
1	1000	0.4	986	445378872154112100
1	10000	0.1	986	1935518601484456400
1	10000	0.2	986	594265850660850700
1	10000	0.4	986	33341845168808268
2	1000	0.1	986	1881426399876609e3
2	1000	0.2	986	587296063013105500
2	1000	0.4	986	165886197677775360
2	10000	0.1	986	91616660403363e4
2	10000	0.2	986	744671134015051400
2	10000	0.4	986	1885948786995386400
4	1000	0.1	986	1148613498562314400
4	1000	0.2	986	1583233465439141e3
4	1000	0.4	986	608713572041319800
4	10000	0.1	986	1303833459854829e3
4	10000	0.2	986	2289919593910733e3
4	10000	0.4	986	904344489814784100
0.5	1000	0.1	987	1307955735260333600
0.5	1000	0.2	987	1782858102150241800
0.5	1000	0.4	987	347020120955602300
0.5	10000	0.1	987	1872983191646097700
0.5	10000	0.2	987	171611056813158e4
0.5	10000	0.4	987	1205157351041246500
1	1000	0.1	987	438704507787042600
1	1000	0.2	987	485054683213842050
1	1000	0.4	987	586669829522749400
1	10000	0.1	987	1060349278349801100
1	10000	0.2	987	2157093966970787300
1	10000	0.4	987	1116110229693210600
2	1000	0.1	987	120312818484262110
2	1000	0.2	987	700545119206912300
2	1000	0.4	987	838485835890035700
2	10000	0.1	987	628162859852567800
2	10000	0.2	987	60683108776319470
2	10000	0.4	987	495240407364778560
4	1000	0.1	987	597729642174979200
4	1000	0.2	987	2055820813427932700
4	1000	0.4	987	1837994778885054700
4	10000	0.1	987	1639858069464012500
4	10000	0.2	987	1254592941003092e3
4	10000	0.4	987	1495210937347257300
0.5	1000	0.1	988	134272011082040830
0.5	1000	0.2	988	1451672007432864300
0.5	1000	0.4	988	459668417295292200
0.5	10000	0.1	988	1575525013050103800
0.5	10000	0.2	988	1772211137383014700
0.5	10000	0.4	988	1272325790895182e3
1	1000	0.1	988	1136651324084609800
1	1000	0.2	988	1335001206207551500
1	1000	0.4	988	1.8849380740127082e+17
1	10000	0.1	988	1803720655083671300
1	10000	0.2	988	12590447735599004
1	10000	0.4	988	803931876855365800
2	1000	0.1	988	1733613447074591200
2	1000	0.2	988	802429179157535900
2	1000	0.4	988	1028305627874910600
2	10000	0.1	988	1951939743729315800
2	10000	0.2	988	2054823953027890200
2	10000	0.4	988	1518489282905040400
4	1000	0.1	988	1231737480181841400
4	1000	0.2	988	1563143905311277600
4	1000	0.4	988	1785849477980299300
4	10000	0.1	988	1517773902142187500
4	10000	0.2	988	1127048927109840900
4	10000	0.4	988	2113743385860635600
0.5	1000	0.1	989	1527129152057017900
0.5	1000	0.2	989	1820892043028255700
0.5	1000	0.4	989	2271072813692801500
0.5	10000	0.1	989	935121702829860400
0.5	10000	0.2	989	1349660967889211100
0.5	10000	0.4	989	1316614826270741500
1	1000	0.1	989	1730871337686286800
1	1000	0.2	989	463294354662549700
1	1000	0.4	989	206234006112037500
1	10000	0.1	989	382705352025411600
1	10000	0.2	989	1570135060023523800
1	10000	0.4	989	1615087714445085400
2	1000	0.1	989	1365606416794727e3
2	1000	0.2	989	312928997121690900
2	1000	0.4	989	973625608688531e3
2	10000	0.1	989	770468054185502800
2	10000	0.2	989	748457731674110200
2	10000	0.4	989	1681351786465346600
4	1000	0.1	989	805238342814582100
4	1000	0.2	989	1637422284160585e3
4	1000	0.4	989	1731159524018553600
4	10000	0.1	989	1030687535221731700
4	10000	0.2	989	2145161858047912400
4	10000	0.4	989	797693447078294100
0.5	1000	0.1	990	1960149032389941500
0.5	1000	0.2	990	1210515344065283600
0.5	1000	0.4	990	66627700319715210
0.5	10000	0.1	990	1792407572042772e3
0.5	10000	0.2	990	1325130721696023300
0.5	10000	0.4	990	973393601226197600
1	1000	0.1	990	1545954207117812500
1	1000	0.2	990	186877885324144830
1	1000	0.4	990	121911869003434980
1	10000	0.1	990	134426052494473470
1	10000	0.2	990	2049003641299275300
1	10000	0.4	990	1685714510143734800
2	1000	0.1	990	965849068156300700
2	1000	0.2	990	85698484271571580
2	1000	0.4	990	2164017590612217900
2	10000	0.1	990	212854009373443840
2	10000	0.2	990	132384486064984620
2	10000	0.4	990	1966416884756285700
4	1000	0.1	990	1128646750748522200
4	1000	0.2	990	644123929613368800
4	1000	0.4	990	2219689502908980200
4	10000	0.1	990	1904058041663548400
4	10000	0.2	990	850956302745940400
4	10000	0.4	990	848381733464228400
0.5	1000	0.1	991	1047232321092130300
0.5	1000	0.2	991	915005101722001800
0.5	1000	0.4	991	1560362948764184600
0.5	10000	0.1	991	5.3976559329482483e+17
0.5	10000	0.2	991	546414933164281300
0.5	10000	0.4	991	1004855328446497800
1	1000	0.1	991	1315616244857661700
1	1000	0.2	991	1130598082462926800
1	1000	0.4	991	867746076600529900
1	10000	0.1	991	1971628159606482e3
1	10000	0.2	991	196965122185656060
1	10000	0.4	991	915313379364466400
2	1000	0.1	991	896921997749481300
2	1000	0.2	991	622750355626529200
2	1000	0.4	991	1259490938417878e3
2	10000	0.1	991	2032940623938645800
2	10000	0.2	991	1918102980291889700
2	10000	0.4	991	2210809750525478100
4	1000	0.1	991	1019152402668420400
4	1000	0.2	991	1896219655451852800
4	1000	0.4	991	1062723603491937400
4	10000	0.1	991	986272113144630900
4	10000	0.2	991	1077040827767421700
4	10000	0.4	991	1757712116048189200
0.5	1000	0.1	992	602596249251811800
0.5	1000	0.2	992	893431660563498500
0.5	1000	0.4	992	42351219063244864
0.5	10000	0.1	992	126236805192884560
0.5	10000	0.2	992	2110791352394491e3
0.5	10000	0.4	992	1263186505242542300
1	1000	0.1	992	1259124009873259300
1	1000	0.2	992	859483667829150100
1	1000	0.4	992	525236419762686400
1	10000	0.1	992	1278906849065603e3
1	10000	0.2	992	1835864168899786e3
1	10000	0.4	992	2265102701347416600
2	1000	0.1	992	644802075414654200
2	1000	0.2	992	1248168605334897700
2	1000	0.4	992	1876421350694877200
2	10000	0.1	992	1164418542817337900
2	10000	0.2	992	945940080914242800
2	10000	0.4	992	2298760058922807e3
4	1000	0.1	992	647594958817283500
4	1000	0.2	992	787609554162115100
4	1000	0.4	992	600483356965486300
4	10000	0.1	992	456804905595068400
4	10000	0.2	992	1506450758487227e3
4	10000	0.4	992	1505974737762686500
0.5	1000	0.1	993	1904130472547649e3
0.5	1000	0.2	993	1377360293042308900
0.5	1000	0.4	993	1293611661885122e3
0.5	10000	0.1	993	1945418096688300800
0.5	10000	0.2	993	92976222343549150
0.5	10000	0.4	993	491153859182494460
1	1000	0.1	993	1855953546875277800
1	1000	0.2	993	1899269406920886300
1	1000	0.4	993	300732862031815100
1	10000	0.1	993	234639713630704260
1	10000	0.2	993	818434385394980900
1	10000	0.4	993	435672073063800500
2	1000	0.1	993	504306322860317200
2	1000	0.2	993	1149103460037598800
2	1000	0.4	993	667294173155045600
2	10000	0.1	993	681295828971791200
2	10000	0.2	993	2224738310369590300
2	10000	0.4	993	2004049296732178400
4	1000	0.1	993	126757176325972e4
4	1000	0.2	993	1060847045633707400
4	1000	0.4	993	1532363288884606700
4	10000	0.1	993	1164170640456334600
4	10000	0.2	993	95145440130823900
4	10000	0.4	993	1337894772167583500
0.5	1000	0.1	994	1852949973565983e3
0.5	1000	0.2	994	401894369512493100
0.5	1000	0.4	994	712883106087816400
0.5	10000	0.1	994	74262935850868300
0.5	10000	0.2	994	140605439085534e4
0.5	10000	0.4	994	1159768122466048500
1	1000	0.1	994	609524114061478300
1	1000	0.2	994	73023471045320380
1	1000	0.4	994	3.5265029629318317e+17
1	10000	0.1	994	342561783644320960
1	10000	0.2	994	1413784355648193e3
1	10000	0.4	994	2303576076900365300
2	1000	0.1	994	1903074349029605400
2	1000	0.2	994	2049652931592391700
2	1000	0.4	994	1718982950212201e3
2	10000	0.1	994	1338017538556168700
2	10000	0.2	994	558885496117499500
2	10000	0.4	994	1698001137337845800
4	1000	0.1	994	900875029731136300
4	1000	0.2	994	432905491464231900
4	1000	0.4	994	136337053569859220
4	10000	0.1	994	591775666029601900
4	10000	0.2	994	1258415683113820200
4	10000	0.4	994	106388328187442620
0.5	1000	0.1	995	223592556115577060
0.5	1000	0.2	995	70100231602132704
0.5	1000	0.4	995	422846671853312600
0.5	10000	0.1	995	1774749694044064e3
0.5	10000	0.2	995	474070579267323300
0.5	10000	0.4	995	139048407948321060
1	1000	0.1	995	939868660420908e3
1	1000	0.2	995	262120929403236500
1	1000	0.4	995	722272370099828e3
1	10000	0.1	995	1255311056550996500
1	10000	0.2	995	348263212220521150
1	10000	0.4	995	677585325009808300
2	1000	0.1	995	138434719579582560
2	1000	0.2	995	218848684053070880
2	1000	0.4	995	116103106857605090
2	10000	0.1	995	1297429651021324800
2	10000	0.2	995	1817161415378642200
2	10000	0.4	995	1434026199414568700
4	1000	0.1	995	2224714194869528300
4	1000	0.2	995	2207945891605596e3
4	1000	0.4	995	1142861696042639500
4	10000	0.1	995	566068210788405200
4	10000	0.2	995	2152507141777463800
4	10000	0.4	995	1379915361880251600
0.5	1000	0.1	996	1601715473025766700
0.5	1000	0.2	996	1047793819899356700
0.5	1000	0.4	996	1157154357449659400
0.5	10000	0.1	996	416308850900994600
0.5	10000	0.2	996	1084777043529026e3
0.5	10000	0.4	996	2004483832550417e3
1	1000	0.1	996	189640158898159070
1	1000	0.2	996	366002087231009500
1	1000	0.4	996	1142966622048370600
1	10000	0.1	996	2262915535917384700
1	10000	0.2	996	1722588400587932e3
1	10000	0.4	996	1789070312231767e3
2	1000	0.1	996	1749905295351353600
2	1000	0.2	996	206875015061686720
2	1000	0.4	996	766202623807318700
2	10000	0.1	996	1755512071835239700
2	10000	0.2	996	2146797675660889300
2	10000	0.4	996	2257499432181178400
4	1000	0.1	996	2057446734953549e3
4	1000	0.2	996	2026454882847720400
4	1000	0.4	996	645945285561550100
4	10000	0.1	996	1324683131627016700
4	10000	0.2	996	1510858907672040700
4	10000	0.4	996	1873645685911516700
0.5	1000	0.1	997	1833957948697327e3
0.5	1000	0.2	997	1594682301431259600
0.5	1000	0.4	997	348934021702484600
0.5	10000	0.1	997	1939711482990835500
0.5	10000	0.2	997	1313389264465545700
0.5	10000	0.4	997	772541382750696300
1	1000	0.1	997	778442284719054600
1	1000	0.2	997	403765631771996400
1	1000	0.4	997	595038179771072800
1	10000	0.1	997	1875571082377798400
1	10000	0.2	997	1410279834930203600
1	10000	0.4	997	1493251016428947500
2	1000	0.1	997	1287664497325135600
2	1000	0.2	997	959587919780782600
2	1000	0.4	997	1808663430336871400
2	10000	0.1	997	362560439881224100
2	10000	0.2	997	405865348198026560
2	10000	0.4	997	654056686250724400
4	1000	0.1	997	624512182724245900
4	1000	0.2	997	1760203290866068e3
4	1000	0.4	997	214663268959633e3
4	10000	0.1	997	2281752500397314300
4	10000	0.2	997	1333799724474684e3
4	10000	0.4	997	248079904363363870
0.5	1000	0.1	998	776308412002623200
0.5	1000	0.2	998	412056734769452160
0.5	1000	0.4	998	973045358937118800
0.5	10000	0.1	998	467425042320323800
0.5	10000	0.2	998	1957191828199332400
0.5	10000	0.4	998	1523699054898298400
1	1000	0.1	998	799525310797479700
1	1000	0.2	998	1198697050612764e3
1	1000	0.4	998	1553534910001609200
1	10000	0.1	998	2133096986654198300
1	10000	0.2	998	1888986502798207500
1	10000	0.4	998	2240687449064519200
2	1000	0.1	998	1189389209588554800
2	1000	0.2	998	83896091405954940
2	1000	0.4	998	249998750006539300
2	10000	0.1	998	217771477571914e4
2	10000	0.2	998	1833913835517402e3
2	10000	0.4	998	1000780900054738200
4	1000	0.1	998	1599216393841036500
4	1000	0.2	998	626582867402329300
4	1000	0.4	998	32589112830156104
4	10000	0.1	998	760734118682457700
4	10000	0.2	998	2077286803026672400
4	10000	0.4	998	337285245800908740
0.5	1000	0.1	999	546521808608246660
0.5	1000	0.2	999	1341173307203636700
0.5	1000	0.4	999	1612504507079375600
0.5	10000	0.1	999	1498077429949031700
0.5	10000	0.2	999	203167291455868580
0.5	10000	0.4	999	437671237945342800
1	1000	0.1	999	1657387201827782100
1	1000	0.2	999	964797640482875800
1	1000	0.4	999	911322245495641e3
1	10000	0.1	999	1998857786204362500
1	10000	0.2	999	1915000157959727600
1	10000	0.4	999	523097029312439360
2	1000	0.1	999	855654620446573e3
2	1000	0.2	999	2238703948807090200
2	1000	0.4	999	863410276760903400
2	10000	0.1	999	570544351065623600
2	10000	0.2	999	465431740695125500
2	10000	0.4	999	608319847252266800
4	1000	0.1	999	1503694269934766300
4	1000	0.2	999	627071016042971800
4	1000	0.4	999	224581394285325e4
4	10000	0.1	999	1235485051789597e3
4	10000	0.2	999	1686702261522268e3
4	10000	0.4	999	36177895390833350
0.5	1000	0.1	1000	633382628182500500
0.5	1000	0.2	1000	2066362193501404200
0.5	1000	0.4	1000	1257302448210990600
0.5	10000	0.1	1000	2242783530559178800
0.5	10000	0.2	1000	2171845084370271200
0.5	10000	0.4	1000	639331922804101800
1	1000	0.1	1000	113741180623026980
1	1000	0.2	1000	1125548835506785800
1	1000	0.4	1000	226546959551621250
1	10000	0.1	1000	903818037651490800
1	10000	0.2	1000	1135742442650241e3
1	10000	0.4	1000	921655213259880700
2	1000	0.1	1000	2080704112641546e3
2	1000	0.2	1000	1452733058936918800
2	1000	0.4	1000	1905448497179100700
2	10000	0.1	1000	1998520014125872600
2	10000	0.2	1000	123650899331175730
2	10000	0.4	1000	715706334621160200
4	1000	0.1	1000	338272845276745540
4	1000	0.2	1000	1915636461878147e3
4	1000	0.4	1000	671319670097196200
4	10000	0.1	1000	1045128542986945500
4	10000	0.2	1000	1836973787401384e3
4	10000	0.4	1000	3.5368268176147437e+17
